<?xml version="1.0" encoding="iso-8859-1"?>
<!-- status of function implementations in Saxon 8.x. Note: some XSLT functions are not currently listed. -->
<conformance>
<functions>
<function>
    <signature>fn:abs(numeric? $srcval) =&gt; numeric?</signature>
    <name>fn:abs</name>
    <arg name="srcval" type="numeric" occurs="?"/>
    <result type="numeric" occurs="?"/>
    <status>y</status>
    <description>Returns the absolute value of a given number.
    Returns the same type as the supplied argument.</description>
</function>
<function>
    <signature>fn:adjust-date-to-timezone($srcval as date?) =&gt; date?</signature>
    <name>fn:adjust-date-to-timezone</name>
    <arg name="srcval" type="xs:date" occurs="?"/>
    <result type="xs:date" occurs="?"/>
    <status>y</status>
    <description/>
</function>
<function>
    <signature>fn:adjust-date-to-timezone($srcval as date?, $timezone as dayTimeDuration) =&gt; date?</signature>
    <name>fn:adjust-date-to-timezone</name>
    <arg name="srcval" type="xs:date" occurs="?"/>
    <arg name="timezone" type="xdt:dayTimeDuration"/>
    <result type="xs:date" occurs="?"/>
    <status>y</status>
    <description/>
</function>
<function>
    <signature>fn:adjust-dateTime-to-timezone($srcval as dateTime?) =&gt; dateTime?</signature>
    <name>fn:adjust-dateTime-to-timezone</name>
    <arg name="srcval" type="xs:dateTime" occurs="?"/>
    <result type="xs:dateTime" occurs="?"/>
    <status>y</status>
    <description/>
</function>
<function>
    <signature>fn:adjust-dateTime-to-timezone($srcval as dateTime?, $timezone as dayTimeDuration) =&gt; dateTime?</signature>
    <name>fn:adjust-dateTime-to-timezone</name>
    <arg name="srcval" type="xs:dateTime" occurs="?"/>
    <arg name="timezone" type="xdt:dayTimeDuration"/>
    <result type="xs:dateTime" occurs="?"/>
    <status>y</status>
    <description/>
</function>
<function>
    <signature>fn:adjust-time-to-timezone($srcval as time?) =&gt; time?</signature>
    <name>fn:adjust-time-to-timezone</name>
    <arg name="srcval" type="xs:time" occurs="?"/>
    <result type="xs:time" occurs="?"/>
    <status>y</status>
    <description/>
</function>
<function>
    <signature>fn:adjust-time-to-timezone($srcval as time?, $timezone as dayTimeDuration) =&gt; time?</signature>
    <name>fn:adjust-time-to-timezone</name>
    <arg name="srcval" type="xs:time" occurs="?"/>
    <arg name="timezone" type="xdt:dayTimeDuration"/>
    <result type="xs:time" occurs="?"/>
    <status>y</status>
    <description/>
</function>
<function>
    <signature>fn:avg(anyAtomicType* $srcval) =&gt; anyAtomicType?</signature>
    <name>fn:avg</name>
    <arg name="srcval" type="xdt:anyAtomicType" occurs="*"/>
    <result type="xdt:anyAtomicType" occurs="?"/>
    <status>Implemented. Changed in 7.4 to return the same type as the argument, when appropriate.
    (For a set of integers, the result is a decimal). Changed in 8.1 to provide the average over
    a sequence of durations.</status>
    <description>Returns the average of a set of numbers or durations</description>
</function>
<function>
    <signature>fn:base-uri() =&gt; string?</signature>
    <name>fn:base-uri</name>
    <result type="xs:string" occurs="?"/>
    <status>Implemented. Note that the semantics of this function have changed completely
    between Saxon 8.0 and Saxon 8.1, reflecting a decision of the Working Groups on 24 August 2004.
    Changed in Saxon 8.2.5 to return an xs:anyURI value rather than an xs:string.</status>
    <description>Returns the base URI of the context node</description>
    <tests><test>reluri17</test></tests>
</function>
<function>
    <signature>fn:base-uri(node $srcval) =&gt; string?</signature>
    <name>fn:base-uri</name>
    <arg name="srcval" type="node()"/>
    <result type="xs:string" occurs="?"/>
    <status>Implemented.
    Changed in Saxon 8.2.5 to return an xs:anyURI value rather than an xs:string.</status>
    <description>Returns the base URI of a given node</description>
    <tests><test>saxon54</test></tests>
</function>
<function>
    <signature>fn:boolean(item* $srcval) =&gt; boolean</signature>
    <name>fn:boolean</name>
    <arg name="srcval" type="item()" occurs="*"/>
    <result type="xs:boolean"/>
    <status>y</status>
    <description>Obtains the effective boolean value of any expression</description>
</function>
<function>
    <signature>fn:ceiling(numeric? $srcval) =&gt; numeric?</signature>
    <name>fn:ceiling</name>
    <arg name="srcval" type="numeric" occurs="?"/>
    <result type="numeric" occurs="?"/>
    <status>y</status>
    <description>Rounds a value towards positive infinity</description>
</function>
<function>
    <signature>fn:codepoint-equal(string? $comparand1, string? $comparand2) =&gt; boolean?</signature>
    <name>fn:compare</name>
    <arg name="comparand1" type="xs:string" occurs="?"/>
    <arg name="comparand2" type="xs:string" occurs="?"/>
    <result type="xs:boolean" occurs="?"/>    
    <status>Implemented in Saxon 8.4</status>
    <description>Compares two strings using the Unicode codepoint collation</description>
</function>
<function>
    <signature>fn:codepoints-to-string(integer* codes) =&gt; string</signature>
    <name>fn:codepoints-to-string</name>
    <arg name="codes" type="xs:integer" occurs="*"/>
    <result type="xs:string"/>
    <status>y</status>
    <description>Converts a sequence of integers representing Unicode characters to the corresponding string</description>
</function>
<function>
    <signature>fn:collection() =&gt; node*</signature>
    <name>fn:collection</name>
    <arg name="srcval" type="xs:string"/>
    <result type="node()" occurs="*"/>
    <status-section><p xmlns="">Saxon implements this function by passing a null URI to the registered 
    <code>CollectionURIResolver</code>. The default <code>CollectionURIResolver</code>
    implementation supplied with the product handles this by returning an empty sequence, 
    but a user-supplied <code>CollectionURIResolver</code> is free to handle this case any way it wishes.</p>
    </status-section>
    <description>Returns the default collection if there is one.</description>
</function>

<function>
    <signature>fn:collection(string $srcval) =&gt; node*</signature>
    <name>fn:collection</name>
    <arg name="srcval" type="xs:string"/>
    <result type="node()" occurs="*"/>
    <status-section><p xmlns="">If a user-defined CollectionURIResolver has been registered, the action
    of this function is entirely user-defined. A resolver may be registered using
the <code>setCollectionResolver()</code> method on the <code>Configuration</code> object, or (in XSLT)
using <code>setAttribute()</code> on the <code>TransformerFactory</code>. The CollectionURIResolver
may be nominated using the -cr option on the command line.    
    The following paragraphs define how the function behaves if the standard
    CollectionURIResolver is used.</p>
    
    
    <p xmlns="">The standard collection URI resolver first tries to interpret the argument as
    a reference to a directory. This treats the collection URI as the URI
of a directory in filestore, and by default returns the result of parsing every file in the directory. Optional
query parameters may be added to the URI: a simple pattern such as <code>select=*.xml</code> restricts
the files to those that match the pattern; and the option <code>recurse=yes</code> causes subdirectories
to be expanded recursively. So, for example, <code>collection("dir?select=*.xml;recurse=yes")</code>
returns the result of parsing all files with extension "xml" in the directory named <code>dir</code> and all
its subdirectories, recursively.</p>

<p xmlns=""><i>The detailed rules for the filter pattern are as follows: the pattern is converted to a regular
expression by prepending "^", appending "$", replacing "." by "\.", and replacing "*" by ".*". The filter then
matches all files whose names match the resulting regular expression. This means that it is possible to use
filters such as <code>*.(xml|xsl)</code>. Note however, that special characters used in the URL may need
to be escaped using the %HH convention: this can be achieved using the escape-uri() function.</i></p>

<p xmlns="">The query parameter <code>validation=strict</code> or <code>validation=lax</code> requests schema
validation of each input document. The values <code>validation=strip</code> or <code>validation=preserve</code>
request no validation. The default is to validate using the default mode set in the configuration.</p>

<p xmlns="">The query parameter <code>strip-space=yes</code> causes stripping of all whitespace-only
text nodes. The default is to strip such nodes only if the relevant option is set in the configuration,
or if requested in the XSLT stylesheet.</p>

<p xmlns="">The query parameter <code>on-error=fail|warning|ignore</code> may be specified to control
the action taken if processing of one of the input files fails (for example, because it is not well-formed or
valid XML).</p>

<p xmlns="">The query parameter <code>parser=full.class.name</code> selects a parser (XMLReader) to be
used to parse the source file. For example, John Cowan's TagSoup parser may be selected by specifying
<code>parser=org.ccil.cowan.tagsoup.Parser</code> (this parses arbitrary ill-formed HTML and presents it
to Saxon as well-formed XML).</p>

<p xmlns="">  If the URI does not identify a directory, it is interpreted as the URI
    of an XML catalogue document containing the URIs of the documents that make up the collection. An
    example of a catalogue is:</p>
    
   <example xmlns=""><![CDATA[<collection>
  <doc href="doc1.xml"/>
  <doc href="doc2.xml"/>
  <doc href="doc3.xml"/>
</collection>]]>
</example>
 

    
    
    </status-section>
    <description>Loads an external collection of nodes identified by the URI of the collection</description>
</function>
<function>
    <signature>fn:compare(string? $comparand1, string? $comparand2) =&gt; integer?</signature>
    <name>fn:compare</name>
    <arg name="comparand1" type="xs:string" occurs="?"/>
    <arg name="comparand2" type="xs:string" occurs="?"/>
    <result type="xs:integer" occurs="?"/>    
    <status>y</status>
    <description>Compares two strings using the default collation</description>
</function>
<function>
    <signature>fn:compare(string? $comparand1, string? $comparand2, string $collation) =&gt; integer?</signature>
    <name>fn:compare</name>
    <arg name="comparand1" type="xs:string" occurs="?"/>
    <arg name="comparand2" type="xs:string" occurs="?"/>
    <arg name="collation" type="xs:string"/>
    <result type="xs:integer" occurs="?"/>    
    <status>y</status>
    <description>Compares two strings using a specified collation</description>
    <see-also>extensions.html#saxon:collation</see-also>
</function>
<function>
    <signature>fn:concat(string $arg1, ...) =&gt; string</signature>
    <name>fn:concat</name>
    <arg name="arg1" type="xdt:anyAtomicType" repeated="yes"/>
    <result type="xs:string"/>    
    <status>y</status>
    <description>Concatenates the string-values of the arguments into a single string</description>
    <notes>Changed in Saxon 8.1 to allow any atomic value as an argument. The value supplied
    is implicitly cast to a string. This change to the specification was agreed by the Working
    Groups on 21 June 2004.</notes>
</function>
<function>
    <signature>fn:contains(string? $operand1, string? $operand2) =&gt; boolean?</signature>
    <name>fn:contains</name>
    <arg name="operand1" type="xs:string" occurs="?"/>
    <arg name="operand2" type="xs:string" occurs="?"/>
    <result type="xs:boolean" occurs="?"/>    
    <status>y</status>
    <description>Returns true if the second string is a substring of the first</description>
</function>
<function>
    <signature>fn:contains(string? $operand1, string? $operand2, string $collation) =&gt; boolean?</signature>
    <name>fn:contains</name>
    <arg name="operand1" type="xs:string" occurs="?"/>
    <arg name="operand2" type="xs:string" occurs="?"/>
    <arg name="collation" type="xs:string"/>
    <result type="xs:boolean" occurs="?"/>    
    <status>y</status>
    <description>Tests whether the second string is a substring of the first.</description>
    <tests><test>str127</test></tests>
</function>
<function>
    <signature>fn:count(item* $srcval) =&gt; integer</signature>
    <name>fn:count</name>
    <arg name="srcval" type="item()" occurs="*"/>
    <result type="xs:integer"/>
    <status>y</status>
    <description>Counts the number of items in a sequence</description>
</function>
<function>
    <signature>xslt:current =&gt; item?</signature>
    <name>xslt:current</name>
    <result type="item()" occurs="?"/>
    <status>y</status>
    <description>Returns the item that was the current item supplied
     on entry to the XPath expression</description>
</function>
<function>
    <signature>fn:current-date() =&gt; date</signature>
    <name>fn:current-date</name>
    <result type="xs:date"/>
    <status>y</status>
    <description>Returns the current date</description>
</function>
<function>
    <signature>fn:current-dateTime() =&gt; dateTime</signature>
    <name>fn:current-dateTime</name>
    <result type="xs:dateTime"/>
    <status>y</status>
    <description>Returns the current date and time</description>
</function>

<function>
    <signature>xslt:current-group() =&gt; item()*</signature>
    <name>xslt:current-group</name>
    <result type="item()" occurs="*"/>
    <status>y</status>
    <description>Returns the contents of the current group selected 
    by <code xmlns="">xsl:for-each-group</code></description>
</function>
<function>
    <signature>xslt:current-grouping-key() =&gt; xdt:anyAtomicType</signature>
    <name>xslt:current-grouping-key</name>
    <result type="xdt:anyAtomicType"/>
    <status>y</status>
    <description>Returns the value that is the grouping key of the current group 
    selected by <code xmlns="">xsl:for-each-group</code></description>
</function>
<function>
    <signature>fn:current-time() =&gt; time</signature>
    <name>fn:current-time</name>
    <result type="xs:time"/>
    <status>y</status>
    <description>Returns the current time</description>
</function>
<function>
    <signature>fn:data(item* $srcval) =&gt; xdt:anyAtomicType*</signature>
    <name>fn:data</name>
    <arg name="srcval" type="item()" occurs="*"/>
    <result type="xdt:anyAtomicType" occurs="*"/>
    <status>y</status>
    <description>Returns the result of atomizing the supplied sequence</description>
</function>
<function>
    <signature>fn:dateTime(date $date, time $time) =&gt; dateTime</signature>
    <name>fn:dateTime</name>
    <arg name="date" type="xs:date"/>
    <arg name="time" type="xs:time"/> 
    <result type="xs:dateTime"/>   
    <status>y</status>
    <description>Combines the given date and time. The result has a timezone if either of the inputs has
    a timezone; if they both have a timezone, then the two timezones must be the same. (This
    function was agreed by the WGs in August 2004, it has not yet been published in a Working Draft).</description>
</function>
<function>
    <signature>fn:deep-equal(item()* $parameter1, item()* $parameter2) =&gt; boolean</signature>
    <name>fn:deep-equal</name>
    <arg name="operand1" type="item()" occurs="*"/>
    <arg name="operand2" type="item()" occurs="*"/> 
    <result type="xs:boolean"/>   
    <status>y</status>
    <description>Compares two sequences for deep equality: the names and contents must be the same,
    but nodes need not have the same identity.</description>
</function>
<function>
    <signature>fn:deep-equal(item()* $parameter1, item()* $parameter2, string $collation) =&gt; boolean</signature>
    <name>fn:deep-equal</name>
    <arg name="operand1" type="item()" occurs="*"/>
    <arg name="operand2" type="item()" occurs="*"/>
    <arg name="collation" type="string"/> 
    <result type="xs:boolean"/>  
    <status>y</status>
    <description>Compares two sequences for deep equality; string values are compared using the named collation;
    nodes are compared for deep equality of names and content.</description>
</function>
<function>
    <signature>fn:default-collation() =&gt; string</signature>
    <name>fn:default-collation</name>
    <result type="xs:string"/>
    <status>Implemented. In Saxon this always returns a value: if no default collation has been
    specified explicitly, it returns the URI of the code-point collation.</status>
    <description>Returns the name of the default collation</description>
</function>
<function>
    <signature>fn:distinct-values( xdt:anyAtomicType* $srcval) =&gt; xdt:anyAtomicType*</signature>
    <name>fn:distinct-values</name>
    <arg name="srcval" type="xdt:anyAtomicType" occurs="*"/>
    <result type="xdt:anyAtomicType" occurs="*"/>  
    <status>y</status>
    <description>Returns the set of distinct values present in a given sequence</description>
</function>
<function>
    <signature>fn:distinct-values( xdt:anyAtomicType* $srcval, string $collation) =&gt; xdt:anyAtomicType*</signature>
    <name>fn:distinct-values</name>
    <arg name="srcval" type="xdt:anyAtomicType" occurs="*"/>
    <arg name="collation" type="string"/>
    <result type="xdt:anyAtomicType" occurs="*"/>  
    <status>y</status>
    <description>Returns the set of distinct values present in a given sequence,
    comparing strings using a named collation.</description>    
</function>
<function>
    <signature>fn:doc(string? $uri) =&gt; document?</signature>
    <name>fn:doc</name>
    <arg name="uri" type="string" occurs="?"/>
    <result type="document-node()" occurs="?"/>
    <status>y</status>
    <description-section><p xmlns="">Loads a document identified by its URI</p>
    <p xmlns="">The way the URI is handled depends on the URIResolver in use. The standard
    URI resolver has an option (set using -p on the command line, or via options on the Configuration
    or TransformerFactory classes) to recognize query parameters in the URI. These are keyword=value
    pairs, separated by semicolons or ampersand characters, giving options for parsing the file located
    via the URI. The options that are recognized are:</p>
    
    <ul xmlns="">
    <li><p>validation=strict|lax|preserve|strip: determines how the input document will be validated.
    The options "strict" and "lax" require Saxon-SA.</p></li>
    <li><p>strip-space=yes|no: determines whether whitespace-only text nodes will be stripped from the
    source document. (Such nodes are stripped if this is requested either using this option, or using
    xsl:strip-space declarations in the stylesheet.)</p></li>
    <li><p>parser=full.class.name: determines the name of the parser (XMLReader) to be used to parse this
    input file. For example, <code>parser=org.ccil.cowan.tagsoup.Parser</code> causes John Cowan's
    TagSoup parser for HTML to be used.</p></li>
    </ul>
    </description-section>
</function>
<function>
    <signature>fn:doc-available(string? $uri) =&gt; boolean</signature>
    <name>fn:doc-available</name>
    <arg name="uri" type="string" occurs="?"/>
    <result type="boolean"/>
    <status>Implemented in Saxon 8.4</status>
    <description>Returns true if a document with the given URI can be successfully loaded, false otherwise.</description>
</function>
<function>
    <signature>xslt:document(item* $srcval1) =&gt; node*</signature>
    <name>xslt:document</name>
    <arg name="uri" type="item" occurs="*"/>
    <result type="node()" occurs="*"/>
    <status>y</status>
    <description>Loads one or more documents identified by their URIs. URIs are handled
    by the URIResolver in the same way as the doc() function.</description>
    <notes>Saxon makes no attempt to determine the media type of the resource
    representation (which is not available from the JAXP URIResolver). Instead, it simply
    assumes text/xml. If the fragment identifier is a valid NCName, it is assumed to be the
    ID of a node in the document, which is then located using the id() function: if no node is
    found, the result is an empty sequence. If the fragment identifier is not a valid NCName,
    it is silently ignored and the document node is returned.</notes>
</function>
<function>
    <signature>xslt:document(item* $srcval1, node* $srcval2) =&gt; node*</signature>
    <name>xslt:document</name>
    <arg name="uri" type="item" occurs="*"/>
    <arg name="base" type="node()" occurs="*"/>
    <result type="node()" occurs="*"/>
    <status>y</status>
    <description>Loads one or more documents identified by their URIs, using the base URI of the
    node given in the second argument to resolve any relative URIs. URIs are handled
    by the URIResolver in the same way as the doc() function.</description>
    <notes>Check the type of the second argument against the latest spec.</notes>
</function>
<function>
    <signature>fn:document-uri(node $srcval) =&gt; string?</signature>
    <name>fn:document-uri</name>
    <arg name="srcval" type="node()"/>
    <result type="string" occurs="?"/>
    <status>Implemented, but not 100% conformant to the specification.</status>
    <description>Returns the URI of a document</description>
    <notes>The function is supported, though not strictly according to the spec.
It is defined only for document nodes (as specified in the data model), and the URI returned is
not guaranteed to be absolute, and is not guaranteed to be capable of retrieving the document using
the <code xmlns="">document</code> function (for example, a value is returned for a temporary tree).</notes>
</function>
<function>
    <name>xslt:element-available</name>
    <arg name="element" type="xs:string"/>
    <result type="xs:boolean"/>
    <status>Implemented. There is a restriction, namely that if the argument value is
    not a compile-time constant, then the function has no information about the names
    of user-defined extension elements, so it will return false if the name of such an
    element is supplied.</status>
    <description>Determines whether a particular instruction (typically, an extension element)
    is available in the context</description>
</function>
<function>
    <signature>fn:empty(item()* $srcval) =&gt; boolean</signature>
    <name>fn:empty</name>
    <arg name="srcval" type="item()" occurs="*"/>
    <result type="xs:boolean"/>
    <status>y</status>
    <description>Returns true if the given sequence is empty</description>
</function>
<function>
    <signature>fn:ends-with(string? $operand1, string? $operand2) =&gt; boolean?</signature>
    <name>fn:ends-with</name>
    <arg name="operand1" type="xs:string" occurs="?"/>
    <arg name="operand2" type="xs:string" occurs="?"/>
    <result type="xs:boolean" occurs="?"/>    
    <status>y</status>
    <description>Returns true if the first string ends with the second string</description>
</function>
<function>
    <signature>fn:ends-with(string? $operand1, string? $operand2, string $collation) =&gt; boolean?</signature>
    <name>fn:ends-with</name>
    <arg name="operand1" type="xs:string" occurs="?"/>
    <arg name="operand2" type="xs:string" occurs="?"/>
    <arg name="collation" type="xs:string"/>
    <result type="xs:boolean" occurs="?"/>    
    <status>y</status>
    <description>Returns true if the first string ends with the second string, when
    compared using the named collation</description>
    <tests><test>str128</test></tests>
</function>
<function>
    <signature>fn:error()</signature>
    <name>fn:error</name>
    <status>y</status>
    <description>Raises an error.</description>
    <tests><test>error223</test></tests>
</function>
<function>
    <signature>fn:error($error as xs:QName?)</signature>
    <name>fn:error</name>
    <status>Saxon allows the first argument to be an empty sequence, treating this as equivalent
    to calling fn:error() with no arguments. The URI part of the QName is currently ignored.</status>
    <description>Raises an error.</description>
</function>
<function>
    <signature>fn:error($error as xs:QName?, $description as xs:string)</signature>
    <name>fn:error</name>
    <status>The URI part of the QName is currently ignored.</status>
    <description>Raises an error.</description>
</function>
<function>
    <signature>fn:error($error as xs:QName?, $description as xs:string, $error-object as item()*)</signature>
    <name>fn:error</name>
    <status>The URI part of the QName is currently ignored. </status>
    <description>Raises an error. The error-object is added to the exception
    that is thrown, and may be retrieved from the calling Java application by means of the method
    XPathException#getErrorObject(). In addition, if the error object is in the form of the error
    document passed by the saxon:try() function to the nominated catch function, then the location
    information is extracted from the error object and added to the exception that is thrown.</description>
</function>
<function>
    <signature>fn:escape-uri(string $uri-part, boolean $escape-reserved) =&gt; string</signature>
    <name>fn:escape-uri</name>
    <arg name="uri-part" type="xs:string"/>
    <arg name="escape-reserved" type="xs:boolean"/>
    <result type="string"/>
    <status>y</status>
    <description>Applies the %HH escaping convention to a URI</description>
    <notes>The escape-uri() function is expected to be superseded in the next
    draft of the specification by two new functions encode-for-uri() and iri-to-uri()
    corresponding to the two values of the second parameter. These replacement functions are
    implemented in Saxon 8.5 but not fully tested.</notes>
</function>
<function>
    <signature>fn:exactly-one($srcval as item*) as item?</signature>
    <name>fn:exactly-one</name>
    <arg name="srcval" type="item()" occurs="*"/>
    <result type="item()" occurs="?"/>
    <status>y</status>
    <description>Checks whether $srcval contains exactly one item; fails if it is empty or contains
    multiple items.</description>
    <tests><test>type040</test><test>type901err</test>
        <test>type902err</test><test>type903err</test><test>type904err</test>
    </tests>    
</function>
<function>
    <signature>fn:exists(item()* $srcval) =&gt; boolean</signature>
    <name>fn:exists</name>
    <arg name="srcval" type="item()" occurs="*"/>
    <result type="xs:boolean"/>
    <status>y</status>
    <description>Returns true if the given sequence is not empty</description>
</function>
<function>
    <signature>fn:expanded-QName( string $paramURI, string $paramLocal) =&gt; QName</signature>
    <name>fn:expanded-QName</name>
    <arg name="paramURI" type="xs:string"/>
    <arg name="paramLocal" type="xs:string"/>
    <result type="xs:QName"/>
    <status>Implemented. This function is now obsolete (it has been renamed fn:QName()), but is
    retained for the time being as a synonym. The second argument may now be a lexical QName,
    and the prefix of the lexical QName is returned in the constructed value, for use if it is converted
    back to a string.</status>
    <description>Constructs a QName value from a URI and local name</description>
    <tests><test>type031</test><test>type032</test></tests>
</function>
<function>
    <signature>fn:false() =&gt; boolean</signature>
    <name>fn:false</name>
    <result type="xs:boolean"/>
    <status>y</status>
    <description>Returns the boolean value false</description>
</function>
<function>
    <signature>fn:floor(numeric? $srcval) =&gt; numeric?</signature>
    <name>fn:floor</name>
    <arg name="srcval" type="numeric" occurs="?"/>
    <result type="numeric" occurs="?"/>
    <status>y</status>
    <description>Rounds a number towards minus infinity</description>
</function>
<function>
    <name>xslt:format-date</name>
    <arg name="value" type="xs:date" occurs="?"/>
    <arg name="picture" type="xs:string"/>
    <arg name="date-format-name" type="xs:string"/>
    <result type="xs:string"/>
    <status>Supported with limitations. The third argument is ignored, the function
    always formats the date for the current locale. Alphabetic forms of numbers (including
    ordinals) are not at present localized.</status>
    <description>Formats a date</description>
</function>
<function>
    <name>xslt:format-date</name>
    <arg name="value" type="xs:date" occurs="?"/>
    <arg name="picture" type="xs:string"/>
    <result type="xs:string"/>
    <status>Supported with limitations. The function
    always formats the date for the current locale. Alphabetic forms of numbers (including
    ordinals) are not at present localized.</status>
    <description>Formats a date</description>
</function>
<function>
    <name>xslt:format-dateTime</name>
    <arg name="value" type="xs:dateTime" occurs="?"/>
    <arg name="picture" type="xs:string"/>
    <arg name="date-format-name" type="xs:string"/>
    <result type="xs:string"/>
    <status>Supported with limitations. The third argument is ignored, the function
    always formats the date for the current locale. Alphabetic forms of numbers (including
    ordinals) are not at present localized.</status>
    <description>Formats a dateTime</description>
</function>
<function>
    <name>xslt:format-dateTime</name>
    <arg name="value" type="xs:dateTime" occurs="?"/>
    <arg name="picture" type="xs:string"/>
    <result type="xs:string"/>
    <status>Supported with limitations. The function
    always formats the date for the current locale. Alphabetic forms of numbers (including
    ordinals) are not at present localized.</status>
    <description>Formats a dateTime</description>
</function>


<function>
    <signature>xslt:format-number(numeric $value, string $picture) =&gt; string</signature>
    <name>xslt:format-number</name>
    <arg name="value" type="xs:double" occurs="?"/>
    <arg name="picture" type="xs:string"/>
    <result type="xs:string"/>
    <status>Implemented. 
		Changed in 8.2 to allow the empty sequence as the first argument; this behaves as
		if NaN were supplied. Changed in 8.2 to handle decimals natively, without first converting
    them to doubles; this means that the full precision can be retained. The
    old implementation based on Java decimal formatting, which had been retained under the
    name format-number-1.0(), is dropped from 8.5</status>
    <description>Formats a number as specified by a picture string, using the default decimal format</description>
</function>
<function>
    <signature>xslt:format-number(numeric $value, string $picture, string $decimal-format) =&gt; string</signature>
    <name>xslt:format-number</name>
    <arg name="value" type="xs:double" occurs="?"/>
    <arg name="picture" type="xs:string"/>
    <arg name="decimal-format" type="xs:string"/>
    <result type="xs:string"/>
    <status>Implemented. See two-argument version of format-number().</status>
    <description>Formats a number as specified by a picture string, using a named decimal format</description>
</function>
<function>
    <name>xslt:format-time</name>
    <arg name="value" type="xs:time" occurs="?"/>
    <arg name="picture" type="xs:string"/>
    <arg name="date-format-name" type="xs:string"/>
    <result type="xs:string"/>
    <status>Supported with limitations. The third argument is ignored, the function
    always formats the time for the current locale. Alphabetic forms of numbers (including
    ordinals) are not at present localized.</status>
    <description>Formats a time</description>
</function>
<function>
    <name>xslt:format-time</name>
    <arg name="value" type="xs:time" occurs="?"/>
    <arg name="picture" type="xs:string"/>
    <result type="xs:string"/>
    <status>Supported with limitations. The function
    always formats the date for the current locale. Alphabetic forms of numbers (including
    ordinals) are not at present localized.</status>
    <description>Formats a time</description>
</function>
<function>
    <name>xslt:function-available</name>
    <arg name="function" type="xs:string"/>
    <result type="xs:boolean"/>
    <status>Implemented. Extended in 8.1 to recognize the names of stylesheet functions,
    constructor functions, and Java extension functions as well as system functions, whether
    or not the first argument is known at compile time.</status>
    <description>Determines whether a particular function is available in the context</description>
</function>
<function>
    <name>xslt:function-available</name>
    <arg name="function" type="xs:string"/>
    <arg name="arity" type="xs:integer"/>
    <result type="xs:boolean"/>
    <status>Implemented in Saxon 7.9. Extended in 8.1 to recognize the names of stylesheet functions,
    constructor functions, and Java extension functions as well as system functions, whether
    or not the first argument is known at compile time.</status>
    <description>Determines whether a particular function is available in the context. The two-argument
    version of the function was added during the Last Call period.</description>
</function>
<function>
    <signature>xslt:generate-id() =&gt; string</signature>
    <name>xslt:generate-id</name>
    <result type="xs:string"/>
    <status>y</status>
    <description>Returns a generated unique identifier of the context node</description>
</function>
<function>
    <signature>xslt:generate-id(node()? $srcval) =&gt; string</signature>
    <name>xslt:generate-id</name>
    <arg name="srcval" type="node()" occurs="?"/>
    <result type="xs:string"/>
    <status>y</status>
    <description>Returns a generated unique identifier of a given node</description>
</function>
<function>
    <signature>fn:day-from-date( date? $srcval) =&gt; integer?</signature>
    <name>fn:day-from-date</name>
    <arg name="srcval" type="xs:date" occurs="?"/>
    <result type="xs:integer" occurs="?"/>
    <status>y</status>
    <description>Extracts the day component of a date value</description>
</function>
<function>
    <signature>fn:day-from-dateTime( dateTime? $srcval) =&gt; integer?</signature>
    <name>fn:day-from-dateTime</name>
    <arg name="srcval" type="xs:dateTime" occurs="?"/>
    <result type="xs:integer" occurs="?"/>
    <status>y</status>
    <description>Extracts the day component of a dateTime value</description>
    
</function>
<function>
    <signature>fn:days-from-duration( dayTimeDuration? $srcval) =&gt; integer?</signature>
    <name>fn:days-from-duration</name>
    <arg name="srcval" type="xdt:dayTimeDuration" occurs="?"/>
    <result type="xs:integer" occurs="?"/>
    <status>y</status>
    <description>Extracts the days component of a dayTimeDuration value</description>
</function>
<function>
    <signature>fn:hours-from-dateTime( dateTime? $srcval) =&gt; integer?</signature>
    <name>fn:hours-from-dateTime</name>
    <arg name="srcval" type="xs:dateTime" occurs="?"/>
    <result type="xs:integer" occurs="?"/>
    <status>y</status>
    <description>Extracts the hour component of a dateTime value</description>
</function>
<function>
    <signature>fn:hours-from-duration( dayTimeDuration? $srcval) =&gt; integer?</signature>
    <name>fn:hours-from-duration</name>
    <arg name="srcval" type="xdt:dayTimeDuration" occurs="?"/>
    <result type="xs:integer" occurs="?"/>
    <status>y</status>
    <description>Extracts the hours component of a dayTimeDuration value</description>
</function>
<function>
    <signature>fn:hours-from-time( time? $srcval) =&gt; integer?</signature>
    <name>fn:hours-from-time</name>
    <arg name="srcval" type="xs:time" occurs="?"/>
    <result type="xs:integer" occurs="?"/>
    <status>y</status>
    <description>Extracts the hours component of a time value. Note that this is
    from the localized value, not the normalized value: for example if the supplied time value
    is 01:23:00+05:00 then the result is 1.</description>
</function>
<function>
    <signature>fn:in-scope-prefixes($element as element()) =&gt; string*</signature>
    <name>fn:in-scope-prefixes</name>
    <arg name="element" type="element()"/>
    <result type="xs:string" occurs="*"/>
    <status>y</status>
    <description>Returns the names of the namespaces that are in scope for an element</description>  
</function>

<function>
    <signature>fn:minutes-from-dateTime( dateTime? $srcval) =&gt; integer?</signature>
    <name>fn:minutes-from-dateTime</name>
    <arg name="srcval" type="xs:dateTime" occurs="?"/>
    <result type="xs:integer" occurs="?"/>
    <status>y</status>
    <description>Extracts the minutes component of a dateTime value</description>
</function>
<function>
    <signature>fn:minutes-from-duration( dayTimeDuration? $srcval) =&gt; integer?</signature>
    <name>fn:minutes-from-duration</name>
    <arg name="srcval" type="xdt:dayTimeDuration" occurs="?"/>
    <result type="xs:integer" occurs="?"/>
    <status>y</status>
    <description>Extracts the minutes component of a dayTimeDuration value</description>
</function>
<function>
    <signature>fn:minutes-from-time( time? $srcval) =&gt; integer?</signature>
    <name>fn:minutes-from-time</name>
    <arg name="srcval" type="xs:time" occurs="?"/>
    <result type="xs:integer" occurs="?"/>
    <status>y</status>
    <description>Extracts the minutes component of a time value</description>
</function>
<function>
    <signature>fn:month-from-date( date? $srcval) =&gt; integer?</signature>
    <name>fn:month-from-date</name>
    <arg name="srcval" type="xs:date" occurs="?"/>
    <result type="xs:integer" occurs="?"/>
    <status>y</status>
    <description>Extracts the month component of a date value</description>
</function>
<function>
    <signature>fn:month-from-dateTime( dateTime? $srcval) =&gt; integer?</signature>
    <name>fn:month-from-dateTime</name>
    <arg name="srcval" type="xs:dateTime" occurs="?"/>
    <result type="xs:integer" occurs="?"/>
    <status>y</status>
    <description>Extracts the month component of a dateTime value</description>
</function>
<function>
    <signature>fn:months-from-duration( yearMonthDuration? $srcval) =&gt; integer?</signature>
    <name>fn:months-from-duration</name>
    <arg name="srcval" type="xdt:yearMonthDuration" occurs="?"/>
    <result type="xs:integer" occurs="?"/>
    <status>y</status>
    <description>Extracts the months component of a yearMonthDuration value</description>
</function>
<function>
    <signature>fn:namespace-uri-from-QName( QName? $srcval) =&gt; anyURI?</signature>
    <name>fn:namespace-uri-from-QName</name>
    <arg name="srcval" type="xs:QName" occurs="?"/>
    <result type="string" occurs="?"/>
    <status>y</status>
    <description>Extracts the namespace URI component of a QName value</description>
</function>
<function>
    <signature>fn:namespace-uri-for-prefix(string? $prefix, element $element) =&gt; string?</signature>
    <name>fn:namespace-uri-for-prefix</name>
    <arg name="prefix" type="xs:string?"/>
    <arg name="element" type="element()"/>
    <result type="string" occurs="?"/>
    <status>y</status>
    <description>Returns the namespace URI corresponding to a given prefix, using
    the namespaces that are in scope for a given element</description>
</function>
<function>
    <signature>fn:nilled( node()? $element) =&gt; boolean?</signature>
    <name>fn:nilled</name>
    <arg name="arg" type="node()" occurs="?"/>
    <result type="boolean" occurs="?"/>
    <status>Implemented in Saxon 8.5</status>
    <description>Returns true if the argument is an element that has the "nilled" property.</description>
</function>
<function>
    <signature>fn:seconds-from-dateTime( dateTime? $srcval) =&gt; decimal?</signature>
    <name>fn:seconds-from-dateTime</name>
    <arg name="srcval" type="xs:dateTime" occurs="?"/>
    <result type="xs:integer" occurs="?"/>
    <status>y</status>
    <description>Extracts the seconds component of a dateTime value</description>
</function>
<function>
    <signature>fn:seconds-from-duration( dayTimeDuration? $srcval) =&gt; decimal?</signature>
    <name>fn:seconds-from-duration</name>
    <arg name="srcval" type="xdt:dayTimeDuration" occurs="?"/>
    <result type="xs:decimal" occurs="?"/>
    <status>y</status>
    <description>Extracts the seconds component of a dayTimeDuration value</description>
</function>
<function>
    <signature>fn:seconds-from-time( time? $srcval) =&gt; decimal?</signature>
    <name>fn:seconds-from-time</name>
    <arg name="srcval" type="xs:time" occurs="?"/>
    <result type="xs:decimal" occurs="?"/>
    <status>y</status>
    <description>Extracts the seconds component of a time value</description>
</function>
<function>
    <signature>fn:timezone-from-date( date? $srcval) =&gt; xdt:dayTimeDuration?</signature>
    <name>fn:timezone-from-date</name>
    <arg name="srcval" type="xs:date" occurs="?"/>
    <result type="xdt:dayTimeDuration" occurs="?"/>
    <status>y</status>
    <description>Extracts the timezone component of a date value</description>
</function>
<function>
    <signature>fn:timezone-from-dateTime( dateTime? $srcval) =&gt; xdt:dayTimeDuration?</signature>
    <name>fn:timezone-from-dateTime</name>
    <arg name="srcval" type="xs:dateTime" occurs="?"/>
    <result type="xdt:dayTimeDuration" occurs="?"/>
    <status>y</status>
    <description>Extracts the timezone component of a dateTime value</description>
    <notes>The old name timezone-from-dateTime is retained as a synonym</notes>    
</function>
<function>
    <signature>fn:timezone-from-time( time? $srcval) =&gt; xdt:dayTimeDuration?</signature>
    <name>fn:timezone-from-time</name>
    <arg name="srcval" type="xs:time" occurs="?"/>
    <result type="xdt:dayTimeDuration" occurs="?"/>
    <status>y</status>
    <description>Extracts the timezone component of a time value</description>
</function>
<function>
    <signature>fn:year-from-date( date? $srcval) =&gt; integer?</signature>
    <name>fn:year-from-date</name>
    <arg name="srcval" type="xs:date" occurs="?"/>
    <result type="xs:integer" occurs="?"/>
    <status>y</status>
    <description>Extracts the year component of a date value</description> 
</function>
<function>
    <signature>fn:year-from-dateTime( dateTime? $srcval) =&gt; integer?</signature>
    <name>fn:year-from-dateTime</name>
    <arg name="srcval" type="xs:dateTime" occurs="?"/>
    <result type="xs:integer" occurs="?"/>
    <status>y</status>
    <description>Extracts the year component of a dateTime value</description>
</function>
<function>
    <signature>fn:years-from-duration( yearMonthDuration? $srcval) =&gt; integer?</signature>
    <name>fn:years-from-duration</name>
    <arg name="srcval" type="xdt:yearMonthDuration" occurs="?"/>
    <result type="xs:integer" occurs="?"/>
    <status>y</status>
    <description>Extracts the years component of a yearMonthDuration value</description>
</function>
<function>
    <signature>fn:id(string* $srcval) =&gt; element*</signature>
    <name>fn:id</name>
    <arg name="srcval" type="xs:string" occurs="*"/>
    <result type="element()" occurs="*"/>
    <status>y</status>
    <description>Finds the elements with given ID attribute values</description>
</function>
<function>
    <signature>fn:id(string* $srcval, node() node) =&gt; element*</signature>
    <name>fn:id</name>
    <arg name="srcval" type="xs:string" occurs="*"/>
    <result type="element()" occurs="*"/>
    <status>y</status>
    <description>Finds the elements with given ID attribute values, within a specified
    document.</description>
</function>
<function>
    <signature>fn:idref(string* $srcval) =&gt; node()*</signature>
    <name>fn:idref</name>
    <arg name="srcval" type="xs:string" occurs="*"/>
    <result type="node()" occurs="*"/>    
    <status>y</status>
    <description>Finds the elements that link to the element with a given ID value.</description>
</function>
<function>
    <signature>fn:idref(string* $srcval, node() $doc) =&gt; node()*</signature>
    <name>fn:idref</name>
    <arg name="srcval" type="xs:string" occurs="*"/>
    <result type="node()" occurs="*"/>    
    <status>y</status>
    <description>Finds the elements that link to the element with a given ID value.</description>
</function>
<function>
    <signature>fn:implicit-timezone() =&gt; dayTimeDuration</signature>
    <name>fn:implicit-timezone</name>
    <result type="xdt:dayTimeDuration"/>
    <status>y</status>
    <description>Returns the implicit timezone. By default, the implicit timezone in Saxon is
    the timezone taken from the system clock at the time the Configuration object is instantiated.
    This ensures that the implicit timezone is known at compile time.</description>
</function>
<function>
    <signature>fn:index-of(xdt:anyAtomicType* $seqParam, xdt:anyAtomicType $srchParam) =&gt; integer*</signature>
    <name>fn:index-of</name>
    <arg name="seqParam" type="xdt:anyAtomicType" occurs="*"/>
    <arg name="srchParam" type="xdt:anyAtomicType"/>  
    <result type="xs:integer" occurs="*"/>  
    <status>y</status>
    <description>Finds the positions of items in a sequence that match the second argument</description>
</function>
<function>
    <signature>fn:index-of(xdt:anyAtomicType* $seqParam, xdt:anyAtomicType $srchParam, string $collation) =&gt; unsignedInt*</signature>
    <name>fn:index-of</name>
    <arg name="seqParam" type="xdt:anyAtomicType" occurs="*"/>
    <arg name="srchParam" type="xdt:anyAtomicType"/>
    <arg name="collation" type="xs:string"/> 
    <result type="xs:integer" occurs="*"/>  
    <status>y</status>
    <description>Finds the positions of items in a sequence that match the second argument, using
    a named collation for the comparison</description>
</function>
<function>
    <signature>fn:insert-before(item()* $target, integer $position, item()* $inserts) =&gt; item*</signature>
    <name>fn:insert-before</name>
    <arg name="target" type="item()" occurs="*"/>
    <arg name="position" type="xs:integer"/>
    <arg name="inserts" type="item()" occurs="*"/> 
    <result type="item()" occurs="*"/>       
    <status>y</status>
    <description>Insert an item into a sequence</description>
</function>
<function>
    <name>xslt:key</name>
	<arg name="key-name" type="xs:string"/>
	<arg name="key-value" type="xdt:anyAtomicType" occurs="*"/>   
	<result type="node()" occurs="*"/>
	<status>y</status>
	<description>Returns the nodes identified by a named key declaration in the stylesheet.</description> 
</function>
<function>
    <name>xslt:key</name>
	<arg name="key-name" type="xs:string"/>
	<arg name="key-value" type="xdt:anyAtomicType" occurs="*"/> 
	<arg name="document" type="node()"/>  
	<result type="node()" occurs="*"/>
	<status>y</status>
	<description>Returns the nodes identified by a named key declaration in the stylesheet.</description>
	<notes>The three-argument version of the key() function is implemented in Saxon 8.1.</notes> 
</function>
<function>
    <signature>fn:lang(string $testlang) =&gt; boolean</signature>
    <name>fn:lang</name>
    <arg name="testlang" type="xs:string" occurs="*"/>
    <result type="xs:boolean"/>  
    <status>y</status>
    <description>Returns true if the xml:lang value for the context node matches the given language</description>
</function>
<function>
    <signature>fn:lang(string $testlang) =&gt; boolean</signature>
    <name>fn:lang</name>
    <arg name="testlang" type="xs:string" occurs="*"/>
    <arg name="node" type="node()"/>
    <result type="xs:boolean"/>  
    <status>y</status>
    <description>Returns true if the xml:lang value for the given node matches the given language</description>
</function>
<function>
    <signature>fn:last() =&gt; integer?</signature>
    <name>fn:last</name>
    <result type="xs:integer"/>  
    <status>y</status>
    <description>Returns the context size (the size of the sequence of items currently being processed)</description>
</function>
<function>
    <signature>fn:local-name() =&gt; string</signature>
    <name>fn:local-name</name>
    <result type="xs:string"/>
    <status>y</status>
    <description>Returns the local part of the name of the context node</description>
</function>
<function>
    <signature>fn:local-name(node? $srcval) =&gt; string</signature>
    <name>fn:local-name</name>
    <arg name="srcval" type="node()" occurs="?"/>
    <result type="xs:string"/>
    <status>y</status>
    <description>Returns the local part of the name of a given node</description>
</function>
<function>
    <signature>fn:local-name-from-QName( QName? $srcval) =&gt; NCName?</signature>
    <name>fn:local-name-from-QName</name>
    <arg name="srcval" type="xs:QName" occurs="?"/>
    <result type="string" occurs="?"/>
    <status>y</status>
    <description>Extracts the local name component of a QName value</description>
 </function>
<function>
    <signature>fn:lower-case(string? $srcval) =&gt; string?</signature>
    <name>fn:lower-case</name>
    <arg name="srcval" type="xs:string" occurs="?"/>
    <result type="xs:string" occurs="?"/>
    <status>y</status>
    <description>Translates characters in a string to lower case</description>
</function>
<function>
    <signature>fn:matches(string? $input, string $pattern) =&gt; boolean?</signature>
    <name>fn:matches</name>
    <arg name="input" type="xs:string" occurs="?"/>
    <arg name="pattern" type="xs:string"/>    
    <result type="xs:boolean" occurs="?"/>
    <status>y</status>
    <description>Returns true if the given string matches the given regular expression</description>
</function>
<function>
    <signature>fn:matches(string? $input, string $pattern, string $flags) =&gt; boolean?</signature>
    <name>fn:matches</name>
    <arg name="input" type="xs:string" occurs="?"/>
    <arg name="pattern" type="xs:string"/> 
    <arg name="flags" type="xs:string"/>        
    <result type="xs:boolean" occurs="?"/>
    <status>y</status>
    <description>Returns true if the given string matches the given regular expression,
    specifying flags to control the way pattern matching is performed</description>    
</function>
<function>
    <signature>fn:max(xdt:anyAtomicType* $srcval) =&gt; xdt:anyAtomicType?</signature>
    <name>fn:max</name>
    <arg name="srcval" type="xdt:anyAtomicType" occurs="*"/>
    <result type="xdt:anyAtomicType" occurs="?"/>
    <status>y</status>
    <description>Returns the highest value in a sequence of comparable items</description>
</function>
<function>
    <signature>fn:max(xdt:anyAtomicType* $srcval, string $collation) =&gt; xdt:anyAtomicType?</signature>
    <name>fn:max</name>
    <arg name="srcval" type="xdt:anyAtomicType" occurs="*"/>
    <arg name="collation" type="xs:string"/>
    <result type="xdt:anyAtomicType" occurs="?"/>
    <status>y</status>
    <description>Returns the highest value in a sequence of strings, using a specified collation to
    perform the comparisons</description>
</function>
<function>
    <signature>fn:min(xdt:anyAtomicType* $srcval) =&gt; xdt:anyAtomicType?</signature>
    <name>fn:min</name>
    <arg name="srcval" type="xdt:anyAtomicType" occurs="*"/>
    <result type="xdt:anyAtomicType" occurs="?"/>
    <status>y</status>
    <description>Returns the lowest value in a sequence of comparable items</description>
</function>
<function>
    <signature>fn:min(xdt:anyAtomicType* $srcval, string $collation) =&gt; xdt:anyAtomicType?</signature>
    <name>fn:min</name>
    <arg name="srcval" type="xdt:anyAtomicType" occurs="*"/>
    <arg name="collation" type="xs:string"/>
    <result type="xdt:anyAtomicType" occurs="?"/>
    <status>y</status>
    <description>Returns the lowest value in a sequence of strings, using a specified collation to
    perform the comparisons</description>    
</function>
<function>
    <signature>fn:name() =&gt; string</signature>
    <name>fn:name</name>
    <result type="xs:string"/>
    <status>y</status>
    <description>Returns the name of the context node, as a string in the lexical form of a QName</description>
</function>
<function>
    <signature>fn:name(node()? $srcval) =&gt; string</signature>
    <name>fn:name</name>
    <arg name="srcval" type="node()" occurs="?"/>
    <result type="xs:string"/>
    <status>y</status>
    <description>Returns the name of a given node, as a string in the lexical form of a QName</description>
</function>
<function>
    <signature>fn:namespace-uri() =&gt; string</signature>
    <name>fn:namespace-uri</name>
    <result type="xs:string"/>
    <status>y</status>
    <description>Returns the namespace URI of the name of the context node</description>
</function>
<function>
    <signature>fn:namespace-uri(node? $srcval) =&gt; string</signature>
    <name>fn:namespace-uri</name>
    <arg name="srcval" type="node()" occurs="?"/>
    <result type="xs:string"/>
    <status>y</status>
    <description>Returns the namespace URI of the name of a given node</description>
</function>
<function>
    <signature>fn:node-name(node $srcval) =&gt; QName?</signature>
    <name>fn:node-name</name>
    <arg name="srcval" type="node()"/>
    <result type="xs:QName" occurs="?"/>
    <status>y</status>
    <description>Returns the name of the given node, as a QName value (that is, a namespace URI plus
    local name)</description>
    <tests><test>nspc44</test></tests>
</function>
<function>
    <signature>fn:normalize-space() =&gt; string?</signature>
    <name>fn:normalize-space</name>
    <result type="xs:string" occurs="?"/>
    <status>y</status>
    <description>Eliminates redundant spaces from the string value of the context item</description>
</function>
<function>
    <signature>fn:normalize-space( string? $srcval) =&gt; string?</signature>
    <name>fn:normalize-space</name>
    <arg name="srcval" type="xs:string" occurs="?"/>
    <result type="xs:string" occurs="?"/>
    <status>y</status>
    <description>Eliminates redundant spaces from a string</description>
</function>
<function>
    <signature>fn:normalize-unicode( string? $srcval) =&gt; string?</signature>
    <name>fn:normalize-unicode</name>
    <arg name="srcval" type="xs:string" occurs="?"/>
    <result type="xs:string" occurs="?"/>
    <status>Implemented in Saxon 8.5.</status>
    <description>Converts a string to Unicode normalized form NFC by modifying the way in which
    combining characters are represented</description>
</function>
<function>
    <signature>fn:normalize-unicode( string? $srcval, string $normalizationForm) =&gt; string?</signature>
    <name>fn:normalize-unicode</name>
    <arg name="srcval" type="xs:string" occurs="?"/>
    <arg name="normalizationForm" type="xs:string"/>
    <result type="xs:string" occurs="?"/>
    <status>Implemented in Saxon 8.5.  The normalization form must be one of
    "NFC", "NFD", "NFKC", or "NFKD" (the value "fully-normalized" is not supported).</status>
    <description>Converts a string to a given Unicode normalized form by modifying the way in which
    combining characters are represented</description>    
</function>
<function>
    <signature>fn:not(item()* $srcval) =&gt; boolean</signature>
    <name>fn:not</name>
    <arg name="srcval" type="item()" occurs="*"/>
    <result type="xs:boolean"/>
    <status>y</status>
    <description>Returns true if the effective boolean value of the argument is false, and vice versa</description>
</function>
<function>
    <signature>fn:number() =&gt; double</signature>
    <name>fn:number</name>
    <result type="xs:double"/>
    <status>y</status>
    <description>Converts the string value of the context node to a number</description>
    <notes>Saxon 7.4 implements some incompatible changes to this function defined in XPath 2.0.
    When given an empty sequence as the argument, the <code xmlns="">number</code> function now returns
    an empty sequence, rather than <code xmlns="">NaN</code>. When given a value that is not a valid
    number, it raises an error rather than returning <code xmlns="">NaN</code>. The strings "INF" and "-INF"
    are recognized as representations of positive and negative infinity.</notes>
</function>
<function>
    <signature>fn:number(item()? $srcval) =&gt; double</signature>
    <name>fn:number</name>
    <arg name="srcval" type="item()" occurs="?"/>
    <result type="xs:double"/>
    <status>y</status>
    <description>Converts the string value of the given node to a number</description>
    <notes>Implementation follows the XPath 1.0 specification. Changed in 7.4 so that if the
    argument is the empty sequence, the result is the empty sequence - this causes some backwards
    compatibility problems.</notes>
</function>
<function>
    <signature>fn:one-or-more($srcval as item*) as item?</signature>
    <name>fn:one-or-more</name>
    <arg name="srcval" type="item()" occurs="*"/>
    <result type="item()" occurs="?"/>
    <status>y</status>
    <description>Tests whether $srcval contains one or more items; fails if it is an empty sequence.</description>
    <tests>
        <test>type040</test><test>type901err</test>
        <test>type902err</test><test>type903err</test><test>type904err</test>
    </tests>
</function>
<function>
    <signature>fn:position() =&gt; integer?</signature>
    <name>fn:position</name>
    <result type="xs:integer"/>  
    <status>y</status>
    <description>Returns the context position (that is, the position of the context item in the sequence
    currenly being processed)</description>
</function>
<function>
    <signature>fn:prefix-from-QName( QName? $srcval) =&gt; string?</signature>
    <name>fn:prefix-from-QName</name>
    <arg name="srcval" type="xs:QName" occurs="?"/>
    <result type="string" occurs="?"/>
    <status>y</status>
    <description>Extracts the prefix component of a QName value</description>
    <notes>The WGs agreed to add this function on 19 January 2005. The implementation
    anticipates publication of the specification. Need to check whether the return type
    is string or NCName.</notes>     
</function>
<function>
    <signature>fn:QName( string $paramURI, string $paramLocal) =&gt; QName</signature>
    <name>fn:QName</name>
    <arg name="paramURI" type="xs:string"/>
    <arg name="paramLocal" type="xs:string"/>
    <result type="xs:QName"/>
    <status>Implemented. This function replaces the old fn:expanded-QName(), which is
    retained for the time being as a synonym. The second argument may now be a lexical QName,
    and the prefix of the lexical QName is returned in the constructed value, for use if it is converted
    back to a string.</status>
    <description>Constructs a QName value from a URI and local name</description>
    <tests><test>type031</test><test>type032</test></tests>
</function>
<function>
    <name>xslt:regex-group</name>
    <arg name="groupNumber" type="xs:integer"/>
    <result type="xs:string"/>
    <status>y</status>
    <description>Returns the contents of the substring that matched the n'th
    subexpression in a regular expression processed using <code xmlns="">xsl:analyze-string</code></description>
</function>
<function>
    <signature>fn:remove(item* $target, integer $position) =&gt; item*</signature>
    <name>fn:remove</name>
    <arg name="target" type="item()" occurs="*"/>
    <arg name="position" type="xs:integer"/>
    <result type="item()" occurs="*"/>
    <status>y</status>
    <description>Removes the item at a given position in a sequence</description>
</function>
<function>
    <signature>fn:replace(string? $input, string $pattern, string $replacement) =&gt; string?</signature>
    <name>fn:replace</name>
    <arg name="input" type="xs:string" occurs="?"/>
    <arg name="pattern" type="xs:string"/> 
    <arg name="replacement" type="xs:string"/>        
    <result type="xs:string" occurs="?"/>
    <status>y</status>
    <description>Replaces sequences of characters within a string that match a given regular expression</description> 
</function>
<function>
    <signature>fn:replace(string? $input, string? $pattern, string? $replacement, string? $flags) =&gt; string?</signature>
    <name>fn:replace</name>
    <arg name="input" type="xs:string" occurs="?"/>
    <arg name="pattern" type="xs:string"/> 
    <arg name="replacement" type="xs:string"/>         
    <arg name="flags" type="xs:string"/>        
    <result type="xs:string" occurs="?"/>
    <status>y</status>
    <description>Replaces sequences of characters within a string that match a given regular expression,
    specifying flags to control the way the regular expression is matched</description> 
</function>
<function>
    <signature>fn:resolve-QName($qname as xs:string, $element as element) as xs:QName</signature>
    <name>fn:resolve-QName</name>
    <arg name="qname" type="xs:string" occurs="?"/>
    <arg name="element" type="element()"/>
    <result type="xs:QName" occurs="?"/>    
    <status>Implemented. Changed in 8.2 to return an empty sequence when the first argument is an
    empty sequence.</status>
    <description>Expands a lexical QName using the in-scope namespaces from the given element</description>
</function>
<function>
    <signature>fn:resolve-uri(string $relative) =&gt; string</signature>
    <name>fn:resolve-uri</name>
    <arg name="relative" type="xs:string"/>
    <result type="xs:string"/>    
    <status>y</status>
    <description>Resolves a relative URI against the base URI from the static context</description>
</function>
<function>
    <signature>fn:resolve-uri(string $relative, string $base) =&gt; string</signature>
    <name>fn:resolve-uri</name>
    <arg name="relative" type="xs:string"/>
    <arg name="base" type="xs:string"/>
    <result type="xs:string"/>    
    <status>y</status>
    <description>Resolves a relative URI against a given base URI</description>
</function>
<function>
    <signature>fn:reverse($srcval as item()*) =&gt; item()?</signature>
    <name>fn:reverse</name>
    <arg name="srcval" type="item()" occurs="*"/>
    <result type="item()" occurs="*"/>
    <status>y</status>
    <description>Reverses the order of the items in the input sequence.</description>
</function>
<function>
    <signature>fn:root() =&gt; node</signature>
    <name>fn:root</name>
    <result type="node()"/>
    <status>y</status>
    <description>Returns the root node (typically but not necessarily a document node) 
    of the tree containing the context node</description>
    <tests><test>axes056</test></tests>
</function>
<function>
    <signature>fn:root(node $srcval) =&gt; node</signature>
    <name>fn:root</name>
    <arg name="srcval" type="node()"/>
    <result type="node()"/>
    <status>y</status>
    <description>Returns the root node (typically but not necessarily a document node) 
    of the tree containing the given node</description>
</function>
<function>
    <signature>fn:round(numeric? $srcval) =&gt; numeric?</signature>
    <name>fn:round</name>
    <arg name="srcval" type="numeric" occurs="?"/>
    <result type="numeric" occurs="?"/>
    <status>y</status>
    <description>Rounds a numeric value to the nearest whole number, rounding x.5 towards
    positive infinity.</description>
</function>
<function>
    <signature>fn:round-half-to-even(numeric? $srcval) =&gt; numeric?</signature>
    <name>fn:round-half-to-even</name>
    <arg name="srcval" type="numeric" occurs="?"/>
    <result type="numeric" occurs="?"/>
    <status>y</status>
    <description>Rounds a numeric value to the nearest whole number, rounding x.5 towards
    the nearest even number.</description>
</function>
<function>
    <signature>fn:round-half-to-even(numeric? $srcval, integer $precision) =&gt; numeric?</signature>
    <name>fn:round-half-to-even</name>
    <arg name="srcval" type="numeric" occurs="?"/>
    <arg name="precision" type="xs:integer"/>
    <result type="numeric" occurs="?"/>
    <status>y</status>
    <description>Rounds a numeric value to the nearest integer multiple of 10 the power of minus precision, 
    rounding x.5 towards the nearest number whose last digit is even.</description>
    <notes>In the case of doubles and floats, rounding errors may occur giving unexpected effects.</notes>    
</function>
<function>
    <signature>fn:starts-with(string? $operand1, string? $operand2) =&gt; boolean?</signature>
    <name>fn:starts-with</name>
    <arg name="operand1" type="xs:string" occurs="?"/>
    <arg name="operand2" type="xs:string" occurs="?"/>
    <result type="xs:boolean" occurs="?"/>    
    <status>y</status>
    <description>Tests whether one string starts with another string</description>
</function>
<function>
    <signature>fn:starts-with(string? $operand1, string? $operand2, string $collation) =&gt; boolean?</signature>
    <name>fn:starts-with</name>
    <arg name="operand1" type="xs:string" occurs="?"/>
    <arg name="operand2" type="xs:string" occurs="?"/>
    <arg name="collation" type="xs:string"/>
    <result type="xs:boolean" occurs="?"/>    
    <status>y</status>
    <description>Tests whether one string starts with another string, using the given
    collation for comparison</description>
    <tests><test>str126</test></tests>
</function>
<function>
    <signature>fn:static-base-uri() =&gt; string?</signature>
    <name>fn:static-base-uri</name>
    <result type="xs:string" occurs="?"/>
    <status>y</status>
    <description>Returns the base URI of the static context</description>
    <tests><test>reluri12</test><test>reluri13</test></tests>
</function>
<function>
    <signature>fn:string() =&gt; string</signature>
    <name>fn:string</name>
    <result type="xs:string"/>
    <status>y</status>
    <description>Returns the string value of the context node</description>
</function>
<function>
    <signature>fn:string(item()? $srcval) =&gt; string</signature>
    <name>fn:string</name>
    <arg name="srcval" type="item()" occurs="?"/>
    <result type="xs:string"/>
    <status>y</status>
    <description>Returns the string value of the argument. Saxon implements the argument as
    type item()* rather than item()?</description>
</function>
<function>
    <signature>fn:string-join(string* $sequence, string $separator) =&gt; string</signature>
    <name>fn:string-join</name>
    <arg name="sequence" type="xs:string" occurs="*"/>
    <arg name="separator" type="xs:string"/>
    <result type="xs:string"/>
    <status>y</status>
    <description>Concatenates all the strings in the given sequence, separated by the given separator</description>
</function>
<function>
    <signature>fn:string-length() =&gt; integer?</signature>
    <name>fn:string-length</name>
    <result type="xs:integer" occurs="?"/>
    <status>Implemented. Changed in 8.2 to return the length of the string value of the context item,
    not the length of the typed value.</status>
    <description>Returns the number of characters in the string value of the context node</description>
</function>
<function>
    <signature>fn:string-length(string? $srcval) =&gt; integer?</signature>
    <name>fn:string-length</name>
    <arg name="srcval" type="xs:string" occurs="?"/>
    <result type="xs:integer" occurs="?"/>
    <status>y</status>
    <description>Returns the number of characters in the given string</description>
</function>
<function>
    <signature>fn:string-to-codepoints(string $srcval) =&gt; integer*</signature>
    <name>fn:string-to-codepoints</name>
    <arg name="srcval" type="xs:string"/>
    <result type="xs:integer" occurs="*"/>
    <status>y</status>
    <description>Returns a sequence of integers representing the Unicode codepoints of the 
    characters in the supplied string</description>
</function>
<function>
    <signature>fn:subsequence(item()* $sourceSeq, double $startingLoc) =&gt; item()*</signature>
    <name>fn:subsequence</name>
    <arg name="sourceSeq" type="item()" occurs="*"/>
    <arg name="startingLoc" type="xs:double"/>
    <result type="item()" occurs="*"/>
    <status>y</status>
    <description>Returns those items in the given sequence from the given starting position
    to the end of the sequence</description>
</function>
<function>
    <signature>fn:subsequence(item()* $sourceSeq, double $startingLoc, double $length) =&gt; item*</signature>
    <name>fn:subsequence</name>
    <arg name="sourceSeq" type="item()" occurs="*"/>
    <arg name="startingLoc" type="xs:double"/>
    <arg name="length" type="xs:double"/>    
    <result type="item()" occurs="*"/>
    <status>y</status>
    <description>Returns those items in the given sequence from the given starting position
    up to the position implied by the given length</description>
</function>
<function>
    <signature>fn:substring(string? $sourceString, double $startingLoc) =&gt; string?</signature>
    <name>fn:substring</name>
    <arg name="sourceString" type="xs:string" occurs="?"/>
    <arg name="startingLoc" type="xs:double"/>
    <result type="xs:string" occurs="?"/>   
    <status>y</status>
    <description>Returns a substring of a given string starting at the given starting position
    and continuing to the end of the string</description>
</function>
<function>
    <signature>fn:substring(string? $sourceString, double $startingLoc, double $length) =&gt; string?</signature>
    <name>fn:substring</name>
    <arg name="sourceString" type="xs:string" occurs="?"/>
    <arg name="startingLoc" type="xs:double"/>
    <arg name="length" type="xs:double"/>    
    <result type="xs:string" occurs="?"/>   
    <status>y</status>
    <description>Returns a subtring of a given string, starting at a given position and
    continuing up to a given length</description>
</function>
<function>
    <signature>fn:substring-after( string? $operand1, string? $operand2) =&gt; string?</signature>
    <name>fn:substring-after</name>
    <arg name="operand1" type="xs:string" occurs="?"/>
    <arg name="operand2" type="xs:string" occurs="?"/>
    <result type="xs:string" occurs="?"/>    
    <status>y</status>
    <description>Returns that part of the given input string that occurs after the first occurrence
    of the string given in $operand2</description>
</function>
<function>
    <signature>fn:substring-after( string? $operand1, string? $operand2, string $collation) =&gt; string?</signature>
    <name>fn:substring-after</name>
    <arg name="operand1" type="xs:string" occurs="?"/>
    <arg name="operand2" type="xs:string" occurs="?"/>
    <arg name="collation" type="xs:string"/>
    <result type="xs:string" occurs="?"/>  
    <status>y</status>
    <description>Returns that part of the given input string that occurs after the first occurrence
    of the string given in $operand2, using the given collation to compare strings</description>
</function>
<function>
    <signature>fn:substring-before( string? $operand1, string? $operand2) =&gt; string?</signature>
    <name>fn:substring-before</name>
    <arg name="operand1" type="xs:string" occurs="?"/>
    <arg name="operand2" type="xs:string" occurs="?"/>
    <result type="xs:string" occurs="?"/>  
    <status>y</status>
    <description>Returns that part of the given input string that occurs before the first occurrence
    of the string given in $operand2</description>
</function>
<function>
    <signature>fn:substring-before( string? $operand1, string? $operand2, anyURI $collation) =&gt; string?</signature>
    <name>fn:substring-before</name>
    <arg name="operand1" type="xs:string" occurs="?"/>
    <arg name="operand2" type="xs:string" occurs="?"/>
    <arg name="collation" type="xs:string"/>
    <result type="xs:string" occurs="?"/>  
    <status>y</status>
    <description>Returns that part of the given input string that occurs before the first occurrence
    of the string given in $operand2, using the given collation to compare strings</description>    
</function>
<function>
    <signature>fn:sum($srcval as xdt:anyAtomicType*) =&gt; xdt:anyAtomicType?</signature>
    <name>fn:sum</name>
    <arg name="arg" type="xdt:anyAtomicType" occurs="*"/>
    <result type="xdt:anyAtomicType"/>
    <status>y</status>
    <description>Returns the total of a sequence of numbers or durations</description>
</function>
<function>
    <signature>fn:sum($srcval as xdt:anyAtomicType*, $zero as xdt:anyAtomicType?) =&gt; xdt:anyAtomicType?</signature>
    <name>fn:sum</name>
    <arg name="arg" type="xdt:anyAtomicType" occurs="*"/>
    <arg name="zero" type="xdt:anyAtomicType" occurs="?"/>    
    <result type="xdt:anyAtomicType" occurs="?"/>
    <status>y</status>
    <description>Returns the total of a sequence of numbers, specifying the value to be returned for an empty sequence</description>
</function>
<function>
    <name>xslt:system-property</name>
    <arg name="propertyName" type="xs:string"/>
    <result type="xs:string"/>
    <status>y</status>
    <description>Returns the value of a system property</description>
    <notes>In the Saxon implementation, if the argument is a name in no namespace,
    that is, if the name is unprefixed, then the name is taken to refer to a Java system
    property, and the value of that property is returned if it exists. For example, on
    a Windows platform, <code xmlns="">system-property('file.separator')</code> returns "\".
    This can be used to obtain information from the environment, and is especially useful
    in conjunction with <code xmlns="">use-when</code> conditional compilation.</notes>
</function>
<function>
    <signature>fn:tokenize(string? $input, string $pattern) =&gt; string*</signature>
    <name>fn:tokenize</name>
    <arg name="input" type="xs:string" occurs="?"/>
    <arg name="pattern" type="xs:string"/> 
    <result type="xs:string" occurs="*"/>
    <status>y</status>
    <description>Returns a sequence of strings formed by breaking the input string at any substring
    that matches the given regular expression</description>
</function>
<function>
    <signature>fn:tokenize(string? $input, string $pattern, string $flags) =&gt; string*</signature>
    <name>fn:tokenize</name>
    <arg name="input" type="xs:string" occurs="?"/>
    <arg name="pattern" type="xs:string"/> 
    <arg name="flags" type="xs:string"/>        
    <result type="xs:string" occurs="*?"/>
    <status>y</status>
    <description>Returns a sequence of strings formed by breaking the input string at any substring
    that matches the given regular expression, using flags to control the way regular expression matching
    is performed</description>    
</function>
<function>
    <signature>fn:trace($value as item()*, $label as xs:string) as item()*</signature>
    <name>fn:trace</name>
    <arg name="value" type="item()" occurs="*"/>
    <arg name="label" type="xs:string"/>
    <result type="item()" occurs="*"/>
    <status>y</status>
    <description>Returns the value of the first argument after outputting a diagnostic message</description>
    <notes>The Saxon implementation outputs the value of each item in a sequence as it is evaluated (except
    when the sequence is empty, in which case it outputs "empty sequence" at the start). Atomic values are
    output by converting them to a string, nodes by calling getPath() to generate a path expression to the node.
    With complex expressions the order of evaluation may be rather different from the expected order. The
    trace output is directed to System.err, this may be redirected by using "2&gt;log.txt" on the command line.
    If a TraceListener has been nominated, then instead of writing the output to System.err, the information
    instead results in events being notified to the TraceListener.</notes>
    <tests><test>ver16</test><test>ver17</test></tests> 
</function>
<function>
    <signature>fn:translate(string? $srcval, string? $mapString, string? $transString) =&gt; string?</signature>
    <name>fn:translate</name>
    <arg name="srcval" type="xs:string" occurs="?"/>
    <arg name="mapString" type="xs:string" occurs="?"/>
    <arg name="transString" type="xs:string" occurs="?"/>
    <result type="xs:string" occurs="?"/>            
    <status>y</status>
    <description>Returns a string formed by replacing individual characters that appear in the second
    argument with the characters that appear at the corresponding position in the third argument</description>
</function>
<function>
    <signature>fn:true() =&gt; boolean</signature>
    <name>fn:true</name>
    <result type="xs:boolean"/>
    <status>y</status>
    <description>Return the boolean value true</description>
</function>
<function>
    <signature>xslt:unparsed-entity-uri(string $srcval) =&gt; string</signature>
    <name>xslt:unparsed-entity-uri</name>
    <arg name="srcval" type="xs:string"/>
    <result type="xs:string"/>
    <status>y</status>
    <description>Return the system ID of an unparsed entity, given its name</description>
    <tests><test>expr02</test><test>expr88</test></tests>
</function>
<function>
    <signature>xslt:unparsed-entity-public-id(string $srcval) =&gt; string</signature>
    <name>xslt:unparsed-entity-public-id</name>
    <arg name="srcval" type="xs:string"/>
    <result type="xs:string"/>
    <status>y</status>
    <description>Return the public ID of an unparsed entity, given its name</description>
    <tests><test>expr88</test></tests>    
</function>
<function>
    <signature>xslt:unparsed-text(string $uri) =&gt; string</signature>
    <name>xslt:unparsed-text</name>
    <arg name="uri" type="xs:string"/>
    <result type="xs:string"/>
    <status>y</status>
    <description>Returns the contents of an external text file, given its URI. Saxon attempts
    to infer the encoding. First it looks in the HTTP headers if available. Then it examines the start
    of the file looking first for a byte-order-mark, and failing that for an XML declaration. If none
    of this works, it assumes the encoding is UTF-8.</description>
</function>
<function>
    <signature>xslt:unparsed-text(string $uri, string $encoding) =&gt; string</signature>
    <name>xslt:unparsed-text</name>
    <arg name="uri" type="xs:string"/>
    <arg name="encoding" type="xs:string"/>
    <result type="xs:string"/>
    <status>y</status>
    <description>Returns the contents of an external text file, given its URI and encoding</description>
</function>
<function>
    <signature>xslt:unparsed-text-available(string $uri) =&gt; boolean</signature>
    <name>xslt:unparsed-text</name>
    <arg name="uri" type="xs:string"/>
    <result type="xs:boolean"/>
    <status>y</status>
    <description>Determines whether the corresponding call on unparsed-text() would succeed.</description>
    <notes>The current implementation is inefficient: if a call on unparsed-text-available() is followed
    by a call on unparsed-text() to read the same file, the file will be read twice.</notes>
</function>
<function>
    <signature>xslt:unparsed-text-available(string $uri, string $encoding) =&gt; boolean</signature>
    <name>xslt:unparsed-text</name>
    <arg name="uri" type="xs:string"/>
    <arg name="encoding" type="xs:string"/>
    <result type="xs:boolean"/>
    <status>y</status>
    <description>Determines whether the corresponding call on unparsed-text() would succeed.</description>
    <notes>The current implementation is inefficient: if a call on unparsed-text-available() is followed
    by a call on unparsed-text() to read the same file, the file will be read twice.</notes>
</function>
<function>
    <signature>fn:unordered(item* $sequence) =&gt; item*</signature>
    <name>fn:unordered</name>
    <arg name="sequence" type="item()" occurs="*"/>
    <result type="item()" occurs="*"/>
    <status>y</status>
    <description>Returns a random permutation of its argument</description>
    <notes>In most cases this is a no-op in Saxon: that is, the function returns the value of its argument
    unchanged. The only important case where this function has any effect in the Saxon
implementation is where the sequence supplied as argument is a Step using a reverse axis: for example,
<code xmlns="">unordered(ancestor::*)</code> returns the ancestors in reverse document order. But applications should
not rely on the actual order; the function is intended to be used by applications that do not care about
the order of the results.</notes>
</function>
<function>
    <signature>fn:upper-case(string? $srcval) =&gt; string?</signature>
    <name>fn:upper-case</name>
    <arg name="srcval" type="xs:string" occurs="?"/>
    <result type="xs:string" occurs="?"/>
    <status>y</status>
    <description>Converts a string to upper case</description>
</function>
<function>
    <signature>fn:zero-or-one($srcval as item*) as item?</signature>
    <name>fn:zero-or-one</name>
    <arg name="srcval" type="item()" occurs="*"/>
    <result type="item()" occurs="?"/>
    <status>y</status>
    <description>Tests whether $srcval contains zero or one items; fails if it contains multiple items.</description>
    <tests><test>type040</test><test>type901err</test>
        <test>type902err</test><test>type903err</test><test>type904err</test>
    </tests>    
</function>

</functions>



</conformance>
