<?xml version="1.0"?>
<?xml-stylesheet type="text/xsl" href="../../../xsl/imgfile.xsl"?>
<!DOCTYPE imgfile.content SYSTEM "../../../dtd/text.ent">
<imgfile.content module="Physical_unit_3d_shape" file="armexpg2.xml">
<img src="armexpg2.gif">
<img.area shape="rect" coords="109,56,303,77" href="../physical_unit_3d_shape/sys/4_info_reqs.xml#Physical_unit_3d_shape_arm.pu3ds_view_shape_select" />
<img.area shape="rect" coords="380,408,624,429" href="../physical_unit_3d_shape/sys/4_info_reqs.xml#Physical_unit_3d_shape_arm.pu3ds_external_identification_item" />
<img.area shape="rect" coords="33,542,205,578" href="../physical_unit_3d_shape/sys/4_info_reqs.xml#Physical_unit_3d_shape_arm.pu3ds_physical_unit_shape_model_select" />
<img.area shape="rect" coords="425,815,690,857" href="../physical_unit_shape_with_parameters/sys/4_info_reqs.xml#Physical_unit_shape_with_parameters_arm.physical_unit_keepout_shape_model" />
<img.area shape="rect" coords="369,446,635,488" href="../external_item_identification_assignment/sys/4_info_reqs.xml#External_item_identification_assignment_arm.external_identification_item" />
<img.area shape="rect" coords="57,10,355,37" href="../non_feature_shape_element/sys/4_info_reqs.xml#Non_feature_shape_element_arm.view_shape_select" />
<img.area shape="rect" coords="610,746,825,788" href="../requirement_view_definition/sys/4_info_reqs.xml#Requirement_view_definition_arm.requirement_view_definition" />
<img.area shape="rect" coords="10,595,228,637" href="../shape_parameters/sys/4_info_reqs.xml#Shape_parameters_arm.physical_unit_shape_model_select" />
<img.area shape="rect" coords="314,341,574,383" href="../external_item_identification_assignment/sys/4_info_reqs.xml#External_item_identification_assignment_arm.external_source_identification" />
<img.area shape="rect" coords="75,96,337,138" href="../physical_unit_shape_with_parameters/sys/4_info_reqs.xml#Physical_unit_shape_with_parameters_arm.physical_unit_shape_model" />
<img.area shape="rect" coords="651,692,826,734" href="../characteristic/sys/4_info_reqs.xml#Characteristic_arm.length_tolerance_characteristic" />
<img.area shape="rect" coords="560,210,775,252" href="../requirement_view_definition/sys/4_info_reqs.xml#Requirement_view_definition_arm.requirement_view_definition" />
<img.area shape="rect" coords="135,810,396,854" href="../non_feature_shape_element/sys/4_info_reqs.xml#Non_feature_shape_element_arm.usage_view_level_non_feature_shape_model" />
<img.area shape="rect" coords="562,177,710,198" href="../physical_unit_3d_shape/sys/4_info_reqs.xml#Physical_unit_3d_shape_arm.predefined_3d_purpose" />
<img.area shape="rect" coords="707,666,825,687" href="../physical_unit_3d_shape/sys/4_info_reqs.xml#Physical_unit_3d_shape_arm.pu3ds_shape_side" />
<img.area shape="rect" coords="682,635,824,656" href="../physical_unit_3d_shape/sys/4_info_reqs.xml#Physical_unit_3d_shape_arm.pu3ds_shape_location" />
<img.area shape="rect" coords="727,265,806,286" href="../physical_unit_3d_shape/sys/4_info_reqs.xml#Physical_unit_3d_shape_arm.shape_class" />
<img.area shape="rect" coords="633,601,824,622" href="../physical_unit_3d_shape/sys/4_info_reqs.xml#Physical_unit_3d_shape_arm.pu3ds_component_application" />
<img.area shape="rect" coords="154,165,259,297" href="../physical_unit_3d_shape/sys/4_info_reqs.xml#Physical_unit_3d_shape_arm.physical_unit_3d_shape_model" />
<img.area shape="rect" coords="328,594,394,764" href="../physical_unit_3d_shape/sys/4_info_reqs.xml#Physical_unit_3d_shape_arm.physical_unit_3d_keepout_shape_model" />
</img>
</imgfile.content>
