<?xml version="1.0" encoding="UTF-8"?>
<section xml:id="about">
   <title>About Saxon</title>

   <page xml:id="intro">
      <title>Introduction</title>
      
      <p>To help you find your way around this documentation, there is a full
        <a href="../contents.html">table of contents</a> and also an <xref section="index-entries">alphabetical index</xref>.</p>

      <p>Release 9.3 continues Saxonica's tradition of early implementation of new W3C
        specifications. It now boasts a complete implementation of XQuery Updates, 
        an almost complete implementation of XML Schema 1.1, which is approaching ratification
        as a W3C Recommendation, 
        and early implementations of key features in the XSLT 3.0 and XQuery 3.0 specifications,
        which are still at working draft status.</p>
        
        <box>W3C has announced its intention to rebadge XQuery 1.1 as XQuery 3.0, and XSLT 2.1 and XPath 2.1
            as XSLT 3.0 and XPath 3.0 respectively. Throughout the Saxon documentation we use the new version numbers.</box>
            
       <p>In addition Saxon continues to offer highly conformant implementations of XSLT 2.0. XPath 2.0, XQuery 1.0, and XSD 1.0.
        To avoid compromising this conformance, features from the newer versions of the standards are enabled only if explicitly 
        requested. The conformance to these specifications has been upgraded to implement the latest published errata, as consolidated
        in the proposed Second Editions of the specifications.</p>     

      <p>This is the first functionality release in a year, and there are many new features and performance
improvements. A <xref section="changes" page="intro">full list</xref> is available and there
is also a <xref section="changes" page="intro">summary of the highlights</xref>.</p>

      <p>A significant change in the 9.2 release was a repackaging of the functionality, and this is retained in 9.3: instead of the two
products Saxon-B (open source) and Saxon-SA (commercial), there are now three editions: home, professional,
and enterprise (HE, PE, and EE). The Home Edition remains open source, under the same very liberal licensing rules,
but some of the more advanced features that were present in Saxon-B have not been retained in Saxon-HE, and are
instead available only in the commercial packages Saxon-PE and Saxon-EE.</p>

      <p>Much of the new functionality in this release is available only in the commercial offerings.</p>

   

      <p>Like previous releases, this version is shipped simultaneously for the Java and .NET platforms.</p>

      <p>This documentation covers all versions of the product, with differences noted where applicable.
For a summary of the differences, see <xref page="packages">Product Packages</xref>.</p>
      <box>This documentation (including full API documentation for both the Java and .NET platforms)
is provided on the 
<a href="http://www.saxonica.com/">Saxonica</a> web site and is also available
for download either from <a href="http://sourceforge.net/project/showfiles.php?group_id=29872">SourceForge</a>
or from <a href="http://www.saxonica.com/download_page_fs.html">Saxonica</a>.
The download file is named <code>saxon-resources9-n.zip</code>, and is separate
from the software download. It includes documentation for all editions (Saxon-HE, -PE, and -EE),
on both platforms. The file also includes sample applications and Saxon-HE source code.</box>

      <p><a href="../javadoc/index.html">JavaDoc API specifications</a> 
and <a href="../dotnetdoc/index.html">.NET API specifications</a> 
 are also available.</p>

      <p>A full <xref section="changes">change log</xref> is provided.</p>

      <p>If you are looking for an XSLT 1.0 or XPath 1.0 processor,
<a href="http://saxon.sourceforge.net/saxon6.5.5/">Saxon 6.5.5</a> remains available.
However, Saxon 9.2 is capable of executing XSLT 1.0 stylesheets with identical results in
the vast majority of cases, often with much better performance, so you may prefer to use the latest release.</p>
   </page>

   <page xml:id="gettingstarted">
      <title>Getting Started</title>

      <p>If you are new to Saxon, or to Java, or to XML, XSLT, and XQuery, this section provides
 a quick checklist of the things you need to do before you can run your first application.</p>

      <p>First decide which platform you want to use. If you already use either the Java or .NET
platform, it's simplest to use the platform you are familiar with. If you don't use either
of these platforms, we recommend starting with Java as Saxon has been available on Java for longer
and this version is therefore better integrated and better documented. If you currently use both,
then the choice largely depends on what language you want to use to write your own applications.</p>
      <subpageindex/>

      <subpage xml:id="gettingstartedjava">
         <title>Getting started with Saxon on the Java platform</title>

         <p>Saxon doesn't come with a graphical user interface: it's designed to be integrated into
other tools and applications. You will therefore start by using it from the operating system
command line. On Windows, you may want to install a text editor such as <code>jEdit</code>
that offers a more friendly command line than the standard DOS console provided by Microsoft.
However, if you're not comfortable running applications from the command line, you might like to try
the open-source <a href="http://kernowforsaxon.sourceforge.net/">Kernow</a> product
from Andrew Welch. This installs Saxon for you.</p>
         <ol>
            <li content="para">Ensure that Java is installed. This must be Java JDK 1.5 (also known as J2SE 5.0) or later.
From version 9.2, Saxon will no longer run with JDK 1.4 or earlier releases. To check that Java
is installed, try typing <code>java -version</code> at the command prompt. If it is not installed,
or if you have an older version, you can get the software from 
<a href="http://java.sun.com">java.sun.com</a>.</li>
            <li content="para">Download the Saxon software (you will typically start with the open-source version) from
<a href="http://sourceforge.net/project/showfiles.php?group_id=29872">SourceForge</a>.</li>
            <li content="para">The software comes as a zip file. Unzip it into a suitable directory, for example
<code>c:\saxon</code>.</li>
            <li>

               <p>To check that the software is working, try running a simple query from the command line,
as follows. The filename after the "-cp" flag should match the location where
you installed the software. The file will be called saxon9he.jar for Saxon Home Edition, saxon9pe.jar
for the Professional Edition, or saxon9ee.jar for the Enterprise Edition:</p>

               <p><b>java -cp c:\saxon\saxon9he.jar net.sf.saxon.Query -t -qs:current-date()</b></p>

               <p>Here <b>java</b> tells the operating system to run the Java virtual machine; the filename
after <b>-cp</b> is known as the classpath, and tells Java where to find the Saxon application
software; <b>net.sf.saxon.Query</b> is the Saxon entry point for the XQuery processor;
the option <b>-t</b> tells Saxon to report what it is doing on the console; and the option
<b>-qs:current-date()</b> tells Saxon to run the simple query <code>current-date()</code>, which
returns the current date and displays the result on the console.</p>

               <p>If this doesn't work, there are three possible reasons: the operating system can't find the Java
software; Java can't find the Saxon software; or Saxon has been invoked, but has failed to run your query. The error
message should give you a clue which of these is the case.</p>
            </li>
            <li content="para">As a first-time user, you will probably want to install the sample applications.
These are packaged together with a copy of this documentation and Saxon-B source code
in the file <code>saxon-resources9-n.zip</code>. This can be downloaded from either the
SourceForge or Saxonica sites. (It is the same file in both cases). Unzip the contents
of this file into the same directory as the Saxon software. When you run a program that
uses Saxon, this program as well as Saxon itself will need to be on the classpath.
For more details of the classpath, see <xref page="installationjava">Installing (Java)</xref>.</li>
            <li content="para">If you are using features specific to Saxon-PE or Saxon-EE, the commercial editions of Saxon, you will need
to obtain a file containing a licence key. You can apply for a free 30-day license key by going to
<a href="http://www.saxonica.com/">www.saxonica.com</a> and clicking on "Evaluation Copy". The license
key file will be sent by email within 24 hours. This file, called <code>saxon-license.lic</code>,
  should be placed in the same directory where the file <code>saxon9pe.jar</code> or
  <code>saxon9ee.jar</code> is found. <i>It is no
longer necessary for the directory containing the license file to be on the classpath.</i>
            </li>
         </ol>

         <p>You can now run one of the sample stylesheets or queries that comes with in the 
<code>saxon-resources</code> download.
Assuming you installed Saxon-HE into <code>c:\saxon</code>, make this your current directory, and type:</p>

         <p><i>for XSLT (all on one line):</i></p>
         <example><![CDATA[java -cp saxon9he.jar net.sf.saxon.Transform -t -s:samples\data\books.xml 
     -xsl:samples\styles\books.xsl -o:c:\temp.html]]></example>

         <p><i>for XQuery (all on one line):</i></p>
         <example><![CDATA[java -cp saxon9he.jar net.sf.saxon.Query -t 
   -s:samples\data\books.xml -q:samples\query\books-to-html.xq >c:\temp.html]]></example>

         <p>Now open <code>c:\temp.html</code> in your browser to check that it worked.</p>

         <p>For more details on installing Saxon on the Java platform, see 
<xref page="installationjava">Installing (Java)</xref></p>
      </subpage>

      <subpage xml:id="gettingstarteddotnet">
         <title>Getting started with Saxon on the .NET platform</title>
         <ol>
            <li content="para">Download the software (you will typically start with the open-source version) from
<a href="http://sourceforge.net/project/showfiles.php?group_id=29872">SourceForge</a>.
It is designed to be used with .NET version 2.0 from Microsoft and has also been used successfully
with .NET version 3.5. It has not been tested with the Mono platform.</li>
            <li content="para">The software comes as a .exe installer <code>SaxonHEn-n-n-nNsetup.exe</code>. Double-click it to run the installer.
It installs the executable files into a user-selected directory, sets a registry entry to point to this location,
and registers the relevant DLLs in the Global Assembly Cache.</li>
            <li content="para">As a first-time user, you will probably want to install the sample applications.
These are packaged together with a copy of this documentation and Saxon-B source code
in the file <code>saxon-resources9-n.zip</code>. This can be downloaded from either the
SourceForge or Saxonica sites. (It is the same file in both cases). Unzip the contents
of this file into the same directory.</li>
            <li content="para">Make sure that .NET version 2.0 or higher is installed on your machine. This is available as
a free download from Microsoft.</li>
            <li>

               <p>If you are using a commercial edition of Saxon (that is, Saxon-PE or Saxon-EE), you will need
to obtain a file containing a licence key.</p>
               <ol>
                  <li content="para">Apply for a free 30-day license key by going to
<a href="http://www.saxonica.com/">www.saxonica.com</a> and clicking on "Evaluation Copy". 
Be sure to specify that you want a license key for the .NET platform.</li>
                  <li content="para">The license
key file will be sent by email within 24 hours. This file, called <code>saxon-license.lic</code>,
should be placed in the directory containing the Saxon .dll files: for example 
<code>c:/Program Files/Saxonica/SaxonHE9.3N/bin</code>
                  </li>
               </ol>
            </li>
            <li content="para">Saxon doesn't come with a graphical user interface: it's designed to be integrated into
other tools and applications. You will therefore start by using it from the operating system
command line. On Windows, you may want to install a text editor such as <a href="http://www.ultraedit.com/">UltraEdit</a>
that offers a more friendly command line than the standard DOS console provided by Microsoft.</li>
         </ol>

         <p><i>Note: from Saxon 9.2, license files are compatible between the Java and .NET platforms.
License files issued for earlier Saxon releases on .NET (named <code>saxon-license.xml</code>)
are still recognized for the time being.</i></p>

         <p>You can now run one of the sample stylesheets or queries that comes with the 
<code>saxon-resources</code> download.
Assuming you installed into <code>c:\saxon</code>, make this your current directory, and type:</p>

         <p><i>for XSLT (all on one line):</i></p>
         <example><![CDATA[bin\Transform -t -s:samples\data\books.xml 
     -xsl:samples\styles\books.xsl -o:c:\temp.html]]></example>

         <p><i>for XQuery (all on one line):</i></p>
         <example><![CDATA[bin\Query -t -s:samples\data\books.xml 
       -q:samples\query\books-to-html.xq -o:c:\temp.html]]></example>

         <p>Now open <code>c:\temp.html</code> in your browser to check that it worked.</p>

         <p>For more complete details on installing Saxon on the .NET platform, 
see <xref page="installationdotnet">Installing (.NET)</xref></p>
      </subpage>
   </page>

   <page xml:id="whatis">
      <title>What is Saxon?</title>

      <p>The Saxon package is a collection of tools for processing XML documents. The main components
are: </p>
      <ul>
         <li content="para">An XSLT 2.0 processor, which can be used from the command line, or invoked from
an application, using a supplied API. This can also be used to run XSLT 1.0 stylesheets.</li>
         <li content="para">An XPath 2.0 processor accessible to applications via a supplied API.</li>
         <li content="para">An XQuery 1.0 processor that can be used from the command line, or invoked from
an application by use of a supplied API.</li>
         <li content="para">An XML Schema 1.0 processor. This can be used on its own to validate a schema for correctness,
or to validate a source document against the definitions in a schema. It is also used to support the schema-aware
functionality of the XSLT and XQuery processors. Like the other tools, it can be run from the command line,
or invoked from an application.</li>
         <li content="para">As well as providing full implementations of the stable specifications listed above,
            Saxon also has a track record of early implementation of forthcoming standards. Saxon 9.3 offers
            a complete implementation of XQuery Updates and
            a near-complete implementation of XML Schema 1.1, both of which are in the final stages of standardization. It also
            implements many features from the forthcoming XSLT 3.0, XQuery 3.0, and XPath 3.0 working drafts which are still
            at an earlier stage of development.</li>
         <li content="para">On the Java platform, when using XSLT, XPath, or XML schema validation, Saxon offers a choice of APIs.
If you need portability across different vendor's tools, you can use the JAXP API 
for XSLT, XPath, and XML Schema processing, and the XQJ interface for XQuery. On the other hand, if
you want a more integrated and complete API offering access to all Saxon's facilities, the s9api interface
is recommended. You can also dive down deeper into the Saxon internals if you need to: there has been
no particular attempt to make interfaces private, and all public interfaces are documented in the JavaDoc.
Clearly, the deeper you go, the greater the risk of interfaces changing in future releases.</li>
         <li content="para">On the .NET platform, Saxon offers an API that enables close integration with other
services available from .NET, notably the XML-related classes in the <code>System.Xml</code>
namespace. It isn't possible to use Saxon as a transparent plug-in replacement for the <code>System.Xml.Xsl</code>
processor, because the API for the Microsoft engine using concrete classes rather than abstract
interfaces. However, it is possible to use it as a functional replacement with minor changes
to your application code.</li>
      </ul>

      <p>Full details of Saxon's conformance to the specifications are provided in the 
<xref section="conformance">Conformance</xref> section.</p>

      <p>In addition, Saxon provides an extensive library 
of <xref section="extensions">extensions</xref>,
 all implemented in conformance with the XSLT and XQuery Recommendations to ensure that 
portable stylesheets and queries can be written. These include the <a href="http://www.exslt.org/">EXSLT</a>
extension libraries <b>common</b>, <b>sets</b>, <b>math</b>, and <b>dates-and-times</b>.
Many of these extensions were pioneered in Saxon and have since become available
in other products.</p>

      <p>These extension functions are in general accessible from XQuery and XPath as well as XSLT,
except where they depend on stylesheet information. Many extensions are available in
Saxon-PE only, and some only in Saxon-EE.</p>
   </page>

   <page xml:id="packages">
      <title>Choosing a software package</title>

      <p>Saxon is distributed in three packages: Saxon-HE, Saxon-PE, and Saxon-EE, 
each of which is available for both the Java and .NET platforms. Saxon-HE is available under an open-source
license (specifically, the Mozilla Public License), and all its features are available to all users. Saxon-PE and Saxon-EE are commercial products and 
require activation by a license key.</p>

<p>There are also restricted licenses that work with Saxon-EE but restrict its capability:</p>

<ul>
    <li content="para">The EET license provides schema validation and schema-aware XSLT transformation only (no XQuery)</li>
    
    <li content="para">The EEQ license provides schema validation and schema-aware XQuery only (no XSLT)</li>
    
    <li content="para">The EEV license provides schema validation only (no XQuery or XSLT)</li>
</ul>

<p>For a full table showing the features available in each edition and licensing variant, see the
    <a href="http://www.saxonica.com/feature-matrix.xml">feature matrix</a></p>
    
 <!--

      <p><b>Note 1:</b> Extension functions in the Saxon namespace, together with EXSLT extension functions where available,
  require Saxon-PE, 
  with a few exceptions such as <code>saxon:stream()</code> that relate to functionality only available in Saxon-EE.
  Details of these extensions, together with the Saxon edition they require, are in <xref section="extensions" page="functions">Extension functions</xref></p>

      <p><b>Note 2:</b> This covers the availability of extension instructions in the Saxon namespace (for example,
    <code>saxon:assign</code> and <code>saxon:while</code>); extension instructions in the SQL namespace (for example,
    <code>sql:connect</code> and <code>sql:insert</code>; and the basic mechanisms for extending Saxon with new extension elements.</p>

      <p><b>Note 3:</b> This includes a number of optimizations, notable in the handling of joins.
  Saxon-HE and Saxon-PE always implement joins using a nested-loop strategy, which takes increasingly
long as the documents become larger. Saxon-EE where possible uses a hash-join algorithm. This applies whether
the join is expressed as a path expression, an XQuery FLWOR expression, or a nested set of <code>xsl:for-each</code>
instructions in XSLT. In some of the queries in the XMark benchmark, the effect is to reduce query time on a
10Mb source document from 16 seconds to 45 milliseconds.</p>

      <p><b>Note 4:</b> Saxon-PE and Saxon-EE provide support for access to (and in some cases output of) DOM, JDOM, DOM4J,
  and XOM object models "out of the box", as well as allowing user-defined object models to be supported by
  writing an adapter. Saxon-HE supports DOM "out of the box", and allows user-written adapters; the adapters for
  JDOM, DOM4J and XOM are available as open-source code which can be compiled and integrated in the same way as a user-written
  adapter.</p>

      <p><b>Note 5:</b> All editions allow support for languages other than English in <code>xsl:number</code>
  and <code>format-date()</code> by means of a user-written adapters. Saxon-PE and Saxon-EE include adapters for a number
  of European languages "out of the box". Currently these adapters are all available as open-source code, which means they
  can also be used in conjunction with Saxon-HE.</p>-->

      <p>For commercial information including prices, terms and conditions, maintenance and upgrade offerings, 
  site licensing, and redistribution licensing, see the <a href="http://www.saxonica.com/erol/erol.html">online store</a>.</p>
   </page>

   <page xml:id="installationjava">
      <title>Installation: Java platform</title>

      <p>This section explains in more detail how to install Saxon on the Java platform.</p>
      <subpageindex/>

      <subpage xml:id="prerequisites">
         <title>Prerequisites</title>

         <p>The following software must be installed separately, it is not included with the Saxon download.</p>
         <ul>
            <li content="para">To run Saxon you need at least a Java VM, and preferably a Java development environment. 
  Saxon 9.3 requires JDK 1.5 (properly the Java 2 Platform, Standard Edition 5.0) or later (it 
  also runs under JDK 1.6). If for some reason you need to run under JDK 1.4, you will need to stick with
  Saxon 9.1 or an earlier release.</li>
            <li content="para">If you use the XQJ XQuery API in Saxon, then you will need the StAX parser interfaces to be present
  on your classpath. These are available as standard in JDK 1.6. With JDK 1.5, however, you will need to
  install them separately. They can be obtained in the file <code>jsr173_1.0_api.jar</code> obtainable
  from <a href="https://sjsxp.dev.java.net/">https://sjsxp.dev.java.net/</a>.</li>
            <li content="para">Saxon will also accept input from a <code>StAXSource</code>. This is a new class introduced in JAXP 1.4.
  It is available as standard in JDK 1.6, but to use it with JDK 1.5, you will need to install it separately:
  it can be found in the JAR file <code>jaxp-api.jar</code> which can be downloaded from 
  <a href="https://jaxp.dev.java.net/">https://jaxp.dev.java.net/</a>.</li>
            <li>

               <p>Saxon has options to work with source trees constructed using DOM, JDOM, XOM, or DOM4J:</p>
               <ul>
                  <li content="para">To use Saxon with DOM, you do not need any extra code on your classpath. (The relevant code has been
    integrated into the main JAR file; this has become possible because JDK 1.4 is no longer supported.)
   The DOM implementation should support DOM Level-3 interfaces. Saxon retains some legacy code designed
   to handle level-2 DOM implementations, which can be activated by calling the method
   <code>configuration.setDOMLevel(2)</code> on class <code>net.sf.saxon.Configuration</code>, but this code is now untested
     and unsupported.
   Saxon is validated using the DOM implementation by the Apache Xerces parser, and the DOM that is packaged with the Sun JDK. It should work with other
   DOM implementations, but this can never be 100% guaranteed without testing. Many DOM implementations, especially
   non-productized implementations, deviate in minor but significant ways from the specifications.
                  </li>
                  <li content="para">For the other object models, JDOM, XOM, and DOM4J, the supporting Saxon adapter code is integrated into the
  JAR files for Saxon-PE and Saxon-EE, but is available only as source code for Saxon-HE. To exploit this code
  with the open source Home Edition, you will need to compile the source code from the relevant subpackage of
  <code>net.sf.saxon.option</code>. Whichever edition you are using, the external object model is available
    for use only if you register it using the method
                     <code java="net.sf.saxon.Configuration#registerExternalObjectModel">registerExternalObjectModel</code> on the
                     <code java="net.sf.saxon.Configuration">Configuration</code> object,
  or via the <xref section="configuration" page="configuration-file">configuration file</xref>. Saxon no longer searches the classpath
  to see which object models are present, because classpath searches are expensive and make the application
  over-sensitive to details of the way it is run.</li>
  
  <li content="para"><i>An exception to the previous paragraph: when Saxon is loaded using the JAXP <code>XPathFactory</code> mechanism,
  the support modules for JDOM, XOM, and DOM4J are registered automatically, provided that the underlying JDOM, XOM, or DOM4J JAR files
  are on the classpath. This is because Saxon's <code>XPathFactory</code> implementation
  registers itself using the Java service mechanism as being able to handle these object models, so it must honor this promise.</i></li>
                  <li content="para">Saxon has been validated with
   JDOM 1.0, JDOM 1.1.1, XOM 1.1, XOM 1.2.1, XOM 1.2.6, and DOM4J 1.6.1. Saxon has <b>not</b> been tested with the alpha release
   of DOM4J 2.0.0.
   </li>
               </ul>  
            </li>
         </ul>

         <p>By default Saxon uses an XML parser that supports the SAX2 interface. Saxon has been tested 
 successfully in the past with a wide variety of such parsers including
 Ælfred, Xerces, Lark, SUN Project X, Crimson, Piccolo, Oracle XML, xerces, xml4j, and xp. By default, however,
 it uses the parser that comes with the Java platform (a version of Xerces in the case of JDK 1.5). The parser must
 be SAX2-compliant. All the relevant JAR files must be installed on your Java CLASSPATH.</p>

         <p>Saxon will also work with a StAX parser. Generally speaking, StAX parsers are currently less
mature than SAX parsers, and any performance advantage is likely to be very minor. However, the support for StAX
provides the ability to supply input via a customized pull pipeline. Saxon is tested with Woodstox 3.0.0.
Saxon's schema validation is available only with a SAX2 parser.</p>


      </subpage>

      <subpage xml:id="licensekey">
         <title>Obtaining a license key</title>

         <p>The open-source Saxon-HE product does not require any license key. For Saxon-PE and Saxon-EE, however,
you need to obtain a license key from Saxonica. You can order a free license key for a 30-day
evaluation, or purchase an unrestricted license key, from the <a href="http://www.saxonica.com/">Saxonica</a>
web site.</p>

         <p>From Saxon 9.2, newly issued license keys are compatible across the Java and .NET platforms. The older
.NET license keys (named <code>saxon-license.xml</code>) are no longer accepted from Saxon 9.3 - if you have such a license key
and it has not expired, please contact Saxonica for a replacement.</p>

         <p>The license key will arrive in the form of a file named <code>saxon-license.lic</code> attached
to an email message. Saxon will search for the license key in the following locations:</p>
         <ol>
            <li content="para">The directory containing the executable Saxon software, that is <code>saxon9ee.jar</code> or <code>saxon9pe.jar</code>
    on the
    Java platform, and <code>saxon9pe.dll</code> or <code>saxon9ee.dll</code> on the .NET platform. (On .NET, remember that the software may have been
  moved to the Global Assembly Cache.).</li>
            <li content="para">On the Java platform only, the directories identified by the environment variable 
                <code><index>SAXON_HOME</index></code> and <code>SAXON_HOME/bin</code>.</li>
            <li content="para">On the .NET platform only, the installation directory - that is, the directory chosen
                for installing the software when the installation wizard was run.</li>
            <li content="para">All directories on the Java class path. When running from the command line, you can set the classpath
                using the <code>-cp</code> option on the <code>java</code> command, or via the environment variable
                <code>CLASSPATH</code>. More complex environments might have other ways of building the classpath.
                In Tomcat, for example, the license file should be treated in the same way as free-standing (unjarred)
                classes, and placed in the <code>WEB-INF/classes</code> directory.</li>
         </ol>
         
         <p>It is also possible to force Saxon to read the license file from a specific location by setting the Configuration property
            <code>FeatureKeys.LICENSE_FILE_LOCATION</code> (a constant representing the string <code>"http://saxon.sf.net/feature/licenseFileLocation"</code>).
            When this property is set, the <code>Configuration</code> will immediately attempt to load the specified file, avoiding any subsequent
            attempt to search for it on the classpath and elsewhere. This mechanism is useful in environments that are otherwise difficult to
            control: for example configuration properties can be specified as attributes to the <code>factory</code> element of <index>Ant</index>'s <code>&lt;xslt&gt;</code> task.</p>

         <p>On the Java platform it is generally simplest to copy the file to the directory in which <code>saxon9ee.jar</code> is installed.
On .NET it is generally simplest to copy the file to the directory in which <code>saxon9ee.dll</code> is installed, and
then set the environment variable <code>SAXON_HOME</code> to point to this location.</p>

         <p>If you acquire Saxon-PE or Saxon-EE as a component of an application with which it has been integrated, the
application may activate the software automatically using an OEM license key. In this case you do
not need to acquire an individual license key of your own.</p>

         <p><i>Please be aware that the terms and conditions under which license files are issued require you to
         ensure that it is kept confidential and secure, and is used only on one machine. It must not be copied to other computers, or made available for
         sharing on a file server.</i></p> 
      </subpage>

      <subpage xml:id="licensefaq">
         <title>Troubleshooting license key problems</title>

         <p>If you are having trouble running Saxon-PE or Saxon-EE for the first time, here is a list of the
most common problems:</p>
         <ul>
            <li>

               <p><b>If your license key does not arrive</b> within 24 hours, it may be because it has been 
intercepted by your company's spam/virus checker. This is surprisingly common. Send us an email
and we will try to find a way through your company's defences.</p>

               <p>Another possible cause is that you provided an email address that doesn't work. Again, it's surprising how
many people do this.</p>
            </li>
         </ul>

         <p>And some less common problems:</p>
         <ul>
            <li content="para">
               <b>Check that the filename is <code>saxon-license.lic</code>
               </b>. Some mail systems, notably Yahoo, 
have been known to change the hyphen to an underscore in transit.</li>
            <li content="para">
               <b>If Saxon says it cannot find the license key</b>, please read the instructions above for where to
  install the license key once again.</li>
            <li content="para">
               <b>If Saxon says that a particular operation requires Saxon-PE or Saxon-EE</b>, this may mean that you are
  running Saxon-HE software, or that you have invoked Saxon using a Saxon-HE entry point, or that Saxon has reverted
  to Saxon-HE functionality because it could not find a valid license file (in the latter case it will have produced
  a message to this effect: but depending on your application, you might not see the message).</li>
            <li content="para">
               <b>If Saxon says the license key is invalid</b> then it probably is. Very occasionally a license file
gets corrupted in transit. Please ask for another copy (or we might issue you a new license).
Sometimes the corruptions can be traced to the use of non-ASCII characters in license fields such as your name
or Company (mail systems can be unkind to such files). In the event of problems, try applying again restricting yourself to ASCII characters.</li>
            <li content="para">
               <b>If Saxon says the license key has expired</b> this generally means you are using a 30-day evaluation
license and the expiry date has been reached. If it's taking you longer to evaluate the software than
you planned, please send us an email explaining the circumstances before you apply for another license,
otherwise the request may be refused.</li>
            <li content="para">
               <b>If Saxon says the license key does not cover the version of Saxon that you are using</b>, this usually
means that you purchased a standard license key which covers free upgrades for one year, and that year has
elapsed. You will need to purchase an upgrade, which can be done online. Most paid-for licenses are
permanent, but only in relation to software issued within one year of the purchase.</li>
         </ul>
      </subpage>

      <subpage xml:id="installingjava">
         <title>Installing the software</title>

         <p>An index of all currently-available open-source versions of Saxon is on 
<a href="http://sourceforge.net/project/showfiles.php?group_id=29872">the download page at SourceForge</a></p>

         <p>For the commercial versions of Saxon, please follow the download links from
 <a href="http://www.saxonica.com/">http://www.saxonica.com/</a></p>
         <box>Please see the <xref section="changes">change log</xref> for
details of all changes in this release.</box>

         <p>Installation of Saxon on the Java platform simply involves unzipping the supplied download file into a
suitable directory. The procedure is the same for all editions (HE, PE, and EE). The JAR files are differently named
in each edition.</p>


         <p>One of the files that will be created in this directory is the principal JAR file. This is
  <b>saxon9he.jar</b>,  <b>saxon9pe.jar</b>, or <b>saxon9ee.jar</b> depending on which Saxon edition you are using.</p>

         <p>There are some additional JAR files to support optional features such as the SQL
interface. When running Saxon, the principal JAR file should be on the class path. The class path
is normally represented by an environment variable named CLASSPATH: see your Java documentation
for details. Note that the JAR file itself (not the directory that contains it) should be named on the class path.</p>

         <p>Some environments (for example Java IDEs such as Eclipse, and servlet containers such as tomcat)
            build the classpath themselves: they might ask you to register the location of JAR files via a graphical
            user interface or a text configuration file, or they might ask you to put the JAR files in a well known place
            (for example <code>WEB-INF/lib</code> in the case of tomcat).
            Follow the instructions for the environment you are using.</p>
      </subpage>

      <subpage xml:id="jarfiles">
         <title>JAR files included in the product</title>

         <p>The full list of JAR files in the Saxon distribution is as follows:</p>
         <table>
            <thead>
               <tr>
                  <td content="para">
                     <b>JAR file</b>
                  </td>
                  <td content="para">
                     <b>Contents</b>
                  </td>
               </tr>
            </thead>
            <tbody>
               <tr>
                  <td content="para" valign="top">saxon9he.jar</td>
                  <td content="para">Saxon Home Edition. Contains all the software in Saxon-HE.</td>
               </tr>
               <tr>
                  <td content="para" valign="top">saxon9pe.jar</td>
                  <td content="para">Saxon Professional Edition. Contains all the software in Saxon-PE,
  with the exception of the SQL extension.</td>
               </tr>
               <tr>
                  <td content="para" valign="top">saxon9ee.jar</td>
                  <td content="para">Saxon Enterprise Edition. Contains all the software in Saxon-EE, with the
exception of the SQL extension and the code for compiling XQuery to Java.</td>
               </tr>
               <tr>
                  <td content="para" valign="top">saxon9ee-qc.jar</td>
                  <td content="para">Part of Saxon-EE only. 
Provides support Java code generation: that is, it translates an XQuery query into Java source code,
which can then be compiled and executed in the same way as any other Java program.</td>
               </tr>
               <tr>
                  <td content="para" valign="top">saxon9-sql.jar</td>
                  <td content="para">Supports XSLT extensions for accessing and updating a relational
database from within a stylesheet. Provided with Saxon-PE and Saxon-EE.</td>
               </tr>
            </tbody>
         </table>

         <p>When running any Java application, Saxon included, all Java classes that are needed must be present on the
CLASSPATH. The classpath can be set in the form of an environment variable, or it can be included in the <code>java</code>
command that invokes the application.</p>

         <p>The classpath is written as a list of filenames. These will either be the names of directories (folders) that contain relevant
classes, or the names of JAR files containing the classes. On Windows, the names in the list are separated by semicolons; on Linux,
a colon is used.</p>

         <p>The table above lists the JAR files provided with Saxon that you may need to include on your classpath. In addition,
you may need to include some of the following resources:</p>
         <table>
            <thead>
               <tr>
                  <td content="para">
                     <b>Resource</b>
                  </td>
                  <td content="para">
                     <b>Description</b>
                  </td>
               </tr>
            </thead>
            <tbody>
               <tr>
                  <td content="para" valign="top">saxon-license.lic</td>
                  <td content="para">License file. This is needed only for running Saxon-EE/Saxon-PE. The license file is
obtained when you purchase the product or when you apply for an evaluation license.</td>
               </tr>
               <tr>
                  <td content="para" valign="top">jaxp-api.jar</td>
                  <td content="para">This file implements parts of JAXP 1.4 that Saxon uses. It 
is not needed when you run Saxon under JDK 1.6, as the required classes are then included in the standard Java run-time. It is
needed, however, if you run Saxon under JDK 1.5. This JAR file is not included in the
Saxon distribution because of licensing restrictions. Instead, it must be downloaded from
<a href="https://jaxp.dev.java.net/">https://jaxp.dev.java.net/</a>. The <code>jaxp-api.jar</code> file is needed when
you use the <code>StAXSource</code> class. </td>
               </tr>
            </tbody>
         </table>

         <p>Source code and documentation are not included in the same download file
as the executable code and sample files. Instead, they are in a resources file that can be downloaded separately. The documentation is
also available online.</p>

         <p>The source code for Saxon-HE (on both the Java and .NET platforms) is available in the package
 <code>saxon-resources-9.x</code> from either the SourceForge or the Saxonica sites. 
 Note that it is not necessary to download or 
 recompile the source code unless you need to make changes (and it is rarely necessary to make changes, because Saxon provides
 extensive system programming hooks to enable customization). The exception to this is that in Saxon-HE, adapters
 for external object models, and localization code for non-English languages, are provided in source form only.</p>

<p>The modules included in the source code of Saxon-HE are
also used, without modification, in Saxon-PE and Saxon-EE. Source code for the additional components of the
commercial editions is not provided. The source code is the same between the Java and .NET platforms:
both products are generated from the same source, though there are some modules that apply only to one
platform or the other. There are no build scripts provided for rebuilding the product from source code, because
most users find it convenient to use their Java IDE for this purpose.</p>

         <p>User documentation (this documentation, together with API specifications for the Java and .NET products) is also
available for download from the SourceForge site. The download package contains exactly the same information as the documentation section of
the Saxonica website. It also contains this documentation in its original XML form, together with the schemas
and stylesheets used to publish it. Note that online documentation is available only for a few recent Saxon versions;
older versions can be downloaded from SourceForge.</p>
      </subpage>
   </page>

   <page xml:id="installationdotnet">
      <title>Installation: .NET platform</title>

      <p>This section explains in more detail how to install Saxon on the .NET platform.</p>

      <box>The source code of Saxon is written in Java. The version of the product that runs on the .NET platform
has been produced by cross-compiling the Java bytecode into CIL code, which is then packaged as a
.NET assembly. The cross-compiler is the open-source <a href="http://www.ikvm.net/">IKVMC</a> product. 
The code of course makes many calls on classes provided by the Java run-time library. On the
.NET platform, most of these are provided by the OpenJDK product: Saxon comes with a version of
the OpenJDK library, itself cross-compiled as a .NET assembly. Other run-time services are obtained
from the .NET platform itself. These include XML parsing, handling of URI resolution, and internationalized
collation support. </box>


      <p>For more information about Saxon on the .NET platform, see <xref section="dotnet">Saxon on .NET</xref>.</p>


         <subtitle>Prerequisites: .NET platform</subtitle>

         <p>The following software must be installed separately, it is not included with the Saxon download.</p>
         <ul>
            <li content="para">To run Saxon you need to install the .NET platform, version 2.0 or later.</li>
            <li content="para">It has been reported that Saxon runs without problems on .NET version 4.0,
      but this platform has not been tested by Saxonica.</li>
         </ul>

         <p>Because Saxon is run from the command line, you might find it useful (under Microsoft Windows)
 to have a text editor
with better command-line support than the standard DOS window. 
I use <a href="http://www.ultraedit.com">UltraEdit</a>.</p>
      

      <subtitle>Installing the software</subtitle>

         <p>The software is issued in the form of a .exe file containing an installation wizard: all you need to do
            is to run it, answering simple prompts such as the directory in which you want it installed.</p>

         <p>The main components
are as follows:</p>
         <table>
            <thead>
               <tr>
                  <td content="para">
                     <b>File</b>
                  </td>
                  <td content="para">
                     <b>Contents</b>
                  </td>
               </tr>
            </thead>
            <tbody>
               <tr>
                  <td content="para">saxon9he.dll, saxon9pe.dll or saxon9ee.dll</td>
                  <td content="para">The Saxon library for Home Edition, Professional Edition, or Enterprise Edition</td>
               </tr>
               <tr>
                  <td content="para">saxon9he-api.dll, saxon9pe-api.dll, saxon9ee-api.dll</td>
                  <td content="para">The classes implementing Saxon's .NET API. The three DLLs are identical except
    that they contain references to the appropriate version of the main Saxon DLL.</td>
               </tr>
               <tr>
                  <td content="para">Transform.exe</td>
                  <td content="para">Command line entry-point for XSLT transformation</td>
               </tr>
               <tr>
                  <td content="para">Query.exe</td>
                  <td content="para">Command line entry-point for XQuery evaluation</td>
               </tr>
               <tr>
                  <td content="para">Validate.exe</td>
                  <td content="para">(Saxon-EE only) Command line entry-point for XML Schema validation</td>
               </tr>
               <tr>
                  <td content="para">IKVM.Runtime.dll</td>
                  <td content="para">Run-time library for the IKVM cross-compiler</td>
               </tr>
               <tr>
                  <td content="para">IKVM.OpenJDK.XXXX.dll</td>
                  <td content="para">A number of DLL files containing parts of the Java OpenJDK class library cross-compiled to .NET</td>
               </tr>
            </tbody>
         </table>
         
         <p>These files will typically be found in a folder with a name such as <code>c:\Program Files\Saxonica\SaxonHE9.3N\bin</code></p>


         <p>You may find it useful to add this directory to the <code>PATH</code> environment variable.
This enables you to use the commands <code>Transform</code>, <code>Query</code>, and <code>Validate</code> without
identifying their location explicitly.</p>


      <subtitle>Obtaining a license key</subtitle>

         <p>The open-source Saxon-HE product does not require any license key. For Saxon-PE and Saxon-EE, however,
you need to obtain a license key from Saxonica. You can order a free license key for a 30-day
evaluation, or purchase an unrestricted license key from the <a href="http://www.saxonica.com/">Saxonica</a>
web site.</p>

         <p>Since Saxon 9.2 license keys are compatible between the Java and .NET platforms.</p>

         <p>The license key will arrive in the form of a file named <code>saxon-license.lic</code> attached
to an email message. Copy the file into the <code>/bin</code> directory containing the Saxon
DLLs, for example <code>c:\Program Files\Saxonica\SaxonEE9.3N\bin</code></p>

         <p>If you acquire Saxon-PE or Saxon-EE as a component of an application with which it has been integrated, the
application may activate the software automatically using an OEM license key. In this case you do
not need to acquire an individual license key of your own.</p>

      <subtitle>Sample applications</subtitle>

         <p>Saxon on .NET is distributed with a number of sample applications. These are issued 
(together with Saxon-HE source
code and documentation) in a separate download file <code>saxon-resources9-n.zip</code>, available
from both the SourceForge and Saxonica web sites. Once this is unzipped, the sample applications
can be found in the directory <code>/samples</code>. They are described <xref section="samples">here</xref>.</p>

         <p>Many of the samples are equally applicable to the Java and .NET platforms. However, there are several
programs in the <code>/samples/cs</code> directory that are specifically designed to illustrate ways of
using the <code>Saxon.Api</code> interface. This interface is exclusive to the .NET product, and is
described in more detail in <xref section="dotnet" page="dotnetapi">Saxon API for .NET</xref>.
These sample applications are described in 
<xref section="samples" page="dotnetsamples">Example applications for .NET</xref>.</p>

   </page>

   <page xml:id="historical">
      <title>Historical Note</title>

      <p>Saxon has been under development since 1998. Almost all the code was written by
one person, Michael Kay, which has resulted in a high level of design integrity. More recently
O'Neil Delpratt has joined Saxonica's development team.</p>

      <p>Saxon was originally written to support an internal project in ICL (now part of <a href="http://www.fujitsu.com">Fujitsu</a>),
and ICL continued to sponsor development of Saxon until Michael Kay left the company 
in January 2001. ICL chose not to market it as a commercial product, but to make the code available to the public
under the Mozilla public license. From 2001 through 2003 Michael Kay worked
for <a href="http://www.softwareag.com">Software AG</a>, who continued
to sponsor the development of Saxon as an open source product.</p>

      <p>In March 2004 Michael Kay founded <a href="http://www.saxonica.com/">Saxonica Limited</a> to provide
ongoing development and support of Saxon as a commercial venture. Saxonica continues to
develop the basic (non-schema-aware) version of Saxon as an open source product, while at the same
time delivering professional services and additional software (Saxon-PE and Saxon-EE)
as commercial offerings. The commercial product incorporates the code of the open-source product
in its entirety, with the addition of schema-processing technology, and is produced in accordance with the provisions
defined by the Mozilla Public License.</p>

      <p>The port of Saxon to the .NET platform was pioneered by Pieter Siegers Kort and M. David Peterson, without
any involvement from Saxonica. Their work was absorbed into the Saxonica product line from Saxon 8.7 onwards.
The Saxonica product used the same approach as the previous Saxon.NET product
for cross-compiling the code into CIL assemblies. In addition, however, it provided a new .NET API
for use by C# and other .NET applications, and made much greater use of .NET services such as
collations and regular expression processing. This integration was done by Saxonica with generous
advice from M. David Peterson. The project would not have been possible without the IKVMC
cross-compilation technology developed by Jeroen Frijters, as well as the GNU Classpath developed
by a large team of individual enthusiasts. The use of GNU Classpath was subsequently discontinued and
replaced with OpenJDK.</p>

      <p><i>It is unfortunately not possible to release Saxon-HE under any license other than the Mozilla Public License.
Although the amount of code from external contributors is small, it is not practically feasible to obtain the necessary permission 
from all these people to release under a different license. Saxonica is monitoring the progress of the 
project to create a version 2.0 of the Mozilla Public License as a potential replacement for the current license.</i></p>

      <p>The name Saxon was chosen because originally it was a layer on top of SAX. Also, it originally used
the Ælfred parser (among others); Ælfred of course was a Saxon king...</p>
   </page>

   <page xml:id="support">
      <title>Technical Support</title>

      <p><i>This information applies primarily to the open-source product Saxon-HE.</i></p>

      <p>Please read the <xref section="conditions">Conditions of Use</xref>.</p>

      <p>The open-source Saxon-HE product comes with no warranty and no formal technical support service.</p>
      <subpageindex/>

      <subpage xml:id="forum">
         <title>Lists and forums for getting help</title>
         
         <p>If you have a general question about XSLT or XPath programming, that is not
            specifically related to Saxon, we recommend the <a href="http://www.mulberrytech.com/xsl/xsl-list/">xsl-list</a>: check first that the query
 isn't already covered in the FAQ. The archives of the list can be searched at 
 <a href="http://xsl-list.markmail.org/">MarkMail</a>. Other useful sites for XSLT information are
 <a href="http://www.xslt.com/">www.xslt.com</a> and 
  <a href="http://www.jenitennison.com/">www.jenitennison.com</a>.</p>
  
  <p>Similarly, there are a number of help forums for XQuery: for details see the
XQuery home page at <a href="http://www.w3.org/XML/Query">http://www.w3.org/XML/Query</a>.
The most active is <a href="http://www.xquery.com/">talk at xquery.com</a>.</p>

         <p>If you have questions specific to Saxon you can usually get an answer by raising them on the Saxon
help list at <a href="https://lists.sourceforge.net/lists/listinfo/saxon-help">http://lists.sourceforge.net/lists/listinfo/saxon-help</a>. You will need
to register.</p>

         <p>Alternatively, you can also use the saxon-help forum on the SourceForge project site. Saxonica monitors
both; however, if you want to get input from other Saxon users, the mailing list is usually more
effective. You can also use the support-requests tracker on SourceForge; unlike the forum, this
allows attachments to be uploaded.</p>

<box>Please do not ask for help via the bug tracker on SourceForge. We prefer to keep this for confirmed
    bugs only. It's much easier to search it for known bugs if it isn't cluttered with support requests
    that are not bugs at all.</box>



         
      </subpage>

      <subpage xml:id="patches">
         <title>Bugs and patches</title>

         <p>If you hit something that looks like a bug, please check the known errors on
<a href="http://sourceforge.net/projects/saxon">the Saxon project pages at SourceForge</a>.
Also check the list archives.</p>
         <box>Please don't enter the problem into the bug register until it
is confirmed as a bug: it's easier for everyone to search for real bugs if the register isn't
cluttered with problems that turned out not to be bugs at all.</box>

         <p>If you need to submit attachments, this is best done through the <b>Support Requests</b>
tracker on the SourceForge site.</p>

         <p>Saxon-EE and Saxon-PE users are provided with an email address that allows bug reports to be sent
to Saxonica privately if preferred.</p>

         <p>The open source code of Saxon-HE is maintained in a Subversion repository on the SourceForge site.
This exists solely to provide early access to source patches, it is not (currently) used to deliver
incremental releases of new functionality. Building the Jar files is reasonably easy for an experienced
Java programmer; an Ant script is provided to assist with this, but it is likely to require customization
to local requirements (for example, deleting the parts concerned only with Saxon-EE or Saxon on .NET). 
Building the .NET product is considerably more complicated, and although scripts are provided, 
you should only attempt it if you have a good knowledge of both platforms.</p>

         <p>If you wish to contribute modifications to the open source code, you will need to be prepared
            to sign a contributor agreement defining the terms under which the code is made available. This 
            may need the written agreement of your employer. You should also check with Saxonica in advance
            to discuss the format of test material to be submitted along with code changes; proposed 
            contributions have often been rejected because they came without adequate tests.</p>
      </subpage>
   </page>

   <page xml:id="related">
      <title>Related Products</title>

      <p>This section lists some Saxon add-ons and extensions produced by third parties. Saxonica Limited
takes no responsibility for the quality of these products. More information about third party products is
available on the Saxon <a href="https://sourceforge.net/apps/mediawiki/saxon/index.php?title=Main_Page">wiki pages</a></p>
      <subtitle>Open Source tools</subtitle>

      <p><a href="http://sourceforge.net/projects/kernowforsaxon/">Kernow</a> is a graphical
front-end for Saxon. This is an open-source product developed by Andrew Welch. It provides an effective alternative to the Saxon
command line interface for users who prefer a GUI for running ad-hoc transformations.</p>

      <p>On MAC OS/X, Todd Ditchendorf has produced <a href="http://www.ditchnet.org/xslpalette/">XSLPalette</a>, which is
designed to integrate with your own choice of text editor to provide XSLT development and debugging support.</p>
      <subtitle>Commercial Editors and Debuggers</subtitle>

      <p>A number of commercial XML IDEs provide support for XML, XSLT, and/or XQuery editing and debugging,
with the ability to configure Saxon as the chosen XSLT/XQuery processor. These include:</p>
      <ul>
         <li content="para">
            <a href="http://www.stylusstudio.com/">Stylus Studio</a>: offers XSLT, XQuery, and XML Schema
development and debugging, all using Saxon. This is currently the only
IDE that offers Saxon-EE built-in.</li>
         <li content="para">
            <a href="http://www.oxygenxml.com/">oXygen</a> offers XSLT and XML Schema development
and debugging for Saxon. Integrates Saxon-B, and works with Saxon-EE which you must purchase separately.</li>
         <li content="para">A budget XML Editor and Debugger for Saxon is <a href="http://www.editix.com/">EditiX</a>,
with prices starting at $22.</li>
         <li content="para">
            <a href="http://www.altova.com/">XML Spy from Altova</a> allows you to configure
Saxon as your XSLT or XQuery processor, but does not provide Saxon debugging. There is also
<a href="http://members.chello.at/spiffbase/spycomponents/ValidatorBuddy.htm">a third-party plug-in</a>
 that allows Saxon-EE to be used for schema validation.</li>
      </ul>
      <subtitle>XQuery Documentation</subtitle>

      <p><b>xqDoc</b> is a Javadoc-like documentation tool for XQuery. It works with Saxon, and is
available either as a free-standing tool from <a href="http://xqdoc.org/">http://xqdoc.org/</a>
or as part of <a href="http://www.stylusstudio.com/">Stylus Studio</a>.</p>
   </page>
</section>