<?xml version="1.0"?>
<catalog xmlns="http://www.saxonica.com/ns/doc/catalog" xmlns:xsi="http://www.w3.org/2001/XMLSchema-instance" xsi:schemaLocation="http://www.saxonica.com/ns/doc/catalog file:///c:/MyJava/doc/saxon8/catalog-schema.xsd">
<section ref="about"/>
<section ref="changes"/>
<section ref="conditions"/>
<section ref="configuration"/> 
<section ref="using-xsl"/>
<section ref="using-xquery"/>
<section ref="sourcedocs"/>
<section ref="schema-processing"/>
<section ref="xpath-api"/>
<section ref="dotnet"/>
<section ref="extensibility"/>
<section ref="extensions"/>
<section ref="samples"/>
<section ref="sql-extension"/>
<section ref="xsl-elements"/>
<section ref="expressions"/>
<section ref="functions"/>
<section ref="conformance"/>
<section ref="index-entries"/>
</catalog>
