<?xml version="1.0" encoding="UTF-8"?>
<section xml:id="conditions">
   <title>Licensing</title>

   <page xml:id="intro">
      <title>Introduction</title>

      <p>This section of the documentation provides information about Saxon licensing,
including required <index>notices</index> for open-source <index>components</index> that have been incorporated
into Saxon, and acknowledgments of contributors.</p>

      <p>This documentation relates both to the open source Saxon-HE product and to the commercial
products Saxon-PE and Saxon-EE. The conditions of use are of course different in the two cases.</p>

      <p>The information in this section applies to both the Java and .NET versions of Saxon,
unless otherwise specified.</p>
      <subtitle>Saxon-HE</subtitle>

      <p>The open-source Saxon-HE product is made available under the <index>Mozilla Public License</index> Version 1.0
(the "License"); you may not use the software except as permitted by the License.
 You may obtain a copy of the License at <a href="http://www.mozilla.org/MPL/">http://www.mozilla.org/MPL/</a></p>

      <p>The source code of Saxon-HE can be considered for <index>licensing</index> purpose as having three parts:</p>
      <ul>
         <li content="para">Category A consists of code which was written
as part of Saxon either by the initial developer, or by another contributor. All such components are subject only
to the MPL 1.0 license. A <xref page="contributors">List of Contributors</xref> is provided, for information.</li>
         <li content="para">Category B code  was originally
produced as part of some other product and subsequently incorporated (with varying degrees of modification) into Saxon
by way of source code integration. Many of these components have their own license conditions: these are in all cases
licenses similar in form to either the Mozilla Public License or the BSD license. All these licenses are "non-infectious": they
permit the code to be combined into a commercial product without requiring the commercial code to become open source.
In some cases the license
conditions require the origin of the code to be acknowledged, typically by including a notice in all distributions of the
product. These notices are provided in the <code>notices</code> directory of the Saxon product as distributed,
and the documentation provides a table listing all these <xref page="third-party-components">Third-party code components</xref>.</li>
         <li content="para">Category C code consists of components that are included unchanged in the Saxon distribution in binary form,
for the convenience of users to avoid the need for a separate download. (There are no such components in the Java
product; in the .NET product this category includes the IKVMC and OpenJDK runtimes, the Apache <index>Xerces</index> parser, and the <index>TagSoup</index>
HTML parser.) These are listed 
as <xref page="redistributed">Redistributed components</xref>
         </li>
      </ul>
      <subtitle>Saxon-EE and Saxon-PE</subtitle>

      <p>The Enterprise and Professional editions of Saxon are commercial products released under the terms and conditions published 
at <a href="http://www.saxonica.com/paid-license.pdf">http://www.saxonica.com/paid-license.pdf</a>.</p>

      <p>These products include the functionality of Saxon-HE as a subset. The source code for Saxon-PE and Saxon-EE
can be considered to be in three parts:</p>
      <ol>
         <li content="para">Source code for which Saxonica Limited owns the <index>copyright</index>, which Saxonica has chosen
  to make available to the public under the Mozilla Public License (around 250K lines of code)</li>
         <li content="para">Source code for which Saxonica Limited owns the copyright, which Saxonica has chosen
   to retain as proprietary (around 90K lines of code)</li>
         <li content="para">Open source code developed and licensed by third parties and used by Saxonica under the terms of those licenses
  (around 20K lines of code)</li>
      </ol>

      <p>The code in the third category is also used in Saxon-HE (that is: there is no open source code in Saxon-PE or Saxon-EE
  that is not also used in Saxon-HE). In all cases the license under which the code was used permits the creation
  of commercial products derived from this code, and does not "infect" such products with open source obligations.
  In many cases the relevant license requires a notice to be published; this is satisfied by inclusion of the relevant notices
  in this docoumentation and also in the <code>notices</code> directory of the issued product. In many cases the relevant
  license also requires any modifications to source code to be published; this is satisfied by issuing the source code of
  Saxon-HE, which includes all such modifications.</p>
      <subtitle>The Saxon SQL extension</subtitle>

      <p>The Saxon SQL extension is available as an open-source plug-in to Saxon-PE or Saxon-EE. It will not run with Saxon-HE
because it relies on XSLT element extensibility, a feature not available in Saxon-HE. However, the code of the SQL extension
itself is open-source and is issued under the Mozilla Public License, meaning that you are free to extend it and customize
it to your needs, even though it requires Saxon-PE or Saxon-EE to run.</p>
      <subtitle>EXSLT extensions</subtitle>

      <p>A substantial number of extension functions defined in <index>EXSLT</index> are available as an open-source plug-in to Saxon-PE or Saxon-EE.
These are implemented as reflexive extension functions, and therefore rely on a mechanism not available in Saxon-HE.
However, the code of the these extension functions
itself is open-source and is issued under the Mozilla Public License, meaning that you are free to extend it and customize
it to your needs, even though it requires Saxon-PE or Saxon-EE to run.</p>
      <subtitle>Redistribution</subtitle>

      <p><index>Redistribution</index> of Saxon-HE is freely permitted under the terms of the Mozilla Public License. Note that this requires
inclusion of all the necessary notices. If any source code changes are made, the license requires that they be published.</p>

      <p>If you produce a product that includes or requires Saxon-HE, please refer to it prominently as
"The Saxon XSLT and XQuery Processor from Saxonica Limited", and include the URL of the
home page, which is at <a href="http://www.saxonica.com/">http://www.saxonica.com/</a>. 
As a courtesy, please take reasonable steps to ensure that your users know that they are running Saxon.</p>

      <p>Redistribution of Saxon-PE or Saxon-EE as a component of a commercial application is possible under commercial terms;
prices are published in the Saxonica online store.</p>
      <subtitle>Technical Support (Saxon-HE)</subtitle>

      <p>Software distributed under the License is distributed on an "AS IS" basis,
 WITHOUT WARRANTY OF ANY KIND, either express or implied.
  See the License for the specific language governing rights and limitations under the License.</p>

      <p>There is no guarantee of <index>technical support</index>, though we are usually able to answer enquiries
within a few days. Please subscribe to the mailing list available at
 <a href="http://lists.sourceforge.net/lists/listinfo/saxon-help">
 http://lists.sourceforge.net/lists/listinfo/saxon-help</a> and raise any enquiries there;
 or use the saxon-help forum, also available on the SourceForge pages.
Also check the Saxon project pages on SourceForge for details of known errors; all bugs are
listed there as soon as there is sufficient evidence to describe the nature of the problem.</p>

      <p><b>Please do not enter suspected <index>bugs</index> directly into the "bugs" tracker on <index>SourceForge</index>.
We prefer to keep that for confirmed bugs only, so that it is easier to search for known bugs.</b></p>
   </page>

   <page xml:id="contributors">
      <title>Contributors</title>

      <p>This page lists contributors to the "Category A" source code of Saxon-HE, as defined above. This
list is provided purely for information and does not imply that the contributor has any rights, responsibilities,
or liabilities in respect of the code. Definitive information about contributors to each module is included
in the standard wording of the Mozilla Public License present in each module of the source code.</p>

      <p>The aim is to acknowledge all contributions, however small. The information has been compiled after
the event, so there may be contributions that are not mentioned here. I apologize for any omissions and will
be happy to rectify them. I will also remove any names from this list on request, though the names cannot be omitted from the
source code itself.</p>

      <p>All
contributors listed explicitly asked or agreed to have their code published as
part of the Saxon open source product and thus explicitly or implicitly agreed
to its release under the Mozilla public license. </p>

<box>If you are interested in becoming a contributor, please contact Saxonica before sending
    any code. You will need to sign a written contributor agreement, perhaps countersigned by
    your employer; and you will need to discuss technical arrangements such as the format for
    test material.</box>

      <p>The LOC figure is an estimate of the number
of lines of code contributed, including comments.</p>
      <table border="1">
         <tr>
            <td content="para">
               <b>Name</b>
            </td>
            <td content="para">
               <b>Company if stated</b>
            </td>
            <td content="para">
               <b>LOC</b>
            </td>
            <td content="para">
               <b>Contribution</b>
            </td>
            <td content="para">
               <b>Date</b>
            </td>
         </tr>
         <tr>
            <td content="para">Rick Bonnett</td>
            <td content="para"> </td>
            <td content="para">250</td>
            <td content="para">Enhancements to the Saxon code for
  accessing relational databases (package net.sf.saxon.sql, modules SQLQuery
  and SQLClose)</td>
            <td content="para">2004?</td>
         </tr>
         <tr>
            <td content="para">Erik Bruchez</td>
            <td content="para">Orbeon</td>
            <td content="para">1800</td>
            <td content="para">Code to interface Saxon with DOM4J.
  Package net.sf.saxon.dom4j.</td>
            <td content="para">2006</td>
         </tr>
         <tr>
            <td content="para">Dominique Devienne and Dave Hale</td>
            <td content="para">Landmark Graphics</td>
            <td content="para">1000</td>
            <td content="para">Utilities for handling integer sets and
  maps. Package net.sf.saxon.sort, modules IntHashMap, IntHashSet,
  IntToIntHashMap</td>
            <td content="para">2005?</td>
         </tr>
         <tr>
            <td content="para">Ruud Diterwich</td>
            <td content="para"> </td>
            <td content="para">300</td>
            <td content="para">Code for efficient copying of trees.
  package net.sf.saxon.event module DocumentSender; package
  net.sf.saxon.tinytree module TimyElementImpl method copy()</td>
            <td content="para">2004?</td>
         </tr>
         <tr>
            <td content="para">Efraim Feinstein</td>
            <td content="para"> </td>
            <td content="para">100</td>
            <td content="para">Number formatting in traditional Hebrew.</td>
            <td content="para">2009</td>
         </tr>
         <tr>
            <td content="para">Edwin Glaser</td>
            <td content="para"> </td>
            <td content="para">1000</td>
            <td content="para">Diagnostic code for tracing execution of
  stylesheets (package net.sf.saxon.trace, various modules; and calls to these
  routines scattered around the Saxon code)</td>
            <td content="para">2001?</td>
         </tr>
         <tr>
            <td content="para">Karel Goossens</td>
            <td content="para">BTR-Services, Belgium</td>
            <td content="para">1000</td>
            <td content="para">Number and date formatting for Danish,
  Swedish, Italian, Dutch, Belgian French, and Flemish. Package
  net.sf.saxon.number, module Numberer_XX where XX is da, sv, it, nl, frBE,
  nlBE</td>
            <td content="para">2007</td>
         </tr>
         <tr>
            <td content="para">Wolfgang Hoschek</td>
            <td content="para">Lawrence Berkeley [US] National
  Laboratory</td>
            <td content="para">1800</td>
            <td content="para">Code to interface Saxon with XOM. Package
  net.sf.saxon.xom, all modules</td>
            <td content="para">2005?</td>
         </tr>
         <tr>
            <td content="para">Dmitry Kirsanov</td>
            <td content="para"> </td>
            <td content="para">12</td>
            <td content="para">Data used for Cyrillic numbering. Package
  net.sf.saxon.number, module Numberer_en</td>
            <td content="para">2002?</td>
         </tr>
         <tr>
            <td content="para">Mathias Payer</td>
            <td content="para"> </td>
            <td content="para">140</td>
            <td content="para">Enhancements to the Saxon code for
  accessing relational databases Package net.sf.saxon.sql, module SQLDelete</td>
            <td content="para">2002?</td>
         </tr>
         <tr>
            <td content="para">Murakami Shinyu</td>
            <td content="para"> </td>
            <td content="para">30</td>
            <td content="para">Data used for Japanese numbering. Package
  net.sf.saxon.number, module Numberer_en</td>
            <td content="para">2002?</td>
         </tr>
         <tr>
            <td content="para">Luc Rochefort (with testing by Laurent
  Bourbeau and  Grégoire Djénandji</td>
            <td content="para"> </td>
            <td content="para">250</td>
            <td content="para">Number and date formatting in French.
  Package net.sf.saxon.number, module Numberer_fr</td>
            <td content="para">2005?</td>
         </tr>
         <tr>
            <td content="para">Gunther Schadow</td>
            <td content="para"> </td>
            <td content="para">20</td>
            <td content="para">Enhancements to Query command line
  interface to allow input from stdin. Package net.sf.saxon, module Query</td>
            <td content="para">2004?</td>
         </tr>
         <tr>
            <td content="para">Simon StLaurent</td>
            <td content="para"> ;</td>
            <td content="para">320</td>
            <td content="para">EXSLT math library. Package
  net.sf.saxon.option.exslt, module Math</td>
            <td content="para">2004?</td>
         </tr>
         <tr>
            <td content="para">Martin Szugat</td>
            <td content="para"> </td>
            <td content="para">140</td>
            <td content="para">EXSLT random library. Package
  net.sf.saxon.option.exslt, module Random</td>
            <td content="para">June
  2004</td>
         </tr>
         <tr>
            <td content="para">Claudio Thomas</td>
            <td content="para"> </td>
            <td content="para">290</td>
            <td content="para">Enhancements to the Saxon code for
  accessing relational databases. Package net.sf.saxon.sql, module SQLQuery </td>
            <td content="para">2003?</td>
         </tr>
      </table>
   </page>

   <page xml:id="third-party-components" size="1.1">
      <title>Third Party Source Components</title>

      <p>These tables lists components in category B as described above. (Category B is open
source code that has been integrated at source level)</p>

      <p>Unlike contributed code, this code was typically not written expressly for inclusion in Saxon, but
was originally published under some other license.</p>
      <subtitle>A2 Base64 Encoder/Decoder</subtitle>
      <table border="1">
         <tr>
            <td content="para">Origin</td>
            <td content="para">Netscape Communications Corp</td>
         </tr>
         <tr>
            <td content="para">Description</td>
            <td content="para">Encoder and decoder for Base 64</td>
         </tr>
         <tr>
            <td content="para">Approximate LOC</td>
            <td content="para">400</td>
         </tr>
         <tr>
            <td content="para">Saxon packages / modules</td>
            <td content="para">Two inner classes within
  net.sf.saxon.value.Base64Value</td>
         </tr>
         <tr>
            <td content="para">Modifications</td>
            <td content="para">Minor modifications needed to meet the
  W3C XML Schema specification for Base64 lexical representation</td>
         </tr>
         <tr>
            <td content="para">Availability of source</td>
            <td content="para">Apparently no longer available. Originally part of
  Netscape Directory Server, package netscape.ldap.util, modules
  MimeBase64Encoder and MimeBase64Decoder. </td>
         </tr>
         <tr>
            <td content="para">Source version used</td>
            <td content="para">Unknown. Snapshot taken in 2004.</td>
         </tr>
         <tr>
            <td content="para">License</td>
            <td content="para">Netscape 1.1: see <a href="http://www.mozilla.org/MPL/NPL-1.1.html">http://www.mozilla.org/MPL/NPL-1.1.html</a>
            </td>
         </tr>
      </table>
      <subtitle>A3 Generic Sorter</subtitle>
      <table border="1">
         <tr>
            <td content="para">Origin</td>
            <td content="para">CERN (author Wolfgang Hoschek)</td>
         </tr>
         <tr>
            <td content="para">Description</td>
            <td content="para">Generic sort routines based on published
  algorithms</td>
         </tr>
         <tr>
            <td content="para">Approximate LOC</td>
            <td content="para">500</td>
         </tr>
         <tr>
            <td content="para">Saxon packages / modules</td>
            <td content="para">net.sf.saxon.sort.GenericSorter</td>
         </tr>
         <tr>
            <td content="para">Modifications</td>
            <td content="para">Minimal modifications needed to integrate
  the code</td>
         </tr>
         <tr>
            <td content="para">Availability of source</td>
            <td content="para">Currently available as part of Colt
  project, http://dsd.lbl.gov/~hoschek/colt/, module cern.colt.GenericSorting</td>
         </tr>
         <tr>
            <td content="para">Source version used</td>
            <td content="para">Unknown. Snapshot taken in  2004?</td>
         </tr>
         <tr>
            <td content="para">License</td>
            <td content="para">CERN License: see below</td>
         </tr>
      </table>
      <box>Copyright © 1999 CERN - European Organization for Nuclear Research.<br/>
         <br/>

Permission to use, copy, modify, distribute and sell this software and its documentation for any purpose
is hereby granted without fee, provided that the above copyright notice appear in all copies and
that both that copyright notice and this permission notice appear in supporting documentation.
CERN makes no representations about the suitability of this software for any purpose.
It is provided "as is" without expressed or implied warranty.
</box>
      <subtitle>A4 Unicode Normalization</subtitle>
      <table border="1">
         <tr>
            <td content="para">Origin</td>
            <td content="para">Unicode Consortium (author Mark Davis)</td>
         </tr>
         <tr>
            <td content="para">Description</td>
            <td content="para">Routines for Unicode character
  normalization</td>
         </tr>
         <tr>
            <td content="para">Approximate LOC</td>
            <td content="para">3500 (including data sets)</td>
         </tr>
         <tr>
            <td content="para">Saxon packages / modules</td>
            <td content="para">net.sf.saxon.sort.codenorm.*</td>
         </tr>
         <tr>
            <td content="para">Modifications</td>
            <td content="para">Core functionality unchanged; rewrote the
  module that loads the data tables from the Unicode character database; removed
  dependencies on ICU; fixed a few bugs</td>
         </tr>
         <tr>
            <td content="para">Availability of source</td>
            <td content="para">Specification of algorithm at http://unicode.org/reports/tr15/,
  code available via http://www.unicode.org/reports/tr15/Normalizer.html</td>
         </tr>
         <tr>
            <td content="para">Source version used</td>
            <td content="para">No version number. Snapshot taken in June
  2005</td>
         </tr>
         <tr>
            <td content="para">License 
  </td>
            <td content="para">Unicode license: see below:</td>
         </tr>
      </table>
      <box>COPYRIGHT AND PERMISSION NOTICE<br/>
Copyright © 1991-2007 Unicode, Inc. All rights reserved. 
Distributed under the Terms of Use in http://www.unicode.org/copyright.html.<br/>
         <br/>

Permission is hereby granted, free of charge, to any person obtaining 
a copy of the Unicode data files and any associated documentation 
(the "Data Files") or Unicode software and any associated documentation 
(the "Software") to deal in the Data Files or Software without restriction, 
including without limitation the rights to use, copy, modify, merge, publish, 
distribute, and/or sell copies of the Data Files or Software, and to permit 
persons to whom the Data Files or Software are furnished to do so, provided 
that (a) the above copyright notice(s) and this permission notice appear 
with all copies of the Data Files or Software, (b) both the above copyright 
notice(s) and this permission notice appear in associated documentation, 
and (c) there is clear notice in each modified Data File or in the 
Software as well as in the documentation associated with the Data File(s) 
or Software that the data or software has been modified.<br/>
         <br/>

THE DATA FILES AND SOFTWARE ARE PROVIDED "AS IS", WITHOUT WARRANTY OF 
ANY KIND, EXPRESS OR IMPLIED, INCLUDING BUT NOT LIMITED TO THE WARRANTIES 
OF MERCHANTABILITY, FITNESS FOR A PARTICULAR PURPOSE AND NONINFRINGEMENT 
OF THIRD PARTY RIGHTS. IN NO EVENT SHALL THE COPYRIGHT HOLDER OR HOLDERS 
INCLUDED IN THIS NOTICE BE LIABLE FOR ANY CLAIM, OR ANY SPECIAL INDIRECT
OR CONSEQUENTIAL DAMAGES, OR ANY DAMAGES WHATSOEVER RESULTING FROM LOSS
OF USE, DATA OR PROFITS, WHETHER IN AN ACTION OF CONTRACT, NEGLIGENCE 
OR OTHER TORTIOUS ACTION, ARISING OUT OF OR IN CONNECTION WITH THE USE
OR PERFORMANCE OF THE DATA FILES OR SOFTWARE.<br/>
         <br/>

Except as contained in this notice, the name of a copyright holder shall
 not be used in advertising or otherwise to promote the sale, use 
 or other dealings in these Data Files or Software without prior 
 written authorization of the copyright holder.
</box>
      <subtitle>A5 XPath Parser</subtitle>
      <table border="1">
         <tr>
            <td content="para">Origin</td>
            <td content="para">James Clark (www.jclark.com)</td>
         </tr>
         <tr>
            <td content="para">Description</td>
            <td content="para">Top-down parser and lexical tokenizer for
  XPath</td>
         </tr>
         <tr>
            <td content="para">Approximate LOC</td>
            <td content="para">1000 (including data sets)</td>
         </tr>
         <tr>
            <td content="para">Saxon packages / modules</td>
            <td content="para">net.sf.saxon.expr.*, modules
  ExpressionParser, Tokenizer, Token</td>
         </tr>
         <tr>
            <td content="para">Modifications</td>
            <td content="para">Almost entirely rewritten with enhancements
  to handle XPath 2.0 and XQuery 1.0 syntax, improved error reporting, etc.</td>
         </tr>
         <tr>
            <td content="para">Availability of source</td>
            <td content="para">Derives from James Clark's xt product,
  which in its original form is at http://www.jclark.com/xml/xt-old.html.
  Package com.jclark.xsl.expr, modules ExprParser and ExprTokenizer</td>
         </tr>
         <tr>
            <td content="para">Source version used</td>
            <td content="para">Unknown. Snapshot taken in 1999.</td>
         </tr>
         <tr>
            <td content="para">License</td>
            <td content="para">James Clark (see below). Apparently copyright has
  since been transferred to the Thai Open Source Center Ltd.</td>
         </tr>
      </table>
      <box>
Copyright (c) 1998, 1999 James Clark<br/>
         <br/>

Permission is hereby granted, free of charge, to any person obtaining
a copy of this software and associated documentation files (the
"Software"), to deal in the Software without restriction, including
without limitation the rights to use, copy, modify, merge, publish,
distribute, sublicense, and/or sell copies of the Software, and to
permit persons to whom the Software is furnished to do so, subject to
the following conditions:<br/>
         <br/>

The above copyright notice and this permission notice shall be included
in all copies or substantial portions of the Software.<br/>
         <br/>

THE SOFTWARE IS PROVIDED "AS IS", WITHOUT WARRANTY OF ANY KIND, EXPRESS
OR IMPLIED, INCLUDING BUT NOT LIMITED TO THE WARRANTIES OF
MERCHANTABILITY, FITNESS FOR A PARTICULAR PURPOSE AND NONINFRINGEMENT.
IN NO EVENT SHALL JAMES CLARK BE LIABLE FOR ANY CLAIM, DAMAGES OR
OTHER LIABILITY, WHETHER IN AN ACTION OF CONTRACT, TORT OR OTHERWISE,
ARISING FROM, OUT OF OR IN CONNECTION WITH THE SOFTWARE OR THE USE OR
OTHER DEALINGS IN THE SOFTWARE.<br/>
         <br/>

Except as contained in this notice, the name of James Clark shall
not be used in advertising or otherwise to promote the sale, use or
other dealings in this Software without prior written authorization
from James Clark.<br/>
         <br/>
      </box>
      <subtitle>A6 Regex Translator</subtitle>
      <table border="1">
         <tr>
            <td content="para">Origin</td>
            <td content="para">James Clark (www.jclark.com)</td>
         </tr>
         <tr>
            <td content="para">Description</td>
            <td content="para">Translator from XML Schema regular
  expressions to JDK 1.4 regular expressions</td>
         </tr>
         <tr>
            <td content="para">Approximate LOC</td>
            <td content="para">1000</td>
         </tr>
         <tr>
            <td content="para">Saxon packages / modules</td>
            <td content="para">net.sf.saxon.java, modules
  JDK14RegexTranslator and JDK15RegexTranslator, and net.sf.saxon.dotnet,
  module DotNetRegexTranslator</td>
         </tr>
         <tr>
            <td content="para">Modifications</td>
            <td content="para">Enhancements to handle XPath 2.0 regular
  expressions as input and to produce JDK 1.5 and .NET regular expressions as
  output</td>
         </tr>
         <tr>
            <td content="para">Availability of source</td>
            <td content="para">Available at 
  http://www.thaiopensource.com/download/xsdregex-20020430.zip</td>
         </tr>
         <tr>
            <td content="para">Source version used</td>
            <td content="para">20020430</td>
         </tr>
         <tr>
            <td content="para">License</td>
            <td content="para">Thai Open Source Center Ltd.</td>
         </tr>
      </table>
      <box>
Copyright (c) 2001-2003 Thai Open Source Software Center Ltd
All rights reserved.<br/>
         <br/>

Redistribution and use in source and binary forms, with or without
modification, are permitted provided that the following conditions are
met:<br/>
         <br/>

    * Redistributions of source code must retain the above copyright
    notice, this list of conditions and the following disclaimer.<br/>
         <br/>

    * Redistributions in binary form must reproduce the above copyright
    notice, this list of conditions and the following disclaimer in
    the documentation and/or other materials provided with the
    distribution.<br/>
         <br/>

    * Neither the name of the Thai Open Source Software Center Ltd nor
    the names of its contributors may be used to endorse or promote
    products derived from this software without specific prior written
    permission.<br/>
         <br/>

THIS SOFTWARE IS PROVIDED BY THE COPYRIGHT HOLDERS AND CONTRIBUTORS
"AS IS" AND ANY EXPRESS OR IMPLIED WARRANTIES, INCLUDING, BUT NOT
LIMITED TO, THE IMPLIED WARRANTIES OF MERCHANTABILITY AND FITNESS FOR
A PARTICULAR PURPOSE ARE DISCLAIMED. IN NO EVENT SHALL THE REGENTS OR
CONTRIBUTORS BE LIABLE FOR ANY DIRECT, INDIRECT, INCIDENTAL, SPECIAL,
EXEMPLARY, OR CONSEQUENTIAL DAMAGES (INCLUDING, BUT NOT LIMITED TO,
PROCUREMENT OF SUBSTITUTE GOODS OR SERVICES; LOSS OF USE, DATA, OR
PROFITS; OR BUSINESS INTERRUPTION) HOWEVER CAUSED AND ON ANY THEORY OF
LIABILITY, WHETHER IN CONTRACT, STRICT LIABILITY, OR TORT (INCLUDING
NEGLIGENCE OR OTHERWISE) ARISING IN ANY WAY OUT OF THE USE OF THIS
SOFTWARE, EVEN IF ADVISED OF THE POSSIBILITY OF SUCH DAMAGE.


</box>

      <p> </p>
      <subtitle>A7 Ant Saxon Task</subtitle>
      <table border="1">
         <tr>
            <td content="para">Origin</td>
            <td content="para">Apache</td>
         </tr>
         <tr>
            <td content="para">Description</td>
            <td content="para">Ant task to run schema-aware Saxon
  transformations</td>
         </tr>
         <tr>
            <td content="para">Approximate LOC</td>
            <td content="para">1000</td>
         </tr>
         <tr>
            <td content="para">Saxon packages / modules</td>
            <td content="para">net.sf.saxon.ant.AntTransform</td>
         </tr>
         <tr>
            <td content="para">Modifications</td>
            <td content="para">Derived from the standard XSLT task in
  the Apache Ant product, with enhancements to provide properties to control
  schema-aware transformations. 50% rewrite.</td>
         </tr>
         <tr>
            <td content="para">Availability of source</td>
            <td content="para">http://ant.apache.org/</td>
         </tr>
         <tr>
            <td content="para">Source version used</td>
            <td content="para">Ant 1.7.0</td>
         </tr>
         <tr>
            <td content="para">License</td>
            <td content="para">Apache: see http://www.apache.org/licenses/LICENSE-2.0. This license requires
  a notice to be displayed; the relevant notice is copied below</td>
         </tr>
      </table>
      <box>
Apache Ant<br/>
Copyright 1999-2006 The Apache Software Foundation<br/>
         <br/>

This product includes software developed by
The Apache Software Foundation (http://www.apache.org/).<br/>
         <br/>

This product includes also software developed by :<br/>
  - the W3C consortium (http://www.w3c.org) ,<br/>
  - the SAX project (http://www.saxproject.org)<br/>
         <br/>

The &lt;sync&gt; task is based on code Copyright (c) 2002, Landmark
Graphics Corp that has been kindly donated to the Apache Software
Foundation.
</box>
   </page>

   <page xml:id="redistributed" size="1.2">
      <title>Redistributed Components</title>

      <p>This page describes Category C components as defined above: components that are redistributed 
with Saxon in binary form, without alteration.</p>
      <subtitle>Saxon on Java</subtitle>

      <p>None.</p>
      <subtitle>Saxon on .NET</subtitle>

      <p><b>IKVM Runtime</b></p>

      <p>See http://www.ikvm.net/.  
Can be downloaded from http://sourceforge.net/project/showfiles.php?group_id=69637. 
Saxon links dynamically to this DLL.</p>

      <p>License is at http://weblog.ikvm.net/story.aspx/license</p>
      <box>
Copyright (C) 2002-2007 Jeroen Frijters<br/>
         <br/>
  This software is provided 'as-is', without any express or implied
  warranty.  In no event will the authors be held liable for any damages
  arising from the use of this software.<br/>
         <br/>
  Permission is granted to anyone to use this software for any purpose,
  including commercial applications, and to alter it and redistribute it
  freely, subject to the following restrictions:<br/>
         <br/>
  1. The origin of this software must not be misrepresented; you must not
     claim that you wrote the original software. If you use this software
     in a product, an acknowledgment in the product documentation would be
     appreciated but is not required.<br/>
         <br/>
  2. Altered source versions must be plainly marked as such, and must not be
     misrepresented as being the original software.<br/>
         <br/>
  3. This notice may not be removed or altered from any source distribution.<br/>
         <br/>
  Jeroen Frijters<br/>
  jeroen@frijters.net
</box>

      <p>Applicable notice: FRIJTERS.txt</p>

      <p><b>OpenJDK Classpath</b></p>

      <p>The copy of OpenJDK Classpath released with Saxon on .NET is a derived from the version
that is released as part of IKVM Runtime (see above). This in turn is derived largely from the Sun OpenJDK distribution,
together with some components taken from the Red Hat IcedTea library, compiled into CIL code using IKVMC.
Saxon 9.1 uses IKVM 0.40.0.1, which in turn uses OpenJDK 7 b13.</p>

      <p>Saxon distributes only the parts of this library that are actually needed. These parts have been rebuilt from source
code, but no source modifications have been made.</p>

      <p>Saxon links dynamically to this DLL.</p>

      <p>The license conditions are at 
<a href="http://openjdk.java.net/legal/gplv2+ce.html">http://openjdk.java.net/legal/gplv2+ce.html</a>. 
(This is a modified variant of the GNU Public License version 2,
with a special clause allowing it to be used as part of a product that is not itself open source.)</p>

      <p>Applicable notice: GPL+CLASSPATH.txt</p>

      <p><b>Apache Xerces</b></p>

      <p>Rather than distributing the Sun version of Xerces that comes with the OpenJDK library, Saxon instead distributes
the Apache version of Xerces. (The two versions have diverged considerably. The Apache version is used because it is 
considered more reliable and is also easier to integrate because it
does not have unnecessary dependencies on other parts of the JDK library.)</p>

      <p>The two Apache JAR files <code>xercesImpl.jar</code> and <code>resolver.jar</code> have been cross-compiled
to IL code using the IKVMC compiler, but are otherwise unmodified.</p>

      <p>The license conditions for Xerces are at 
  <a href="http://www.apache.org/licenses/LICENSE-2.0">http://www.apache.org/licenses/LICENSE-2.0</a></p>

      <p>Applicable notices: APACHE-XERCES.txt, APACHE-RESOLVER.txt</p>

      <p><b>TagSoup</b></p>

      <p>Supporting the <code>saxon:parse-html()</code> extension function, the code of TagSoup version 1.2
 is included in the Saxon-PE and Saxon-EE distributions on .NET. Apart from cross-compiling from Java bytecode
 to IL code, the code is unmodified.</p>

      <p>Information about TagSoup, including links to the download location for source code, is available at
    <a href="http://home.ccil.org/~cowan/XML/tagsoup/">http://home.ccil.org/~cowan/XML/tagsoup/</a>.</p>

      <p>The license conditions for TagSoup are at 
  <a href="http://www.apache.org/licenses/LICENSE-2.0">http://www.apache.org/licenses/LICENSE-2.0</a></p>

      <p>Applicable notices: APACHE-TAGSOUP.txt</p>
   </page>

   <page xml:id="algorithms">
      <title>Published Algorithms and Specifications</title>

      <p>The table below lists published specifications and algorithms that formed a significant intellectual input 
into the development of the product.</p>
      <table border="1">
         <tr>
            <td content="para">
               <b>Title of Publication</b>
            </td>
            <td content="para">
               <b>Usage</b>
            </td>
         </tr>
         <tr>
            <td content="para">Java 2 SE 6 interface specifications</td>
            <td content="para">	Saxon implements many
 interfaces defined in the Java 2 SE specifications, notably the JAXP
  interfaces </td>
         </tr>
         <tr>
            <td content="para">W3C specifications for XML 1.0, XSLT 2.0, XPath 2.0, 
XQuery 1.0 and associated documents	
</td>
            <td content="para">
Define the language standards that Saxon implements</td>
         </tr>
         <tr>
            <td content="para">Using Finite-State Automata to Implement W3C XML Schema
 Content Model Validation and Restriction Checking. 
 Henry Thompson and Richard Tobin. XML Europe 2003	
</td>
            <td content="para">
 
 The Saxon-EE schema processor implements this algorithm to validate 
 instance documents</td>
         </tr>
         <tr>
            <td content="para">How to Print Floating Point Numbers Accurately. 
Guy Steele and Jon White. ACM SIGPLAN 1990	
</td>
            <td content="para">
Saxon uses this algorithm to convert floating point numbers to strings
</td>
         </tr>
         <tr>
            <td content="para">Amélie Marian and Jérôme Siméon. Projecting XML Documents. 
VLDB'2003, Berlin, Germany, September 2003.	
</td>
            <td content="para">
Saxon-EE provides the option of performing document projection (to eliminate parts a a source document that a query cannot reach) using an algorithm similar to the one published in this paper
</td>
         </tr>
         <tr>
            <td content="para">XQJ (XQuery API for Java). Java Community Process JSR-225. 
The current Public Draft 0.9 Specification is 
Copyright (c) 2003, 2006, 2007 Oracle. 
</td>
            <td content="para">
The specification includes a license describing the terms under which an implementation of the specification may be made or distributed.	Saxon contains a provisional implementation of this specification, provided for users who wish to gain early exposure to this draft API. This is distributed under the terms of the license in the JSR document.
</td>
         </tr>
         <tr>
            <td content="para">Date calculation algorithms, taken from  http://vsg.cape.com/~pbaum/date/jdalg.htm,
http://vsg.cape.com/~pbaum/date/jdalg2.htm,
and http://www.hermetic.ch/cal_stud/jdn.htm#comp	
</td>
            <td content="para">
Saxon implements these published algorithms for converting dates to 
Julian day numbers and vice versa
</td>
         </tr>
      </table>
   </page>
</section>