<?xml version="1.0" encoding="UTF-8"?>
<section xml:id="configuration">
   <title>Saxon Configuration</title>

   <page xml:id="intro">
      <title>Introduction</title>
      
      <p>There are many parameters and options that can be set to control the way in which Saxon behaves, and there
      are many different ways these parameters and options can be set. This section of the documentation brings
      this information together in one place.</p>
      
      <pageindex/>
      
   </page>
   <page xml:id="config-interfaces">
      <title>Configuration interfaces</title>
      
      <p>At the heart of Saxon is the object <code java="net.sf.saxon.Configuration">net.sf.saxon.Configuration</code>. This contains all the current settings
         of configuration options. All Saxon tasks, such as compiling and running queries and transformations, or building and
         validating source documents, happen under the control of a <code>Configuration</code>. Many resources are owned
         by the <code>Configuration</code>, meaning that related tasks must run under the same <code>Configuration</code>.
         Most notably, the <code>Configuration</code> holds a <code java="net.sf.saxon.om.NamePool">NamePool</code>, which is a table allocating integer
       codes to the qualified names that appear in stylesheets, queries, schemas, and source documnets, and during the execution
      of a stylesheet or query all the resources used (for example, the stylesheet, all its input documents, and any schemas
      it uses) must all use the same <code>NamePool</code> to ensure that they all use the same integer codes for the same
      qualified names. However, two Saxon tasks that are unrelated can run under different <code>Configuration</code>s.</p>
      
      <p>There are subclasses of <code>Configuration</code> containing resources associated with the capabilities of the
      different Saxon editions: specifically, <code java="com.saxonica.config.ProfessionalConfiguration">com.saxonica.config.ProfessionalConfiguration</code> and
      <code java="com.saxonica.config.EnterpriseConfiguration">com.saxonica.config.EnterpriseConfiguration</code>. In many cases the <code>Configuration</code> is used
      as a factory class to deliver services associated with the different capability levels, for example the
         method <code>getOptimizer()</code> returns the query optimizer appropriate to the loaded Saxon edition.</p>
      
      <p>Many configuration options have direct setter and getter methods on the <code>Configuration</code> object,
      for example <code>setAllowExternalFunctions()</code> and <code>isAllowExternalFunctions()</code>. Some other options
      have setters and getters on objects reachable from the <code>Configuration</code>, for example defaults for XSLT
         processing can be controlled using methods such as <code>getDefaultXsltCompilerInfo().setXsltVersion()</code>,
      while defaults for XQuery processing can be controlled using methods such as 
         <code>getDefaultStaticQueryContext().setLanguageVersion()</code>.</p>
      
      <p>The most general mechanism for getting and setting configuration properties, however, is provided by the methods
         <code>getConfigurationProperty(name)</code> and <code>setConfigurationProperty(name, value)</code>. In these methods
         the name of the configuration property is always a string in the form of a URI (for example,
         <code>"http://saxon.sf.net/feature/initialTemplate"</code>), and the strings available are all defined by constants in the
         class <code java="net.sf.saxon.lib.FeatureKeys">net.sf.saxon.lib.FeatureKeys</code> (for example, <code>FeatureKeys.INITIAL_TEMPLATE</code>).
         The value is of various types depending on the property. In the vast majority of cases, the property
         can be supplied as a string, or it has an alternative, equivalent property that can be supplied as a string.
         For properties that are essentially boolean in nature the value can be supplied either as one of the Java constants
         <code>Boolean.TRUE</code> or <code>Boolean.FALSE</code>, or as one of the strings "true", "1", "yes", "on", or
         "false", "0", "no", "off". These choices are designed to suit the conventions of different APIs in which the
         configuration options are exposed.</p>
      
      <p>In many APIs for controlling Saxon activities, the <code>Configuration</code> object is not exposed
      directly, but is hidden below some similar object acting as the root object for that particular API. Many
      of these objects provide a direct way to set the configuration options. These are discussed in the following 
      sections.</p>
      
      <subpageindex/>
      
      <subpage xml:id="jaxp-configuration">
         <title>JAXP Factory Interfaces</title>
      
      <p>Saxon implements a number of JAXP interfaces, notably the APIs for transformation, XPath processing,
      and validation.</p>

      <p>For transformation, the root object of the API is the JAXP <code>TransformerFactory</code>. Saxon
         provides three implementations of this interface: <code java="net.sf.saxon.TransformerFactoryImpl">net.sf.saxon.TransformerFactoryImpl</code> for Saxon-HE,
         and <code java="com.saxonica.config.ProfessionalTransformerFactory">com.saxonica.config.ProfessionalTransformerFactory</code> and 
         <code java="com.saxonica.config.EnterpriseTransformerFactory">com.saxonica.config.EnterpriseTransformerFactory</code>
      for Saxon-PE and Saxon-EE respectively. This interface provides methods <code>getAttribute(name)</code> and <code>setAttribute(name, value)</code>
         which correspond directly to the methods <code>getConfigurationProperty(name)</code> and <code>setConfigurationProperty(name, value)</code>
      on the underlying <code java="net.sf.saxon.Configuration">Configuration</code> object. By casting from the JAXP interface to the Saxon implementation class it is
      also possible to call the <code>getConfiguration</code> method which exposes the <code>Configuration</code> object directly.</p>
         
         <p>The Saxon-PE and Saxon-EE implementations of the <code>TransformerFactory</code> also allow the configuration property
            <code java="net.sf.saxon.lib.FeatureKeys#CONFIGURATION_FILE">FeatureKeys.CONFIGURATION_FILE</code> to be set. 
            The value is a filename containing the name of a configuration
            file, which must have the format described in <xref section="configuration" page="configuration-file">Configuration file</xref>. This causes
            any previously-initialized configuration to be discarded, and replaced with a new <code>Configuration</code> object
         built from the settings in the specified configuration file.</p>
      
      <p>The JAXP <code>XPathFactory</code> interface unfortunately lacks a similar general-purpose configuration mechanism, so it
      is necessary to navigate to the underlying <code>Configuration</code> object and use its native interfaces. Saxon's implementation
         class for the <code>XPathFactory</code> is <code java="net.sf.saxon.xpath.XPathFactoryImpl
            ">net.sf.saxon.xpath.XPathFactoryImpl</code>, regardless which Saxon edition is in use.
         Note that although
      Saxon implements the JAXP XPath API, it is rarely possible to use it in a way that has no dependencies on the Saxon implementation,
      partly because of the requirement for all Saxon tasks to run under the same <code>Configuration</code>. When using the XPath API,
      therefore, the <code>Configuration</code> object is usually exposed to the application.</p>
      
      <p>Saxon-EE also implements the JAXP <code>SchemaFactory</code> in class <code java="com.saxonica.jaxp.SchemaFactoryImpl">com.saxonica.jaxp.SchemaFactoryImpl</code>. 
      The interface offers methods <code>getProperty(name)</code> and <code>setProperty(name, value)</code> which map to the underlying
      methods in the Saxon <code>Configuration</code>; again, it is also possible to cast to the Saxon implementation class and call
      configuration-setting methods directly.</p>
         
      </subpage>
      <subpage xml:id="s9api-config">
         <title>Configuration using s9api</title>
         
         <p>In Saxon's s9api interface the root API object is the <code java="net.sf.saxon.s9api.Processor">net.sf.saxon.s9api.Processor</code> object. This again
          is a wrapper around a <code java="net.sf.saxon.Configuration">Configuration</code>. 
            All the configuration properties are exposed via the <code>Processor</code>
          methods <code>getConfigurationProperty(name)</code> and <code>setConfigurationProperty(name, value)</code> which map
directly to the same methods on the underlying <code>Configuration</code>.</p>
         
         <p>The s9api <code>Processor</code> object also has a constructor <code>new Processor(source)</code> which allows
         the underlying <code>Configuration</code> to be built from a supplied configuration file. The argument is a
         <code>org.xml.sax.Source</code> object, for example a <code>StreamSource</code>, which identifies the configuration
            file, which must have the format described in
            <xref section="configuration" page="configuration-file">Configuration file</xref>. Configuration files are
         available only in Saxon-PE and Saxon-EE.</p>
         
<p>In many cases with s9api it is more appropriate to set options at a finer level of granularity than the <code>Processor</code>.
For example, options that affect XSLT stylesheet compilation can be set on the <code>XsltCompiler</code> object, and options that
affect XQuery compilation on the <code>XQueryCompiler</code>.</p>         
      </subpage>
      
      <subpage xml:id="config-dotnet">
         <title>Configuration using the .NET API</title>
         
        
         <p>In Saxon's Saxon.API interface on .NET the root API object is the <code>Saxon.Api.Processor</code> object. This again
            is a wrapper around a <code>Configuration</code>. All the configuration properties are exposed via the <code>Processor</code>
            methods <code>getProperty(name)</code> and <code>setProperty(name, value)</code> which map
            directly to the methods<code>getConfigurationProperty(name)</code> and <code>setConfigurationProperty(name, value)</code>  on the underlying <code>Configuration</code>.</p>
         
         <p>The s9api <code>Processor</code> object also has a constructor <code>new Processor(stream)</code> which allows
            the underlying <code>Configuration</code> to be built from a supplied configuration file, which must have the format described in
            <xref section="configuration" page="configuration-file">Configuration file</xref>. Configuration files are
            available only in Saxon-PE and Saxon-EE.</p>
         
         <p>In many cases with the Saxon.Api interface it is more appropriate to set options at a finer level of granularity than the <code>Processor</code>.
            For example, options that affect XSLT stylesheet compilation can be set on the <code>XsltCompiler</code> object, and options that
            affect XQuery compilation on the <code>XQueryCompiler</code>.</p>    
      </subpage>
      
      <subpage xml:id="config-commandline">
         <title>Configuration from the command line</title>
         <p>The main command-line interfaces to Saxon are <code java="net.sf.saxon.Transform">net.sf.saxon.Transform</code> for 
         <xref section="using-xsl" page="commandline">running a transformation</xref>,
         <code java="net.sf.saxon.Query">net.sf.saxon.Query</code> for <xref section="using-xquery" page="commandline">running XQuery</xref>,
         and <code java="com.saxonica.Validate">com.saxonica.Validate</code> for 
            <xref section="schema-processing" page="commandline">validating a document against a schema</xref>. These
         commands allow many configuration options to be specified by command line options: for example if XML Schema 1.1
         support is wanted, all three commands allow this to be requested using the option <code>-xsdversion:1.1</code>.
         Many of these options correspond directly to the configuration properties available on the <code>Configuration</code>
         object.</p>
         
         <p>For more specialized options, there is also a fallback mechanism. Each configuration property has a URI, which
            is always of the form <code>http://saxon.sf.net/feature/SOME_NAME</code>. Provided the property allows
a string value (as most do), the property can be set from the command line using the syntax <code>--SOME_NAME:value</code>.
            For example the property identified by <code java="net.sf.saxon.lib.FeatureKeys#LICENSE_FILE_LOCATION">FeatureKeys.LICENSE_FILE_LOCATION</code> 
            has the URI
            <code>http://saxon.sf.net/feature/licenseFileLocation</code>, and it can therefore be set on the command line
            using an option such as <code>--licenseFileLocation:c:/saxon/license.lic</code>.
         </p>
      </subpage>
      <subpage xml:id="config-xqj">
         <title>Configuration using XQJ</title>
         <p>The root object in the XQJ (XQuery for Java) API is <code>javax.xml.query.XQDataSource</code>, and the Saxon
            implementation class is <code java="net.sf.saxon.xqj.SaxonXQDataSource">net.sf.saxon.xqj.SaxonXQDataSource</code>. 
            The <code>XQDataSource</code> provides
         methods <code>getProperty(name)</code> and <code>setProperty(name, value)</code> which at first sight appear to map
         cleanly to the methods <code>getConfigurationProperty(name)</code> and <code>setConfigurationProperty(name, value)</code>
         in the underlying Saxon <code java="net.sf.saxon.Configuration">Configuration</code>, and indeed they can be used in this way, using either the URI value of the
         property or the symboking constant in class <code java="net.sf.saxon.lib.FeatureKeys">net.sf.saxon.lib.FeatureKeys</code>.</p>
         
         <p>There are some glitches, however. Firstly, the XQJ specifications mandate that the properties available through this
         interface should also have explicit getters and setters: for example if a property named "lineNumbering" is available,
         then there should be a pair of methods <code>setLineNumbering()</code> and <code>getLineNumbering()</code>. This does
         not square well with the use of URIs for property names. Secondly, XQJ requires that the property values should be strings.
         Saxon therefore:</p>
         
         <ol>
<li content="para">exposes a subset of commonly-used configuration properties using shortened names such as
         <code>dtdValidation</code> and <code>retainLineNumbers</code>;</li>
<li content="para">provides getters and setters for these properties, as required by the XQJ specification;</li>
<li content="para">lists the names of the above properties (only) in the result of the method <code>getSupportedPropertyNames()</code></li>
<li content="para">makes all other configuration properties available using URIs as the name, without providing getters and setters,
and without listing the names in the result of <code>getSupportedPropertyNames</code>, provided that the value can be represented
as a string</li>
         </ol>

      </subpage>
      <subpage xml:id="config-ant">
         <title>Configuration when running Ant</title>
         <p>It is possible to run XSLT transformations from Ant using the <code>xslt</code> task, selecting Saxon as the XSLT
         processor by setting the <code>factory</code> child element to the Saxon implementation class of <code>javax.xml.transform.TransformerFactory</code>,
         that is one of <code java="net.sf.saxon.TransformerFactory">net.sf.saxon.TransformerFactory</code>, 
            <code java="com.saxonica.config.ProfessionalTransformerFactory">com.saxonica.config.ProfessionalTransformerFactory</code>,
         or <code java="com.saxonica.config.EnterpriseTransformerFactory">com.saxonica.config.EnterpriseTransformerFactory</code> depending on the Saxon edition in use.</p>
         
         <p>Additional configuration options can be specified using the <code>attribute</code> child of the <code>factory</code>
         element: for example the following task was used as part of the pipeline for publishing this documentation:</p>
         
         <example><![CDATA[
      <xslt in="${userdoc.dir}/src/function-data.xml"
            style="${userdoc.dir}/style/preprocess-functions.xsl"
            out="${userdoc.dir}/src/functions.xml"
            classpath="e:\saxon\eej\saxon9ee.jar;e:\saxon\eej\saxon-licenses">
            <factory name="com.saxonica.config.EnterpriseTransformerFactory">
                <attribute name="http://saxon.sf.net/feature/xsltSchemaAware" value="true"/>
                <attribute name="http://saxon.sf.net/feature/schema-validation-mode" value="strict"/>
                <attribute name="http://saxon.sf.net/feature/xsd-version" value="1.1"/>
            </factory>
      </xslt>]]>
         </example>
         <p>Many of the options available as configuration parameters (for example <code java="net.sf.saxon.lib.FeatureKeys#XSLT_INITIAL_TEMPLATE">FeatureKeys.XSLT_INITIAL_TEMPLATE)</code>
            were provided explicitly with Ant in mind. The provision of these parameters makes the customized version of the Ant
            XSLT task provided with some earlier Saxon versions redundant, and the customized task is no longer supported.</p>
      </subpage>
   </page>
   <page xml:id="configuration-file" size="2.0">
      <title>The Saxon configuration file</title>

      <p><i>This facility is not available in Saxon-HE (home edition)</i></p>

      <p>Configuration parameters for Saxon can be defined in a configuration file. This file is optional.
It can be applied by using the option <code>-config:filename</code> on the <code>Transform</code>,
<code>Query</code>, or <code>Validate</code> command line, or using the factory method 
<code>Configuration.readConfiguration()</code>.</p>

      <p>In both the s9api interface on Java, and the Saxon.Api interface on .NET, there is a constructor on the
  <code>Processor</code> class that
takes a configuration file as input.</p>

      <p>Here is an example configuration file. It is designed to show as many options as possible; in practice,
no option needs to be included if it is to take its default value, and it is probably good practice to only
include those parameters that you need to specify explicitly. Some of the example values used in this sample
will not work unless you have files with the relevant names at particular locations, or unless you have classes
with particular names available on your classpath; if such entries cause problems, you can always delete them.</p>
      <example><![CDATA[
<configuration xmlns="http://saxon.sf.net/ns/configuration"
               edition="EE">
  <global
    allowExternalFunctions="true"
    allowMultiThreading="true"
    allowOldJavaUriFormat="false"
    collationUriResolver="net.sf.saxon.lib.StandardCollationURIResolver"
    collectionUriResolver="net.sf.saxon.lib.StandardCollectionURIResolver"
    compileWithTracing="false"
    defaultCollation="http://www.w3.org/2005/xpath-functions/collation/codepoint"
    defaultCollection="file:///e:/temp"
    dtdValidation="false"
    dtdValidationRecoverable="true"
    errorListener="net.sf.saxon.StandardErrorListener"
    expandAttributeDefaults="true"
    lazyConstructionMode="false"
    lineNumbering="true"
    optimizationLevel="10"
    preEvaluateDocFunction="false"
    preferJaxpParser="true"
    recognizeUriQueryParameters="true"
    schemaValidation="strict"
    serializerFactory=""
    sourceParser=""
    sourceResolver=""
    stripWhitespace="all"
    styleParser=""
    timing="false"
    traceExternalFunctions="true"
    traceListener="net.sf.saxon.trace.XSLTTraceListener"
    traceOptimizerDecisions="false"
    treeModel="tinyTreeCondensed"
    uriResolver="net.sf.saxon.StandardURIResolver"
    usePiDisableOutputEscaping="false"
    useTypedValueCache="true"
    validationComments="false"
    validationWarnings="true"
    versionOfXml="1.0"
    xInclude="false"
  />

  <xslt
    initialMode=""
    initialTemplate=""
    messageReceiver=""
    outputUriResolver=""
    recoveryPolicy="recoverWithWarnings"
    schemaAware="false"
    staticErrorListener=""
    staticUriResolver=""
    styleParser=""
    version="2.1"
    versionWarning="false">
    <extensionElement namespace="http://saxon.sf.net/sql" 
        factory="net.sf.saxon.option.sql.SQLElementFactory"/>
  </xslt>

  <xquery
    allowUpdate="true"
    constructionMode="preserve"
    defaultElementNamespace=""
    defaultFunctionNamespace="http://www.w3.org/2005/xpath-functions"
    emptyLeast="true"
    inheritNamespaces="true"
    moduleUriResolver="net.sf.saxon.query.StandardModuleURIResolver"
    preserveBoundarySpace="false"
    preserveNamespaces="true"
    requiredContextItemType="document-node()"
    schemaAware="false"
    staticErrorListener=""
    version="1.1"
    />
    
  <xsd
    occurrenceLimits="100,250"
    schemaUriResolver="com.saxonica.sdoc.StandardSchemaResolver"
    useXsiSchemaLocation="false"
    version="1.1"
  />
  
  <serialization
    method="xml"
    indent="yes"
    saxon:indent-spaces="8"
    xmlns:saxon="http://saxon.sf.net/"/>
    
  <localizations defaultLanguage="en" defaultCountry="US">
    <localization lang="da" class="net.sf.saxon.option.local.Numberer_da"/>
    <localization lang="de" class="net.sf.saxon.option.local.Numberer_de"/>
  </localizations>
  
  <resources>
    <externalObjectModel>net.sf.saxon.option.xom.XOMObjectModel</externalObjectModel>
    <extensionFunction>s9apitest.TestIntegrationFunctions$SqrtFunction</extensionFunction>
    <schemaDocument>file:///c:/MyJava/samples/data/books.xsd</schemaDocument>
    <schemaComponentModel/>
  </resources>
  
  <collations>
    <collation uri="http://www.w3.org/2005/xpath-functions/collation/codepoint" 
               class="net.sf.saxon.sort.CodepointCollator"/>
    <collation uri="http://www.microsoft.com/collation/caseblind" 
               class="net.sf.saxon.sort.CodepointCollator"/>
    <collation uri="http://example.com/french" lang="fr" ignore-case="yes"/>
  </collations>  
</configuration>
]]></example>

      <p>The <code>configuration</code> element takes a single attribute, <code>edition</code>, whose value indicates
the Saxon edition in use: HE (home edition), PE (professional edition), or EE (enterprise edition). The default value
is HE. If PE or EE is specified, then the appropriate license file must be installed.</p>

      <p>The children of the <code>configuration</code> element may appear in any order.</p>

      <p>The contents of the different sections of the configuration file are described in the following subsections.</p>
      <subpageindex/>

      <subpage xml:id="config-global" size="0.6">
         <title>The &lt;global&gt; element</title>

         <p>The <code>global</code> input element of the configuration file contains properties defining
global configuration options.</p>
         <table>
            <thead>
               <tr>
                  <td content="para">
                     <b>Attribute</b>
                  </td>
                  <td content="para">
                     <b>Values</b>
                  </td>
                  <td content="para">
                     <b>Effect</b>
                  </td>
               </tr>
            </thead>
            <tbody>
               <tr>
                  <td content="para">allowExternalFunctions</td>
                  <td content="para">true|false</td>
                  <td content="para">True if calls to external Java or .NET functions are allowed</td>
               </tr>
               <tr>
                  <td content="para">allowMultiThreading</td>
                  <td content="para">true|false</td>
                  <td content="para">True if <code>saxon:threads</code> attribute on <code>xsl:for-each</code>
    causes multi-threading under Saxon-EE; false to disable multi-threading. Default is true (but
    multi-threading only happens if explicitly requested using <code>saxon:threads</code>.</td>
               </tr>
               <tr>
                  <td content="para">allowOldJavaUriFormat</td>
                  <td content="para">true|false</td>
                  <td content="para">True if reflexive calls to external Java functions are allowed to use the
    "liberal" syntax (for example "http://my.com/extensions/java.util.Date"). The default is to allow
    only the "strict" form of URI such as "java:java.util.Date"</td>
               </tr>
               <tr>
                  <td content="para">collationUriResolver</td>
                  <td content="para">Name of a class implementing CollationURIResolver</td>
                  <td content="para">User-supplied class used to intepret collation URIs</td>
               </tr>
               <tr>
                  <td content="para">collectionUriResolver</td>
                  <td content="para">Name of a class implementing CollectionURIResolver</td>
                  <td content="para">User-supplied class used for resolving the URI supplied to the <code>collection()</code> function</td>
               </tr>
               <tr>
                  <td content="para">compileWithTracing</td>
                  <td content="para">true|false</td>
                  <td content="para">generates trace code in the expression tree, allowing a TraceListener to be used at run-time</td>
               </tr>
               <tr>
                  <td content="para">defaultCollation</td>
                  <td content="para">A collation URI</td>
                  <td content="para">(Requires Saxon-PE.) The collation URI to be used when no explicit collation is requested.</td>
               </tr>
               <tr>
                  <td content="para">defaultCollection</td>
                  <td content="para">A collection URI</td>
                  <td content="para">The collection URI to be used when no argument is passed to the <code>collection()</code> function.</td>
               </tr>
               <tr>
                  <td content="para">dtdValidation</td>
                  <td content="para">true|false</td>
                  <td content="para">Controls whether DTD validation is applied to input files.</td>
               </tr>
               <tr>
                  <td content="para">dtdValidationRecoverable</td>
                  <td content="para">true|false</td>
                  <td content="para">Controls whether DTD validation errors are recoverable or fatal.</td>
               </tr>
               <tr>
                  <td content="para">errorListener</td>
                  <td content="para">A Java class that implements javax.xml.transform.ErrorListener</td>
                  <td content="para">Defines the default ErrorListener for reporting both compile-time and run-time errors</td>
               </tr>
               <tr>
                  <td content="para">expandAttributeDefaults</td>
                  <td content="para">true|false</td>
                  <td content="para">Controls whether attribute default values found in a DTD or schema are expanded or not.</td>
               </tr>
               <tr>
                  <td content="para">lazyConstructionMode</td>
                  <td content="para">true|false</td>
                  <td content="para">If true, causes temporary trees to be constructed lazily</td>
               </tr>
               <tr>
                  <td content="para">lineNumbering</td>
                  <td content="para">true|false</td>
                  <td content="para">Controls whether line and column number information is maintained for input files</td>
               </tr>
               <tr>
                  <td content="para">optimizationLevel</td>
                  <td content="para">integer, 0 to 10</td>
                  <td content="para">Defines the level of code optimization to be applied</td>
               </tr>
               <tr>
                  <td content="para">preEvaluateDocFunction</td>
                  <td content="para">true|false</td>
                  <td content="para">If true, allows calls on <code>doc()</code> with a literal argument to be
      evaluated early, at compile time</td>
               </tr>
               <tr>
                  <td content="para">preferJaxpParser</td>
                  <td content="para">true|false</td>
                  <td content="para">Relevant only on .NET, determines whether the Java Classpath parser is used in preference to the Microsoft .NET parser</td>
               </tr>
               <tr>
                  <td content="para">recognizeUriQueryParameters</td>
                  <td content="para">true|false</td>
                  <td content="para">If true, and the standard URIResolver is in use, query parameters such as <code>val=strict</code>
      will be recognized on URIs supplied to the <code>doc</code> or <code>document()</code> functions.</td>
               </tr>
               <tr>
                  <td content="para">schemaValidation</td>
                  <td content="para">strict|lax|preserve|skip</td>
                  <td content="para">Controls whether schema validation is applied to input files</td>
               </tr>
               <tr>
                  <td content="para">serializerFactory</td>
                  <td content="para">Java class that extends net.sf.saxon.event.SerializerFactory</td>
                  <td content="para">Allows the serialization pipeline to be customized, for example to handle user-defined serialization parameters</td>
               </tr>
               <tr>
                  <td content="para">sourceParser</td>
                  <td content="para">Java class implementing XMLReader</td>
                  <td content="para">The SAX parser to be used for reading source files.</td>
               </tr>
               <tr>
                  <td content="para">sourceResolver</td>
                  <td content="para">Java class name implementing net.sf.saxon.SourceResolver</td>
                  <td content="para">Name of a user-supplied class that resolves unknown implementations of the JAXP Source class into a known implementation.</td>
               </tr>
               <tr>
                  <td content="para">stripWhitespace</td>
                  <td content="para">all|none|ignorable</td>
                  <td content="para">Controls what whitespace is removed from input documents (all inter-element whitespace, no inter-element whitespace,
or all inter-element whitespace in elements having element-only content models)</td>
               </tr>
               <tr>
                  <td content="para">styleParser</td>
                  <td content="para">Java Class implementing XMLReader</td>
                  <td content="para">XML parser used for stylesheets and schema documents</td>
               </tr>
               <tr>
                  <td content="para">timing</td>
                  <td content="para">true|false</td>
                  <td content="para">Outputs progress messages to System.err. Equivalent to the -t option on the command line</td>
               </tr>
               <tr>
                  <td content="para">traceExternalFunctions</td>
                  <td content="para">true|false</td>
                  <td content="para">Provides diagnostics when external functions are dynamically loaded</td>
               </tr>
               <tr>
                  <td content="para">traceListener</td>
                  <td content="para">Java Class implementing net.sf.saxon.trace.TraceListener</td>
                  <td content="para">User-defined class to be used for handling run-time trace output</td>
               </tr>
               <tr>
                  <td content="para">traceOptimizerDecisions</td>
                  <td content="para">true|false</td>
                  <td content="para">Causes tracing of decisions made by the optimizer</td>
               </tr>
               <tr>
                  <td content="para">treeModel</td>
                  <td content="para">linkedTree|tinyTree|tinyTreeCondensed</td>
                  <td content="para">Determines the tree model implementation used for input files: TinyTree, LinkedTree, or TinyTree(condensed)</td>
               </tr>
               <tr>
                  <td content="para">uriResolver</td>
                  <td content="para">Name of a JAXP URIResolver</td>
                  <td content="para">The URIResolver to be used for deferencing URIs used in <code>xsl:include</code>, <code>xsl:import</code>,
      <code>doc()</code>, and <code>document()</code>.</td>
               </tr>
               <tr>
                  <td content="para">usePiDisableOutputEscaping</td>
                  <td content="para">true|false</td>
                  <td content="para">When sending output to a user-defined content handler, indicates whether JAXP-defined processing instructions
           are used to signal the start and end of text in which output escaping is disabled</td>
               </tr>
               <tr>
                  <td content="para">useTypedValueCache</td>
                  <td content="para">true|false</td>
                  <td content="para">If true, typed values of element and attribute nodes are cached in the TinyTree. Uses extra memory, may make
      execution faster.</td>
               </tr>
               <tr>
                  <td content="para">validationComments</td>
                  <td content="para">true|false</td>
                  <td content="para">Only relevant when validationWarnings=true, indicates that validation error messages should where possible
    be added as comments in the document instance being validated
    rather than fatal errors.</td>
               </tr>
               <tr>
                  <td content="para">validationWarnings</td>
                  <td content="para">true|false</td>
                  <td content="para">For result trees subjected to schema validation, indicates whether validation failures should be treated as warnings
    rather than fatal errors.</td>
               </tr>
               <tr>
                  <td content="para">versionOfXml</td>
                  <td content="para">1.0|1.1</td>
                  <td content="para">Determines whether XML 1.0 or XML 1.1 rules are used for names. (1.0 means the rules before Edition 5)</td>
               </tr>
               <tr>
                  <td content="para">xInclude</td>
                  <td content="para">true|false</td>
                  <td content="para">Controls whether XInclude processing is applied to input files</td>
               </tr>
            </tbody>
         </table>
      </subpage>

      <subpage xml:id="config-xslt" size="0.7">
         <title>The &lt;xslt&gt; element</title>

         <p>The <code>xslt</code> element of the configuration file contains properties specific to XSLT. Remember that these are defaults, they can always
be overridden for specific queries or transformations. An attribute whose value is set to a zero-length string is ignored,
the effect is the same as omitting the attribute.</p>
         <table>
            <thead>
               <tr>
                  <td content="para">
                     <b>Attribute</b>
                  </td>
                  <td content="para">
                     <b>Values</b>
                  </td>
                  <td content="para">
                     <b>Effect</b>
                  </td>
               </tr>
            </thead>
            <tbody>
               <tr>
                  <td content="para">messageReceiver</td>
                  <td content="para">Java class that implements <code>net.sf.saxon.event.Receiver</code>
                  </td>
                  <td content="para">Destination of <code>xsl:message</code> output</td>
               </tr>
               <tr>
                  <td content="para">outputUriResolver</td>
                  <td content="para">Java class that implements the Saxon OutputURIResolver interface</td>
                  <td content="para">Handles documents written using <code>xsl:result-document</code>
                  </td>
               </tr>
               <tr>
                  <td content="para">recoveryPolicy</td>
                  <td content="para">recoverWithWarnings|recoverSilently|fail</td>
                  <td content="para">Indicates how XSLT recoverable errors are handled (for example, ambiguous template rules)</td>
               </tr>
               <tr>
                  <td content="para">schemaAware</td>
                  <td content="para">true|false</td>
                  <td content="para">Indicates whether stylesheet should be compiled to be able to handle schema-typed input, even if they
contain no <code>xsl:import-schema</code> declaration</td>
               </tr>
               <tr>
                  <td content="para">staticErrorListener</td>
                  <td content="para">Java class that implements the JAXP ErrorListener interface</td>
                  <td content="para">Receives reports of compile-time errors in a stylesheet</td>
               </tr>
               <tr>
                  <td content="para">staticUriResolver</td>
                  <td content="para">Java class that implements the JAXP URIResolver interface</td>
                  <td content="para">User-defined class for dereferencing URIs on <code>xsl:include</code> or <code>xsl:import</code>
                  </td>
               </tr>
               <tr>
                  <td content="para">styleParser</td>
                  <td content="para">Java class that implements XMLReader</td>
                  <td content="para">XML parser used for stylesheet and schema modules</td>
               </tr>
               <tr>
                  <td content="para">version</td>
                  <td content="para">0.0, 2.0, or 2.1</td>
                  <td content="para">XSLT language version to be supported by the processor. The value 0.0 indicates
    that the version is taken from the <code>xsl:stylesheet</code> element.</td>
               </tr>
               <tr>
                  <td content="para">versionWarning</td>
                  <td content="para">true|false</td>
                  <td content="para">False suppresses the warning produced when the XSLT processor version is not the same as the
    version in the xsl:stylesheet element.</td>
               </tr>
            </tbody>
         </table>

         <p>The <code>xslt</code> element may contain one or more <code>extensionElement</code> children defining namespaces
used for extension instructions. The <code>extensionElement</code> element has the following attributes:</p>
         <table>
            <thead>
               <tr>
                  <td content="para">
                     <b>Attribute</b>
                  </td>
                  <td content="para">
                     <b>Values</b>
                  </td>
                  <td content="para">
                     <b>Effect</b>
                  </td>
               </tr>
            </thead>
            <tbody>
               <tr>
                  <td content="para">namespace</td>
                  <td content="para">A namespace URI</td>
                  <td content="para">The namespace URI of the extension instructions</td>
               </tr>
               <tr>
                  <td content="para">factory</td>
                  <td content="para">The name of Java class that implements the Saxon interface <code>ExtensionElementFactory</code>
                  </td>
                  <td content="para">Links to the implementation of the various extension instructions in the specified namespace.</td>
               </tr>
            </tbody>
         </table>
      </subpage>

      <subpage xml:id="config-xquery" size="0.7">
         <title>The &lt;xquery&gt; element</title>

         <p>The <code>xquery</code> element of the configuration file contains properties specific to XQuery. 
  Remember that these are defaults, they can always
be overridden for specific queries. An attribute whose value is set to a zero-length string is ignored,
the effect is the same as omitting the attribute.</p>
         <table>
            <thead>
               <tr>
                  <td content="para">
                     <b>Attribute</b>
                  </td>
                  <td content="para">
                     <b>Values</b>
                  </td>
                  <td content="para">
                     <b>Effect</b>
                  </td>
               </tr>
            </thead>
            <tbody>
               <tr>
                  <td content="para">allowUpdate</td>
                  <td content="para">true|false</td>
                  <td content="para">Indicates whether XQuery Update syntax is accepted</td>
               </tr>
               <tr>
                  <td content="para">constructionMode</td>
                  <td content="para">preserve|strip</td>
                  <td content="para">Default value for construction mode in the static context</td>
               </tr>
               <tr>
                  <td content="para">defaultElementNamespace</td>
                  <td content="para">A namespace URI</td>
                  <td content="para">Default namespace for elements and types</td>
               </tr>
               <tr>
                  <td content="para">defaultFunctionNamespace</td>
                  <td content="para">A namespace URI</td>
                  <td content="para">Default namespace for functions</td>
               </tr>
               <tr>
                  <td content="para">emptyLeast</td>
                  <td content="para">true|false</td>
                  <td content="para">True if the empty sequence comes first in sort order</td>
               </tr>
               <tr>
                  <td content="para">inheritNamespaces</td>
                  <td content="para">true|false</td>
                  <td content="para">Default value for "inherit namespaces" in the static context</td>
               </tr>
               <tr>
                  <td content="para">moduleUriResolver</td>
                  <td content="para">Class that implements the Saxon ModuleURIResolver interface</td>
                  <td content="para">Used for locating query modules referenced by "import module"</td>
               </tr>
               <tr>
                  <td content="para">preserveBoundarySpace</td>
                  <td content="para">true|false</td>
                  <td content="para">Policy for preserving boundary space within direct element content</td>
               </tr>
               <tr>
                  <td content="para">preserveNamespaces</td>
                  <td content="para">true|false</td>
                  <td content="para">Default value for "preserve namespaces" in the static context</td>
               </tr>
               <tr>
                  <td content="para">requiredContextItemType</td>
                  <td content="para">An item type, e.g. document-node()</td>
                  <td content="para">The required type for the context item</td>
               </tr>
               <tr>
                  <td content="para">schemaAware</td>
                  <td content="para">true|false</td>
                  <td content="para">True if the query makes use of schema information</td>
               </tr>
               <tr>
                  <td content="para">staticErrorListener</td>
                  <td content="para">Class that implements JAXP ErrorListener</td>
                  <td content="para">Receives notification of static errors occurring in a Query</td>
               </tr>
               <tr>
                  <td content="para">version</td>
                  <td content="para">1.0|1.1</td>
                  <td content="para">Indicates whether XQuery 1.1 syntax is accepted</td>
               </tr>
            </tbody>
         </table>
      </subpage>

      <subpage xml:id="config-xsd">
         <title>The &lt;xsd&gt; element</title>

         <p>The <code>xsd</code> element of the configuration file contains properties defining
how schema documents are compiled by Saxon. </p>
         <table>
            <thead>
               <tr>
                  <td content="para">
                     <b>Attribute</b>
                  </td>
                  <td content="para">
                     <b>Values</b>
                  </td>
                  <td content="para">
                     <b>Effect</b>
                  </td>
               </tr>
            </thead>
            <tbody>
               <tr>
                  <td content="para">occurrenceLimits</td>
                  <td content="para">MMM,NNN</td>
                  <td content="para">Two integers, comma-separated. Controls the limits applied to minOccurs and maxOccurs
      values in XSD content models.</td>
               </tr>
               <tr>
                  <td content="para">schemaUriResolver</td>
                  <td content="para">Class implementing the Saxon SchemaURIResolver interface</td>
                  <td content="para">Controls the handling of URIs in <code>xs:include</code>, <code>xs:import</code> etc. declarations,
      and also in <code>xsi:schemaLocation</code>
                  </td>
               </tr>
               <tr>
                  <td content="para">useXsiSchemaLocation</td>
                  <td content="para">true|false</td>
                  <td content="para">Indicates whether the schema processor takes account of <code>xsi:schemaLocation</code> and
      <code>xsi:noNamespaceSchemaLocation</code> attributes appearing in the instance document</td>
               </tr>
               <tr>
                  <td content="para">version</td>
                  <td content="para">1.0|1.1</td>
                  <td content="para">Inidcates whether XSD 1.1 syntax is accepted</td>
               </tr>
            </tbody>
         </table>
      </subpage>

      <subpage xml:id="config-resources">
         <title>The &lt;resources&gt; element</title>

         <p>The <code>resources</code> element in the configuration file defines a number of resources that can be
preloaded into the configuration. It contains child elements as detailed below, in any order; most of them
can appear more than once.</p>
         <table>
            <thead>
               <tr>
                  <td content="para">
                     <b>Element</b>
                  </td>
                  <td content="para">
                     <b>Values</b>
                  </td>
                  <td content="para">
                     <b>Effect</b>
                  </td>
               </tr>
            </thead>
            <tbody>
               <tr>
                  <td content="para">externalObjectModel</td>
                  <td content="para">Class that implements the ExternalObjectModel interface</td>
                  <td content="para">Defines an external object model that can be used to provide input to Saxon (and in some
cases receive output): for example DOM, JDOM, XOM, etc.</td>
               </tr>
               <tr>
                  <td content="para">extensionFunction</td>
                  <td content="para">Class that implements the IntegratedFunction interface</td>
                  <td content="para">Defines an "integrated extension function" written to a specific Saxon API</td>
               </tr>
               <tr>
                  <td content="para">schemaDocument</td>
                  <td content="para">relative or absolute URI</td>
                  <td content="para">A schema document to be preloaded into the Saxon schema cache</td>
               </tr>
               <tr>
                  <td content="para">schemaComponentModel</td>
                  <td content="para">relative or absolute URI</td>
                  <td content="para">A schema component model document (previously exported by Saxon) allowing
fast loading of a compiled schema</td>
               </tr>
               <tr>
                  <td content="para"/>
                  <td content="para"/>
                  <td content="para"/>
               </tr>
            </tbody>
         </table>
      </subpage>

      <subpage xml:id="config-collations">
         <title>The &lt;collations&gt; element</title>

         <p>The <code>collations</code> element in the configuration file defines a number of collations that can be
preloaded into the configuration. It contains zero or more child <code>collation</code> elements as detailed below.</p>

         <p>Each <code>collation</code> element may have the following attributes:</p>
         <table>
            <thead>
               <tr>
                  <td content="para">
                     <b>Attribute</b>
                  </td>
                  <td content="para">
                     <b>Values</b>
                  </td>
                  <td content="para">
                     <b>Effect</b>
                  </td>
               </tr>
            </thead>
            <tbody>
               <tr>
                  <td content="para">uri</td>
                  <td content="para">The collation URI (mandatory)</td>
                  <td content="para">An absolute URI used to identify the collation in queries and stylesheets</td>
               </tr>
               <tr>
                  <td content="para">class</td>
                  <td content="para">Java class implementing Collator, StringCollator, or Comparator</td>
                  <td content="para">Class used to perform string comparisons</td>
               </tr>
               <tr>
                  <td content="para">lang</td>
                  <td content="para">Language code, eg. en-US</td>
                  <td content="para">Language supported by the collation</td>
               </tr>
               <tr>
                  <td content="para">rules</td>
                  <td content="para">Rules in Java RuleBasedCollator format</td>
                  <td content="para">Detailed rules for ordering of characters</td>
               </tr>
               <tr>
                  <td content="para">strength</td>
                  <td content="para">primary|secondary|tertiary|identical</td>
                  <td content="para">The strength of the collation. A stronger collation takes more details of the character into account, e.g. accents and case</td>
               </tr>
               <tr>
                  <td content="para">ignore-case</td>
                  <td content="para">yes|no</td>
                  <td content="para">Yes indicates that upper-case and lower-case are equivalent</td>
               </tr>
               <tr>
                  <td content="para">ignore-modifiers</td>
                  <td content="para">yes|no</td>
                  <td content="para">Yes indicates that accents and other modifiers are ignored</td>
               </tr>
               <tr>
                  <td content="para">ignore-symbols</td>
                  <td content="para">yes|no</td>
                  <td content="para">Yes indicates that punctuation symbols are ignored (.NET only)</td>
               </tr>
               <tr>
                  <td content="para">ignore-width</td>
                  <td content="para">yes|mp</td>
                  <td content="para">Yes indicates that width variations between characters are ignored</td>
               </tr>
               <tr>
                  <td content="para">decomposition</td>
                  <td content="para">none|standard|full</td>
                  <td content="para">Determines whether Unicode normalization should be applied to strings before comparison (Java platform only)</td>
               </tr>
               <tr>
                  <td content="para">case-order</td>
                  <td content="para">upper-first|lower-first|#default</td>
                  <td content="para">Indicates whether upper-case characters should precede or follow their lower-case equivalents</td>
               </tr>
               <tr>
                  <td content="para">alphanumeric</td>
                  <td content="para">yes|no</td>
                  <td content="para">Yes indicates that a sequence of digits within a string is read as a number, for example "test8.xml" precedes "test10.xml"</td>
               </tr>
            </tbody>
         </table>
      </subpage>

      <subpage xml:id="config-localizations">
         <title>The &lt;localizations&gt; element</title>

         <p>The <code>localizations</code> element in the configuration file defines classes used to localize the output
of the <code>xsl:number</code> instruction in XSLT, and the functions <code>format-date()</code>, 
<code>format-time()</code>, and <code>format-dateTime()</code>.</p>

         <p>It has two attributes, <code>defaultLanguage</code> and <code>defaultCountry</code> which provide default values
for the <code>lang</code> attribute/argument and the <code>country</code> argument respectively. If no values are supplied,
the defaults are taken from the default Locale in the Java VM (which in turn will typically depend on operating
system settings).</p>

         <p>The element contains zero or more child <code>localization</code> elements as detailed below.</p>

         <p>Each <code>localization</code> element may have the following attributes:</p>
         <table>
            <thead>
               <tr>
                  <td content="para">
                     <b>Attribute</b>
                  </td>
                  <td content="para">
                     <b>Values</b>
                  </td>
                  <td content="para">
                     <b>Effect</b>
                  </td>
               </tr>
            </thead>
            <tbody>
               <tr>
                  <td content="para">lang</td>
                  <td content="para">An ISO language code, for example "en" or "fr-CA" (mandatory)</td>
                  <td content="para">The language to which this localization relates</td>
               </tr>
               <tr>
                  <td content="para">class</td>
                  <td content="para">The name of a class that implements the interface <code>net.sf.saxon.number.Numberer</code>
                  </td>
                  <td content="para">The class that performs localization for the specified language</td>
               </tr>
               <tr>
                  <td content="para">additional attributes</td>
                  <td content="para">Additional attributes are passed on to a user-specified <code>LocalizationFactory</code>
                  </td>
                  <td content="para">The meaning of these attributes depends entirely on the <code>LocalizationFactory</code>.</td>
               </tr>
            </tbody>
         </table>

         <p>Note that numberers for various European languages (da, de, fr, dr-BE, it, nl, nl-BE, sv) are supplied
in package <code>net.sf.saxon.option.local</code>. In Saxon-PE and Saxon-EE these are compiled into the standard
JAR file, but they are not configured by default. In Saxon-HE they are not built-in to the product, but can be integrated
from the supplied source code in the same way as user-written localizations.</p>
      </subpage>
   </page>

<page xml:id="config-features">
   <title>Configuration Features</title>
   
   <p>This page provides a complete list of the configuration features available.</p>
   
   <p>The properties are identified by a symbolic name and a URI value defined in the Java module <code java="net.sf.saxon.lib.FeatureKeys">FeatureKeys</code>.
      The table below gives summary information for each property, together with a link to the Javadoc, where more complete information is held.</p>
   
 
       
   <?featurekeys?>
</page>
 
</section>