<?xml version="1.0" encoding="UTF-8"?>
<section xml:id="conformance">
   <title>Standards Conformance</title>

   <page xml:id="intro">
      <title>Introduction</title>

      <p>This section of the documentation describes the extent to which Saxon
conforms to external specifications, notably W3C language specifications
and Java API specifications.</p>

      <p>Statements of conformance are made here in good faith, but since there are as yet no complete
conformance test suites, the list of discrepancies is almost certainly incomplete.
Any information about discrepancies or non-conformances not noted here will be
welcomed, and the differences will either be corrected in the product, or documented in a
future revision of this section.</p>
   </page>

   <page xml:id="xslt20">
      <title>XSLT 2.0 conformance</title>

      <p>This release of Saxon is a complete implementation of the XSLT 2.0
<a href="http://www.w3.org/TR/xslt20/">Recommendation</a> of 23 January 2007.</p>

      <p>Saxon-B 9.x acts as a <i>Basic XSLT Processor</i>,
 while Saxon-EE 9.x acts as a <i>Schema-Aware XSLT Processor</i>. The distinction is that a Basic XSLT Processor
 does not allow schemas to be imported and does not support validation of source or result documents or reference
 to user-defined types. These correspond to the two conformance levels defined in the XSLT 2.0 specification.</p>

      <p>The XSLT 2.0 specification defines two optional conformance features, the serialization feature and
the backwards compatibility feature. These optional features are implemented in both Saxon-B and Saxon-EE.</p>

      <p>The following non-conformances apply only on the .NET platform:</p>
      <ul>
         <li content="para">Under .NET, when the <code>System.Xml</code> parser is used, attributes declared in the DTD as being
of type <code>ID</code> are not accessible using the <code>id()</code> function. This is because the
<code>System.Xml</code> parser (<code>XMLValidatingReader</code>) does not make the DTD-defined attribute type available 
to the application.</li>
         <li content="para">Similarly, when the <code>System.Xml</code> parser is used, unparsed entities are not reported to Saxon by the .NET
parser, so the calls <code>unparsed-entity-uri()</code> and <code>unparsed-entity-public-id()</code> will always
return a zero-length string.</li>
      </ul>

      <p>It is possible to get around these restrictions by requesting use of the JAXP parser in place of the Microsoft parser.
Setting the option <code>processor.SetProperty("http://saxon.sf.net/feature/preferJaxpParser", "true")</code> 
 causes Saxon to use the XML parser in the OpenJDK class library in preference to the (Microsoft) <code>System.Xml</code>
parser. </p>
      <subtitle>Test results</subtitle>

      <p>Saxonica has submitted test results for the W3C XSLT Test Suite. At present this test suite, and the
submitted results, are available to W3C members only. Saxon's submitted results in the suite, however, are available
<a href="http://www.saxonica.com/conformance/xslts1.0.4/published-results8.8.html">here</a>.</p>
      <subtitle>Checklist of Implementation-Defined Items</subtitle>

      <p>The following list describes the way in which Saxon implements the features that the specification
leaves implementation-defined. The numbering of items in the list corresponds to the numbering
in the checklist provided as 
<a href="http://www.w3.org/TR/xslt20/#implementation-defined-features">Appendix F of the XSLT 2.0 specification</a>.</p>
      <ol>
         <li>

            <p><i>The way in which an XSLT processor is invoked, and the way in which values are supplied 
for the source document, starting node, stylesheet parameters, and base output URI, 
are implementation-defined. (See 2.3 Initiating a Transformation)</i></p>

            <p>Saxon offers a <xref section="using-xsl" page="commandline">command line interface</xref>,
 and a <xref section="using-xsl" page="embedding">Java API</xref>. The Java API conforms to the JAXP 1.3 Transformation interface
 defined in the JDK specifications, extended as necessary to support XSLT 2.0 facilities.</p>
         </li>
         <li>

            <p><i>The mechanisms for creating new extension instructions and extension functions are
 implementation-defined. (See 2.7 Extensibility)
</i></p>

            <p>The mechanisms offered by Saxon are described in <xref section="extensibility" page="instructions">Extension instructions</xref>
<xref section="extensibility" page="functions">extension functions</xref> respectively.</p>
         </li>
         <li>

            <p><i>Where the specification provides a choice between signaling a dynamic error or recovering,
 the decision that is made (but not the recovery action itself) is implementation-defined.
  (See 2.9 Error Handling)
</i></p>

            <p>In most cases Saxon allows the user to make this choice, using the options -w0, -w1, and -w2 on the command line
(meaning respectively: ignore the error silently, continue after a warning, treat the error as fatal).
Equivalent options are also available in the Java API.</p>

            <p>There are some cases where this does not apply:</p>
            <ul>
               <li content="para">XTRE1160 (unrecognized media type): 
this error is not detected, Saxon always takes the recovery action.</li>
               <li content="para">XTRE1630 (disable-output-escaping when the result is not serialized): 
this error is not detected, Saxon always takes the recovery action.</li>
            </ul>
         </li>
         <li>

            <p><i>It is implementation-defined whether type errors are signaled statically. (See 2.9 Error Handling)</i></p>

            <p>Saxon does extensive type checking at compile time, though it does not follow the precise inference rules as
defined in the W3C <i>Formal Semantics</i>. Errors are signaled statically only where a construct cannot
possibly succeed (that is, where it will always fail with a type error at run time if evaluated). 
Warnings are signaled (a) where a path expression will always return an empty sequence
(for example, @x/@y), and (b) in the case of a construct that can
only succeed if the supplied value is an empty sequence, for example when comparing values whose statically-inferred
types are <code>integer?</code> and <code>string?</code> respectively.</p>
         </li>
         <li>

            <p><i>The handling of serialization errors is implementation-defined. (See 2.9 Error Handling)
</i></p>

            <p>Saxon reports all serialization errors defined in the serialization specification, and treats them
as fatal unless the serialization specification itself defines them as recoverable, in which case they
are handled as warnings.</p>
         </li>
         <li>

            <p><i>The set of namespaces that are specially recognized by the implementation
 (for example, for user-defined data elements, and extension attributes) is implementation-defined.
  (See 3.6.2 User-defined Data Elements)
</i></p>

            <p>The only namespace that is specially recognized is <code>http://saxon.sf.net/</code>.</p>
         </li>
         <li>

            <p><i>The effect of user-defined data elements whose name is in a namespace recognized by the
 implementation is implementation-defined. (See 3.6.2 User-defined Data Elements)
</i></p>

            <p>The user-defined data elements recognized by Saxon (for example, <code>saxon:collation</code>,
<code>saxon:import-query</code>, and <code>saxon:script</code>) are described in
<xref section="extensions" page="instructions">extension instructions</xref>. Any other element in the Saxon namespace
is signaled as an error.</p>
         </li>
         <li>

            <p><i>It is implementation-defined whether an XSLT 2.0 processor supports backwards-compatible behavior.
 (See 3.8 Backwards-Compatible Processing)
</i></p>

            <p>Saxon supports backwards-compatible behavior.</p>
         </li>
         <li>

            <p><i>It is implementation-defined what forms of URI reference are acceptable in the href attribute
 of the xsl:include and xsl:import elements, for example, the URI schemes that may be used, the forms of
  fragment identifier that may be used, and the media types that are supported. (See 3.10.1 Locating Stylesheet Modules)
</i></p>

            <p>Saxon allows a user-specified <code>URIResolver</code> to handle these URIs, in which case the forms of URI that are accepted
depend on this <code>URIResolver</code>. By default, Saxon on the Java platform uses the 
mechanisms in the <code>java.net.URI</code> class of the underlying
Java VM, while on the .NET platform the capabilities of the System.Uri class are used.
 The capabilities of these underlying classes depend on the version and variant of the platform in use, 
 and may also be customized by users.</p>

            <p>Saxon places no restriction on the media type of a stylesheet module. Regardless of the media type, it
accepts a "bare name" fragment identifier as a reference to an element within the retrieved document, identified
by an attribute of type ID.</p>
         </li>
         <li>

            <p><i>An implementation may define mechanisms, above and beyond xsl:import-schema, that allow schema
 components such as type definitions to be made available within a stylesheet. (See 3.13 Built-in Types)
</i></p>

            <p>In addition to importing types using <code>xsl:import-schema</code>, Saxon implicitly imports a type
corresponding to each class that is present in the Java classpath. These types have names in the namespace
<code>http://saxon.sf.net/java-type</code>; the local name of the type is the same as the full name of the
Java class (for example, <code>java.net.URI</code>, with any "$" signs replaced by hyphens. These types
are intended for use with extension functions written in Java.</p>
         </li>
         <li>

            <p><i>It is implementation-defined which versions of XML and XML Namespaces (1.0 or 1.1) are supported.
 (See 4.1 XML Versions)
</i></p>

            <p>Saxon gives the user the choice. See 
<xref section="sourcedocs" page="xml11">Saxon and XML 1.1</xref>.</p>
         </li>
         <li>

            <p><i>The implicit timezone for a transformation is implementation-defined. 
(See 5.4.3.2 Other components of the XPath Dynamic Context)
</i></p>

            <p>Saxon uses the timezone obtained from the system clock, unless the user specifies a different timezone as
a run-time option.</p>
         </li>
         <li>

            <p><i>The numbering sequences supported by the <code>xsl:number</code> instructions, beyond those defined in this
 specification, are implementation-defined. (See 12.3 Number to String Conversion Attributes)
</i></p>

            <p>Saxon allows localized numbering sequences to be defined by user-written plug-in code: see
<xref section="extensibility" page="localizing">implementing localized numbers</xref>. In the absence of such a plug-in, the sequences
that are supported are those defined in the specification, plus Greek upper-case (x0391), Greek lower-case
(x03b1), Cyrillic upper case (x0410), Cyrillic lower-case (x0430), Hebrew (x05d0), Hiragana A (x3042),
Katakana A (x30a2), Hiragana I (x3044), Katakana I (x30a4), and Kanji digits (x4e00). If an unrecognized
letter is used as a formatting token, Saxon constructs a sequence starting with that letter and making
use of the contiguous Unicode code-points starting with that letter that are classified as letters or digits.
For example, the format token "x" produces the sequence x, y, z, xx, xy, xz, ...</p>
         </li>
         <li>

            <p><i>There may be implementation-defined upper bounds on the numbers that can be formatted by xsl:number
 using any particular numbering sequence. (See 12.3 Number to String Conversion Attributes)
</i></p>

            <p>Saxon imposes no limits on numbering sequences using letters or digits (other than those imposed by resource
limitations). Roman numerals are handled in the range 1 to 9999, though values above 4000 are best avoided because
there are no recognized conventions.</p>
         </li>
         <li>

            <p><i>The set of languages for which numbering is supported by xsl:number, and the method of choosing
 a default language, are implementation-defined. (See 12.3 Number to String Conversion Attributes)
</i></p>

            <p>The default language is English. Localizations for number and date formatting are available for 
Belgian French, Danish, Dutch, English, French, Flemish, German, Italian, and Swedish.
Other languages are supported only if user-written (or third-party) localization plug-ins
are provided. </p>
         </li>
         <li>

            <p><i>If the data-type attribute of the xsl:sort element has a value other than "text" or "number", 
the effect is implementation-defined. (See 13.1.2 Comparing Sort Key Values)
</i></p>

            <p>Any value other than "text" or "number" is treated as an error.</p>
         </li>
         <li>

            <p><i>The facilities for defining collations and allocating URIs to identify them 
are implementation-defined. (See 13.1.3 Sorting Using Collations)
</i></p>

            <p>Saxon allows a user-written <code>CollationURIResolver</code> to interpret the collation URI, in which case there are no
restrictions on the URI that is used. If the standard <code>CollationURIResolver</code> is used, 
two forms of URI are recognized:
a URI declared using the <code>saxon:collation</code> element in the stylesheet, and a URI of the form
<code>http://saxon.sf.net/collation?keyword=value;keyword=value;...</code> as described in
 <xref section="extensibility" page="collation">Collations</xref>. It is also possible to register
 collations (with user-defined names) via the Java API.</p>
         </li>
         <li>

            <p><i>The algorithm used by xsl:sort to locate a collation, given the values of the lang and case-order
 attributes, is implementation-defined. (See 13.1.3 Sorting Using Collations)
</i></p>

            <p>Given the <code>lang</code> attribute, Saxon on the Java platform uses the 
Java Locale mechanisms to find a locale for that
language, and hence a collation. On the .NET platform, Saxon similarly finds a collation appropriate to the .NET culture
for that language. Given the <code>case-order</code> attribute, Saxon takes the collation that
would be used in the absence of this attribute, changes its strength to <code>secondary</code> (making it case-blind),
and then re-evaluates the result of any comparison performed by the base collator so that if the base collator
decides two strings are equal, they are examined again to establish the effect of any case differences.</p>
         </li>
         <li>

            <p><i>The set of media types recognized by the processor, for the purpose of interpreting fragment
 identifiers in URI references passed to the document function, is implementation-defined. 
 (See 16.1 Multiple Source Documents)
</i></p>

            <p>Saxon ignores the media type entirely. Fragment identifiers are interpreted as bare names (matching ID attribute
values) regardless of the media type.</p>
         </li>
         <li>

            <p><i>The set of languages, calendars, and countries that are supported in the date formatting functions
 is implementation-defined. If any of these arguments is omitted or set to an empty sequence,
  the default is implementation-defined. (See 16.5.2 The Language, Calendar, and Country Arguments)
</i></p>

            <p>Saxon allows the localizations for particular languages to be defined as user-written plug-ins. The localizations
supported for date/time formatting are the same languages that are supported for numbering (see above).
The country argument is ignored except when determining a timezone name: in this case Saxon outputs a time zone name
if the timezone is used in the specified country; if the timezone is attached to a date or dateTime then it also
takes account of whether that date is known to be in daylight savings time (summer time) in the country in question.
</p>
         </li>
         <li>

            <p><i>The choice of the names and abbreviations used in any given language for calendar units such
 as days of the week and months of the year is implementation-defined. (See 16.5.2 The Language, Calendar,
  and Country Arguments)</i></p>

            <p>For English, the days of the week are Monday, Tuesday, Wednesday, Thursday, Friday, Saturday, Sunday.
If abbreviations are requested the values used are Mon, Tues, Weds, Thurs, Fri, Sat, Sun, right-truncated 
if necessary to the requested maximum length. If the minimum length is 1 and the maximum is 2, then the values used are
M Tu We Th F Sa Su.</p>

            <p>For English, the names of the months are January, February, March, April, May, June, July, August, September,
October, November, and December. If abbreviation is requested, the leading part of the name to the required length
is used (always returning at least three characters).</p>
         </li>
         <li>

            <p><i>The values returned by the system-property function, and the names of the additional properties
 that are recognized, are implementation-defined. (See 16.6.5 system-property)
</i></p>

            <p>The following table shows the values returned for system-defined properties, for both Saxon-B and Saxon-EE: here
"9.0.0.1" is replaced by the current version number. The suffix "J" indicates the Java platform; this is replaced
by "N" on the .NET platform.</p>
            <table>
               <thead>
                  <tr>
                     <td content="para">Name</td>
                     <td content="para">Saxon-B</td>
                     <td content="para">Saxon-EE</td>
                  </tr>
               </thead>
               <tbody>
                  <tr>
                     <td content="para">xsl:version</td>
                     <td content="para">2.0</td>
                     <td content="para">2.0</td>
                  </tr>
                  <tr>
                     <td content="para">xsl:vendor</td>
                     <td content="para">SAXON 9.0.0.1J from Saxonica</td>
                     <td content="para">SAXON SA 9.0.0.1J from Saxonica</td>
                  </tr>
                  <tr>
                     <td content="para">xsl:vendor-url</td>
                     <td content="para">http://www.saxonica.com/</td>
                     <td content="para">http://www.saxonica.com/</td>
                  </tr>
                  <tr>
                     <td content="para">xsl:product-name</td>
                     <td content="para">SAXON</td>
                     <td content="para">SAXON</td>
                  </tr>
                  <tr>
                     <td content="para">xsl:product-version</td>
                     <td content="para">9.0.0.1J</td>
                     <td content="para">SA 9.0.0.1J</td>
                  </tr>
                  <tr>
                     <td content="para">xsl:is-schema-aware</td>
                     <td content="para">no</td>
                     <td content="para">yes</td>
                  </tr>
                  <tr>
                     <td content="para">xsl:supports-serialization</td>
                     <td content="para">yes</td>
                     <td content="para">yes</td>
                  </tr>
                  <tr>
                     <td content="para">xsl:supports-backwards-compatibility</td>
                     <td content="para">yes</td>
                     <td content="para">yes</td>
                  </tr>
               </tbody>
            </table>

            <p>If the name of the system property is in the null namespace, Saxon returns the value of the Java system property
whose name matches the local name.</p>
         </li>
         <li>

            <p><i>The destination and formatting of messages written using the xsl:message instruction are
 implementation-defined. (See 17 Messages)
</i></p>

            <p>By default, messages are formatted as XML and written to the standard error output. Both the formatting
and the destination can be customized through the Java API.</p>
         </li>
         <li>

            <p><i>The effect of an extension function returning a string containing characters that are not
 legal in XML is implementation-defined. (See 18.1.2 Calling Extension Functions)
</i></p>

            <p>Saxon does not validate the values that are returned. Invalid values may cause an error during subsequent
processing, or may be written to the final output destination, resulting in ill-formed XML.</p>
         </li>
         <li>

            <p><i>The way in which external objects are represented in the type system is implementation-defined.
 (See 18.1.3 External Objects)
</i></p>

            <p>Saxon represents external objects as a subtype of <code>xdt:anyAtomicType</code>. A QName is allocated to such types
based on the Java class name of the external object, within the namespace "http://saxon.sf.net/java-type".
The local name is the same as the expanded Java class name, with "$" replaced by "-".</p>
         </li>
         <li>

            <p><i>The way in which a final result tree is delivered to an application is implementation-defined.
 (See 19 Final Result Trees)
</i></p>

            <p>In the case of the principal result tree, the destination is specified using the JAXP API (as the second
argument of the transform() method). If secondary result trees are not to be serialized to filestore, a
user-written <code>OutputURIResolver</code> must be nominated. Saxon will pass all generated result trees to this class, 
which can then do what it likes with them.</p>
         </li>
         <li>

            <p><i>Implementations may provide additional mechanisms allowing users to define the way in which
 final result trees are processed. (See 19.1 Creating Final Result Trees)
</i></p>

            <p>See previous item.</p>
         </li>
         <li>

            <p><i>If serialization is supported, then the location to which a final result tree is serialized
 is implementation-defined, subject to the constraint that relative URIs used to reference one tree 
 from another remain valid. (See 20 Serialization)
</i></p>

            <p>The <code>href</code> attribute of <code>xsl:result-document</code> is interpreted as a relative URI, 
relative to the URI that defines the destination to which the principal result tree is serialized. This
is defined by the <code>-o</code> option on the command line, or by the SystemID of the Result object
supplied using the JAXP API.</p>
         </li>
         <li>

            <p><i>The default value of the encoding attribute of the xsl:output element is implementation-defined.
 (See 20 Serialization)
</i></p>

            <p>The default encoding is UTF-8.</p>
         </li>
         <li>

            <p><i>It is implementation-defined which versions of XML, HTML, and XHTML are supported in the version
 attribute of the xsl:output declaration. (See 20 Serialization)
</i></p>

            <p>For HTML and XHTML, Saxon treats the version attribute as documentary only. For XML, versions 1.0 and 1.1
are recognized.</p>
         </li>
         <li>

            <p><i>The default value of the byte-order-mark serialization parameter is implementation-defined
 in the case of UTF-8 encoding. (See 20 Serialization)
</i></p>

            <p>A byte order mark is written only if explicitly requested (that is, the default is "no").</p>
         </li>
         <li>

            <p><i>It is implementation-defined whether, and under what circumstances, disabling output escaping
 is supported. (See 20.2 Disabling Output Escaping)
</i></p>

            <p>Disable-output-escaping is supported provided that the final result tree is being written to a StreamResult.
It can also be notified to a SAXResult, as described in the JAXP documentation. Disable-output-escaping
is not supported when writing to a temporary tree.</p>
         </li>
      </ol>
   </page>

   <page xml:id="xpath20">
      <title>XPath 2.0 conformance</title>

      <p>This release of Saxon implements
the full XPath 2.0 language as defined in the
 <a href="http://www.w3.org/TR/xpath20/">Recommendation</a> of 23 January 2007.</p>

      <p>There are some minor non-conformances in XPath 2.0 regular expression support, both caused
by bugs or restrictions in the underlying platform:</p>
      <ul>
         <li content="para">When the "i" flag is used in conjunction with back-references, Saxon relies on the
semantics of the underlying regular expression engine for case-independent matching. On most platforms
the behaviour is not identical to the rules defined in XPath, though typically this only affects corner cases.</li>
      </ul>

      <p>All the functions defined in the <a href="http://www.w3.org/TR/xpath-functions">Functions and Operators</a>
specification are implemented. Information about the way they are implemented is provided in 
<xref section="functions">functions reference</xref>.</p>

      <p>There is a non-conformance in the implementation of the <code>collection()</code> function:
with the default collection URI resolver, the results are not guaranteed to be stable. 
That is, when the same collection URI is used more
than once, both the contents of the collection and the contents of the documents within the 
collection may be different on each occasion. It is possible to achieve stable results with
a user-written collection URI resolver.</p>
      <subtitle>Implementation-defined aspects of Functions and Operators</subtitle>

      <p>The Functions and Operators specification includes a number of implementation-defined behaviors.
This section describes how these are implemented in Saxon.</p>
      <ol>
         <li>

            <p><i>The destination of the trace for fn:trace() output is implementation-defined.
</i></p>

            <p>By default trace output is sent to the standard error output. It can be redirected in various ways: by redirecting System.err,
by supplying a user-written MessageEmitter, or by changing the output destination of the standard
MessageEmitter to a defined output stream or writer.</p>
         </li>
         <li>

            <p><i>For [overflow during] xs:integer operations, implementations that support limited-precision integer operations
must either raise an error [err:FOAR0002] or provide an implementation-defined mechanism that allows 
users to choose between raising an error and returning a result that is modulo the largest 
representable integer value.</i></p>

            <p>Saxon supports unlimited-precision integer arithmetic, so this provision does not apply.</p>
         </li>
         <li>

            <p><i>For xs:decimal values the number of digits of precision returned by the numeric operators
 is implementation-defined. If the number of digits in the result exceeds the number of digits
  that the implementation supports, the result is truncated or rounded in an implementation-defined manner.
</i></p>

            <p>Saxon supports unlimited-precision decimal arithmetic. For addition, subtraction, and multiplication, 
no rounding or truncation occurs; the full precision of the result is maintained. For division, the number
of digits in the result is: the number of digits in the numerator, the number of digits in
the divisor, or 18, whichever is greatest. Rounding of values in the range .0 to .5 inclusive is towards zero,
otherwise away from zero.</p>
         </li>
         <li>

            <p><i>It is implementation-defined which version of Unicode is supported by the features 
defined in this specification, but it is recommended that the most recent version of Unicode be used.
</i></p>

            <p>Some functions such as the implementations of <code>upper-case()</code> and <code>lower-case()</code>
are delegated to the Java VM, and the result therefore depends on the Unicode version supported by the
Java VM. In JDK 5.0 this is Unicode version 4.0.</p>

            <p>Other functions such as <code>normalize-unicode()</code> are implemented natively within Saxon. The character
tables used for this are derived from the Unicode 4.0 database.</p>
         </li>
         <li>

            <p><i>For normalize-unicode(), conforming implementations must support normalization
 form "NFC" and may support normalization forms "NFD", "NFKC", "NFKD", "FULLY-NORMALIZED".
  They may also support other normalization forms with implementation-defined semantics.
</i></p>

            <p>Saxon currently supports normalization forms NFC, NFD, NFKC, and NFKD.</p>
         </li>
         <li>

            <p><i>The ability to decompose strings into collation units suitable for substring matching
 is an implementation-defined property of a collation.</i></p>

            <p>Saxon supports this capability for a collation implemented using a Java <code>RuleBasedCollator</code>.
Any Java <code>Comparator</code> can be used to implement a collation, but the substring matching functions
will fail (error FOCH0004) if the <code>Comparator</code> is not a <code>RuleBasedCollator</code>.</p>

            <p>Saxon also supports this capability on the .NET platform. However, the results delivered by the collation
support on the .NET platform do not appear to be 100% aligned with the XPath specification.</p>
         </li>
         <li>

            <p><i>All minimally conforming processors must support year values with a 
 minimum of 4 digits (i.e., YYYY) and a minimum fractional second precision of 
 1 millisecond or three digits (that is, s.sss). However, conforming processors may set 
 larger implementation-defined limits on the maximum number of digits they support
 in these two situations.</i></p>

            <p>Saxon allows the year to be any 32-bit signed integer. Computations involving negative
 years are not encouraged because of speculation in the XML Schema specification about future changes
 to the semantics of the data type. Seconds are supported to a fractional precision of six digits
 (that is, microsecond precision).</p>
         </li>
         <li>

            <p><i>Various aspects of the processing provided by <code>doc()</code> are 
 implementation-defined. Implementations may provide external configuration options that
  allow any aspect of the processing to be controlled by the user.</i></p>

            <p>Saxon allows the URI dereferencing to be performed using a user-supplied <code>URIResolver</code>,
 as defined in the JAXP specification, or using an <code>XmlResolver</code> on the .NET platform.
  Saxon also provides various options to control whitespace stripping,
 validation using a DTD or schema, handling of errors, and support for XML 1.1. If appropriate configuration
 options are set, then query parameters are recognized in the URI to control some of these decisions.</p>
         </li>
      </ol>
   </page>

   <page xml:id="xquery" size="0.8">
      <title>XQuery 1.0 Conformance</title>

      <p>This release of Saxon implements
the full XQuery 1.0 language as defined in the 
<a href="http://www.w3.org/TR/xquery/">Recommendation</a> of 23 January 2007.
The <xref page="xpath20">restrictions</xref> noted with respect to XPath 2.0 apply equally to Saxon's support for
XQuery 1.0.</p>

      <p>XQuery conformance levels are described in
<a href="http://www.w3.org/TR/xquery/#id-xquery-conformance">Section 5 of the XQuery specification</a>.</p>

      <p>Saxon-B provides <b>Minimal Conformance</b> plus the following <b>Optional Features</b>:</p>
      <ul>
         <li content="para">Full Axis Feature</li>
         <li content="para">Module Feature</li>
         <li content="para">Serialization Feature</li>
      </ul>

      <p>Saxon-EE provides <b>Minimal Conformance</b> plus the following <b>Optional Features</b>:</p>
      <ul>
         <li content="para">Schema Import Feature</li>
         <li content="para">Schema Validation Feature</li>
         <li content="para">Full Axis Feature</li>
         <li content="para">Module Feature</li>
         <li content="para">Serialization Feature</li>
      </ul>

      <p>Neither Saxon product supports the Static Typing Feature, and there are no plans to do so.</p>

      <p>There are some known non-conformances if the product is used in particular ways:</p>
      <ul>
         <li content="para">In pull mode (-pull on the command line) there is a restriction that namespace undeclaration
is not supported; this means that the query prolog option "copy-namespaces no-inherit" has no effect.</li>
         <li content="para">Under .NET, when the <code>System.Xml</code> parser is used, attributes declared in the DTD as being
of type <code>ID</code> are not accessible using the <code>id()</code> function. This is because the
<code>System.Xml</code> parser does not make the DTD-defined attribute type available to the application.</li>
         <li content="para">There are a number of <xref section="using-xquery" page="querycompilation" subpage="limitations">limitations</xref> 
when queries are compiled to Java code.</li>
      </ul>
      <subtitle>Conformance Tests</subtitle>

      <p>Saxonica has submitted results for the published 
<a href="http://www.w3.org/XML/Query/test-suite/">W3C XQuery Test suite</a>. W3C has published
have generated both <a href="http://www.w3.org/XML/Query/test-suite/XQTSReportSimple.html">summary</a> 
and <a href="http://www.w3.org/XML/Query/test-suite/XQTSReport.html">detail</a> reports from the results;
at the time of writing Saxon-EE is the only product to achieve a 100% pass rate.</p>

      <p>The test driver used to measure these results is included in the Saxon distribution
as part of the <code>saxon-resources-9.n</code> download.</p>
      <subtitle>Checklist of Implementation-Defined Items</subtitle>

      <p>Appendix D of the XQuery specification lists a number of features whose behavior is implementation-defined.
For Saxon, the behavior is as follows:</p>
      <ol>
         <li>

            <p><i>The version of Unicode that is used to construct expressions.</i></p>

            <p>Saxon relies on the underlying Java or .NET I/O mechanisms to read the supplied query, 
so this is dependent on the underlying platform that is used to run Saxon.</p>
         </li>
         <li>

            <p><i>The statically-known collations.</i></p>

            <p>Collation URIs of the form <code>http://saxon.sf.net/collation?<i>param=value;param=value...</i></code>
are always available: these map to the collations offered by the locales available within the Java VM
in use. Additional collation URIs may be implemented by users and registered with the Saxon configuration
via the Java API.</p>
         </li>
         <li>

            <p><i>The implicit timezone.</i></p>

            <p>The implicit timezone is normally taken from the system clock. This may, however, be overridden
via the Java API.</p>
         </li>
         <li>

            <p><i>The circumstances in which warnings are raised, and the ways in which warnings are handled.</i></p>

            <p>Warnings are raised for a variety of conditions. Compile time warnings include:</p>
            <ul>
               <li content="para">Use of a path expression that can never select anything (for example <code>@a/@b</code>)</li>
               <li content="para">Use of an expression that can only succeed if one or more operands are empty sequences</li>
               <li content="para">Use of a string literal in a PITest that is not a valid NCName</li>
            </ul>

            <p>Warnings may also be raised at run-time, for example if the <code>collection()</code> function
fails to load a document and recovery has been requested.</p>

            <p>Compile-time warnings are sent to the JAXP <code>ErrorListener</code> registered with the <code>Configuration</code>;
the default <code>ErrorListener</code> displays them as messages on <code>System.err</code>. Run-time
warnings are sent to the JAXP <code>ErrorListener</code> registered with the <code>Controller</code>;
the default is the same.</p>
         </li>
         <li>

            <p><i>The method by which errors are reported to the external processing environment.</i></p>

            <p>Compile-time errors are sent to the JAXP <code>ErrorListener</code> registered with the <code>Configuration</code>;
the default <code>ErrorListener</code> displays them as messages on <code>System.err</code>. Run-time
errors are sent to the JAXP <code>ErrorListener</code> registered with the <code>Controller</code>;
the default is the same. When queries are invoked from a Java application, any error will also be
notified by throwing an exception.</p>
         </li>
         <li>

            <p><i>Whether the implementation is based on the rules of [XML 1.0] and [XML Names]
or the rules of [XML 1.1] and [XML Names 1.1]. One of these sets of rules must be applied
 consistently by all aspects of the implementation.</i></p>

            <p>Saxon gives the user the choice: see <xref section="sourcedocs" page="xml11">Saxon and XML 1.1</xref>.
 Note that since Saxon allows the user to select which XML parser to use on a per-document basis,
 achievement of consistency across "all aspects of the implementation" is in part a user
 responsibility. Saxon will not reject any attempt to use an XML 1.1 parser in a 1.0 configuration,
 or vice versa.</p>

            <p>There are no known XML parsers available on the .NET 1.1 platform that support XML 1.1.</p>
         </li>
         <li>

            <p><i>Any components of the static context or dynamic context that are overwritten or augmented
by the implementation.</i></p>

            <p>The following table shows the components of the static context. For each component, the second column
shows whether the component is overwritten or augmented by Saxon itself. The third columns shows whether
it may be overwritten or augmented by an application, through facilities in the Java API.</p>
            <table>
               <tr>
                  <td content="para">Component</td>
                  <td content="para">Overritten or augmented by Saxon?</td>
                  <td content="para">Can be set from Java API?</td>
               </tr>
               <tr>
                  <td content="para">XPath 1.0 Compatibility Mode</td>
                  <td content="para">no</td>
                  <td content="para">no</td>
               </tr>
               <tr>
                  <td content="para">Statically known namespaces</td>
                  <td content="para">no</td>
                  <td content="para">yes</td>
               </tr>
               <tr>
                  <td content="para">Default element/type namespace</td>
                  <td content="para">no</td>
                  <td content="para">yes</td>
               </tr>
               <tr>
                  <td content="para">Default function namespace</td>
                  <td content="para">no</td>
                  <td content="para">no</td>
               </tr>
               <tr>
                  <td content="para">In-scope schema types</td>
                  <td content="para">yes: types corresponding to Java classes for use in extension functions</td>
                  <td content="para">no</td>
               </tr>
               <tr>
                  <td content="para">In-scope element declarations</td>
                  <td content="para">no</td>
                  <td content="para">no</td>
               </tr>
               <tr>
                  <td content="para">In-scope attribute declarations</td>
                  <td content="para">no</td>
                  <td content="para">no</td>
               </tr>
               <tr>
                  <td content="para">In-scope variables</td>
                  <td content="para">no</td>
                  <td content="para">no</td>
               </tr>
               <tr>
                  <td content="para">Context item static type</td>
                  <td content="para">no</td>
                  <td content="para">no</td>
               </tr>
               <tr>
                  <td content="para">Function signatures</td>
                  <td content="para">yes: any Java method on the classpath can be referenced</td>
                  <td content="para">yes: there is a plug-in mechanism</td>
               </tr>
               <tr>
                  <td content="para">Statically known collations</td>
                  <td content="para">yes: collations of the form http://saxon.sf.net/collation?<i>params</i>
                  </td>
                  <td content="para">yes</td>
               </tr>
               <tr>
                  <td content="para">Default collation</td>
                  <td content="para">no</td>
                  <td content="para">yes</td>
               </tr>
               <tr>
                  <td content="para">Construction mode</td>
                  <td content="para">no</td>
                  <td content="para">no</td>
               </tr>
               <tr>
                  <td content="para">Ordering mode</td>
                  <td content="para">no</td>
                  <td content="para">no</td>
               </tr>
               <tr>
                  <td content="para">Default order for empty sequences</td>
                  <td content="para">no</td>
                  <td content="para">no</td>
               </tr>
               <tr>
                  <td content="para">Boundary-space policy</td>
                  <td content="para">no</td>
                  <td content="para">no</td>
               </tr>
               <tr>
                  <td content="para">Copy-namespaces mode</td>
                  <td content="para">no</td>
                  <td content="para">no</td>
               </tr>
               <tr>
                  <td content="para">Base URI</td>
                  <td content="para">yes: inferred from the location of the query</td>
                  <td content="para">yes</td>
               </tr>
               <tr>
                  <td content="para">Statically known documents</td>
                  <td content="para">no</td>
                  <td content="para">no</td>
               </tr>
               <tr>
                  <td content="para">Statically known collections</td>
                  <td content="para">no</td>
                  <td content="para">no</td>
               </tr>
               <tr>
                  <td content="para">Statically known default collection type</td>
                  <td content="para">no</td>
                  <td content="para">no</td>
               </tr>
            </table>

            <p>For the dynamic context, the corresponding settings are:</p>
            <table>
               <tr>
                  <td content="para">Context item</td>
                  <td content="para">no</td>
                  <td content="para">yes</td>
               </tr>
               <tr>
                  <td content="para">Context position</td>
                  <td content="para">no</td>
                  <td content="para">no</td>
               </tr>
               <tr>
                  <td content="para">Context size</td>
                  <td content="para">no</td>
                  <td content="para">no</td>
               </tr>
               <tr>
                  <td content="para">Variable values</td>
                  <td content="para">no</td>
                  <td content="para">only for declared external variables</td>
               </tr>
               <tr>
                  <td content="para">Function implementations</td>
                  <td content="para">no</td>
                  <td content="para">yes (extension functions)</td>
               </tr>
               <tr>
                  <td content="para">Current dateTime</td>
                  <td content="para">yes (from system clock)</td>
                  <td content="para">yes</td>
               </tr>
               <tr>
                  <td content="para">Implicit timezone</td>
                  <td content="para">yes (from system clock)</td>
                  <td content="para">yes</td>
               </tr>
               <tr>
                  <td content="para">Available documents</td>
                  <td content="para">yes (all documents reachable using Java URL connections)</td>
                  <td content="para">yes (URIResolver)</td>
               </tr>
               <tr>
                  <td content="para">Available collections</td>
                  <td content="para">no</td>
                  <td content="para">yes (CollectionResolver/catalog)</td>
               </tr>
               <tr>
                  <td content="para">Default collection</td>
                  <td content="para">no</td>
                  <td content="para">yes (CollectionResolver/catalog)</td>
               </tr>
            </table>
         </li>
         <li>

            <p><i>Which of the optional axes are supported by the implementation, if the Full-Axis Feature is not supported.</i></p>

            <p>The Full-Axis features is supported.</p>
         </li>
         <li>

            <p><i>The default handling of empty sequences returned by an ordering key
(sortspec) in an order by clause (empty least or empty greatest).</i></p>

            <p>Empty least</p>
         </li>
         <li>

            <p><i>The names and semantics of any extension expressions (pragmas) recognized by the implementation.</i></p>

            <p>Saxon-EE recognizes one pragma: <code>saxon:validate-type</code>. For details, see
<xref section="using-xquery" page="extensions">XQuery extensions</xref>.</p>
         </li>
         <li>

            <p><i>The names and semantics of any option declarations recognized by the implementation.</i></p>

            <p>See <xref section="using-xquery" page="extensibility">XQuery Extensibility</xref>.</p>
         </li>
         <li>

            <p><i>Protocols (if any) by which parameters can be passed to an external function, and the
result of the function can be returned to the invoking query.</i></p>

            <p>Java methods can be called as <xref section="extensibility" page="functions">Extension Functions</xref></p>
         </li>
         <li>

            <p><i>How the implementation handles location hints in module imports,
if the Module Feature is supported.</i></p>

            <p>The location hint is interpreted as a relative URI, relative to the base URI of the referencing
module. It is then dereferenced using the Java URL mechanisms, unless the user has nominated a
<code>ModuleURIResolver</code>, in which case the interpretation is under user control.</p>
         </li>
         <li>

            <p><i>Any static typing extensions supported by the implementation,
 if the Static Typing Feature is supported.</i></p>

            <p>Not applicable.</p>
         </li>
         <li>

            <p><i>The means by which serialization is invoked, if the Serialization Feature is supported.</i></p>

            <p>Serialization may be invoked from the command line or from the Java or .NET API. Serialization parameters
 may be supplied on the command line, from the Java or .NET API, or through option declarations in the query
 prolog.</p>
         </li>
         <li>

            <p><i>The default values for the byte-order-mark, encoding, media-type, normalization-form,
 omit-xml-declaration, standalone, and version parameters, if the Serialization Feature is supported.</i></p>

            <p>As specified in Appendix C.3 of the XQuery specification.</p>
         </li>
      </ol>
   </page>

   <page xml:id="schema">
      <title>XML Schema 1.0</title>

      <p>The schema-aware version of the Saxon product (Saxon-EE)
includes a complete implementation of XML Schema 1.0. This version of the product
is available from <a href="http://www.saxonica.com/">Saxonica Limited</a>.</p>

      <p>Test results have been submitted against the W3C XML Schema Test Suite. All deviations from the
expected test results have been accounted for, and are believed to represent areas where the tests are
either incorrect, or where implementations can legitimately differ.</p>

      <p>Known limitations include the following:</p>
      <ul>
         <li content="para">Saxon imposes limits on the values of <code>minOccurs</code> and <code>maxOccurs</code> appearing on any
particle other than an element particle in a content model. These limits are designed to prevent out-of-memory errors. By default, the upper limit for
<code>minOccurs</code> is 100 and  the upper limit for <code>maxOccurs</code> (other than "unbounded") is 250.
If these limits are exceeded,
a warning is output, and the values specified are replaced with the highest allowed value (which is "unbounded"
in the case of <code>maxOccurs</code>). The limits are configurable using the method <code>setOccurrenceLimits()</code>
in the class <code>EnterpriseConfiguration</code>. If they are set too high, however, out-of-memory or stack overflow errors will
occur either during schema compilation or during instance validation. From Saxon 9.1, these limits no longer
apply to the common case of element particles, which are now handled using counters.</li>
         <li content="para">Saxon implements schema processing only to the extent required for XPath, XSLT, and XQuery processing
and for assessment of document validity. This
means that PSVI properties beyond those required for the XPath data model are not provided. It also means that
validation errors are fatal, they do not result in a PSVI that indicates the validation outcome for individual nodes.</li>
 
         <li content="para">Saxon uses the rules in XSD 1.1 rather than those in XSD 1.0 to evaluate type subsumption. The Saxon
algorithm (an implementation of the algorithm published by Henry Thompson and Richard Tobin of the University of
Edinburgh) is more accurate than the one in the XSD 1.0 specification in deciding whether one complex type subsumes another.
It therefore permits some complex type restrictions that the cruder XSD 1.0 algorithm disallows.</li>
         <li content="para">Saxon also uses the Thomson and Tobin algorithm to evaluate the Unique Particle Attribution constraint. The effect
of this is that no UPA violation is reported when a complex type contains two distinct element particles that are references to the
same element declaration, since the element declaration can be identified unambiguously.</li>
         <li content="para">Saxon does not allow a user-defined type to be derived directly from <code>xs:anySimpleType</code>. It seems
that the XSD 1.0 specification does not disallow this, though the effect of doing it is very unclear, and it has
been banned in XSD 1.1.</li>

      </ul>
   </page>

   <page xml:id="schema11">
      <title>XML Schema 1.1</title>

      <p>Saxon includes an almost complete implementation of the proposed specification of XML Schema 1.1.</p>

      <p>This support is generally provided only if explicitly requested by using the -xsdversion:1.1 option
on the command line, or equivalent options in the API.</p>

      <p>The rules for valid type derivation follow the XML Schema 1.1 specification, regardless of this
option setting. This is because the rules in the 1.0 specification do not meet the stated intent, namely that
type derivation is valid in all cases where the restricted type allows a subset of the instances permitted
by the base type.</p>

      <p>Some of the changes implemented for XSD 1.1 are as follows:</p>
      <ul>
         <li content="para">The rules for valid restrictions of complex types have changed: the specification now defines these rules 
in a very similar way to the way that Saxon has always implemented.</li>
         <li content="para">Assertions are implemented, on both complex types and simple types. Saxon allows the full syntax of XPath 2.0
to be used in assertions. In the case of complex types, the context item is currently set to the element node
being validated as an <i>untyped</i> tree (according to the specification, all nodes except the root of the tree
should be typed). For simple types, and for complex types with simple content, the typed value of the node is available
as the value of the variable <code>$value</code>. This is currently typed as an instance of the base type (the type
being restricted by the assertion), not the nearest built-in type as specified by W3C.</li>
         <li content="para">Conditional Type Assignment (<code>xs:alternative</code>) is implemented. Again the full syntax of XPath 2.0 is allowed.
(Currently however the rules for type subsumption are not checked). The XPath condition used to select a type alternative can access attributes
on ancestor elements provided they are declared as <code>inheritable</code>.</li>
         <li content="para">Unrestricted <code>minOccurs</code> and <code>maxOccurs</code> values are allowed on the element particles 
within <code>xs:all</code> groups.</li>
         <li content="para">An <code>xs:all</code> content model may now be derived by extension from another <code>xs:all</code> content model.</li>
         <li content="para">An <code>xs:all</code> content model may use an <code>xs:group</code> element to refer to a named model group
containing another <code>xs:all</code> content model.</li>
         <li content="para">Element wildcards (<code>xs:any</code>) are allowed within <code>xs:all</code> groups.</li>
         <li content="para">The <code>notNamespace</code> and <code>notQName</code> attributes are now supported on <code>xs:any</code> and
 <code>xs:anyAttribute</code> wildcards, including (from Saxon 9.3) <code>notQName="##defined"</code> and 
 <code>notQName="##definedSibling"/&gt;</code>
         </li>
         <li content="para">The <code>targetNamespace</code> attribute is available for use on local element and attribute declarations
appearing within the restriction of a complex type.</li>
         <li content="para">Open content is implemented.</li>
         <li content="para">The <code>defaultAttributes</code> attribute of <code>xs:schema</code> is implemented</li>
         <li content="para">Saxon allows conditional inclusion of elements in a schema document, using attributes such as <code>vc:minVersion</code>
and <code>vc:maxVersion</code>. This feature is available whether the schema processor is run in 1.0 or 1.1 mode,
allowing new 1.1 features such as assertions to be ignored when running in 1.0 mode.</li>
         <li content="para">The type <code>xs:error</code> is implemented.</li>
         <li content="para">An element may now appear in more than one substitution group.</li>
         <li content="para">A new facet <code>xs:explicitTimezone</code> is available with values <code>required</code>, <code>optional</code>, or <code>prohibited</code>.</li>
         <li content="para">The new built-in data type <code>xs:dateTimeStamp</code> (an <code>xs:dateTime</code> with timezone required)
is implemented.</li>
         <li content="para">The new primitive type xs:precisionDecimal. Validation of this type is implemented, plus enough comparison and arithmetic
logic to support creating of facets in the schema; however the full semantics of xs:precisionDecimal in XPath and XQuery are not
currently defined.</li>
         <li content="para">The <code>xs:override</code> declaration is implemented. There are a couple of known restrictions: circular
<code>xs:override</code> chains are not allowed, and the interaction of <code>xs:override</code> with <code>xs:redefine</code>
is untested.</li>
         <li content="para">Multiple ID attributes are allowed on an element; ID and IDREF values appearing within a simple type constructed from ID
by list and union (as well as restriction) are recognized.</li>
         <li content="para">The <code>notQName=##definedSibling</code> option in element wildcards is available.</li>
      </ul>
      <subtitle>Unimplemented Features</subtitle>

      <p>The following facilities are not implemented. This list may be incomplete.</p>
      <ul>
         
         <li content="para">The so-called "dynamic element declarations consistent" constraint: specifically, the rule that if a wildcard
matches an element or attribute with a global declaration, then the global declaration must have a type that is consistent
with any locally-declared elements or attributes having the same name.</li>
         <li content="para">Assertions: the data presented to an assertion on a complex type is currently untyped.</li>
         <li content="para">There are new rules indicating what should happen when the XPath expressions in an identity contraint select
nodes in a part of the document that is skipped.</li>
      </ul>
   </page>

   <page xml:id="serialization">
      <title>Serialization</title>

      <p>The <a href="">Serialization</a> specification does not define its own conformance rules, saying instead
that these are up to the host language to define.</p>

      <p>Saxon implements all the mandatory provisions of the serialization specification.</p>

      <p>The known non-conformances are:</p>
      <ul>
         <li content="para">The serialization specification states that characters that can be natively encoded in the chosen
encoding must be natively encoded and must not be represented using character or entity references.
Saxon behaves this way by default, but provides an extension, <code>saxon:character-representation</code>,
which changes the behavior. Such extensions have recently been declared non-conformant, but this one
is retained in Saxon for backwards compatibility reasons.</li>
      </ul>

      <p>The following page defines how Saxon interprets those aspects of the serialization specification
that are implementation-defined.</p>
      <subtitle>Implementation-defined aspects of Serialization</subtitle>

      <p>This section defines how Saxon interprets those aspects of the serialization specification
that are implementation-defined. The list follows the numbering of 
<a href="http://www.w3.org/TR/xslt-xquery-serialization/#implementation-defined-features">Appendix D</a> 
of the Serialization specification.</p>
      <ol>
         <li>

            <p><i>For any implementation-defined output method, it is implementation-defined whether sequence normalization process takes place. (See 2 Sequence Normalization)
</i></p>

            <p>Sequence normalization takes place for all output methods, including user-defined output methods.</p>
         </li>
         <li>

            <p><i>If the namespace URI is non-null for the method serialization parameter, then the parameter specifies an implementation-defined output method. (See 3 Serialization Parameters)
</i></p>

            <p>In such cases the local name of the method must be the name of a Java class that implements one of the interfaces
org.xml.sax.ContentHandler, net.sf.saxon.event.Emitter, or net.sf.saxon.event.Receiver. The class is loaded from
the classpath and then takes responsibility for producing the serialized output (if any). The actual namespace URI is ignored.</p>
         </li>
         <li>

            <p><i>If the value of the normalization-form parameter is not NFC, NFD, NFKC, NFKD, fully-normalized, or none
 then the meaning of the value and its effect is implementation-defined. (See 4 Phases of Serialization)
</i></p>

            <p>Any value other than those listed is an error.</p>
         </li>
         <li>

            <p><i>The effect of providing an option that allows the encoding phase to be skipped,
 so that the result of serialization is a stream of Unicode characters, is implementation-defined.
  The serializer is not required to support such an option. (See 4 Phases of Serialization)
</i></p>

            <p>Saxon allows the serialized output to be written to a Java Writer, which is a character stream.
 In this case no encoding
takes place.</p>
         </li>
         <li>

            <p><i>A serializer may provide an implementation-defined mechanism to place CDATA
 sections in the result tree. (See 5.1.4 XML Output Method: the cdata-section-elements Parameter)
</i></p>

            <p>Saxon defines a factory class that enables Java applications to insert user-defined
classes into the serialization pipeline. This mechanism could be used to override the standard
CDATA processing.</p>
         </li>
      </ol>
   </page>

   <page xml:id="update">
      <title>XQuery Update 1.0</title>

      <p>Saxon 9.1 implements the Candidate Recommendation for XQuery Update 1.0. All features, including
optional features, are implemented.</p>

      <p>Update is currently supported only on documents built using the <code>linked</code> tree model.</p>

      <p>There are several limitations worth noting:</p>
      <ul>
         <li content="para">The specification requires that updates should be atomic: that is, if any failure occurs, the original
document is restored to its original state. Saxon meets this requirement unless revalidation is requested.
If failures occur during the revalidation phase, these cannot currently be rolled back. Of course, this only
affects the in-memory copy of the document; the application should be organized so that in this situation
it is possible to revert to the copy on disk.</li>
         <li content="para">The specification requires that node identity should be preserved across updates. The extent to which
this requirement is met by Saxon is debatable. Saxon allows several Java objects to represent the same node.
With the linked tree this applies in particular to attribute nodes: two requests to get all the attributes of a
node will return different Java objects, though comparisons using <code>equals()</code> or <code>isSameNodeInfo()</code>
will reveal that they refer to the same nodes. After an update, it is in general not safe to continue using
existing <code>NodeInfo</code> objects, and the effect of doing so is undefined. This means that it is impossible 
to determine in any reliable way whether the old
nodes have the same identity as the new nodes. In practice, with the linked tree implementation, it is safe
to continue using variables that refer to element nodes (where there is always one Java object per node), but it
is not safe in the case of attribute nodes.</li>
         <li content="para">The <code>put()</code> function is implemented using the same run-time support code as <code>xsl:result-document</code>,
and it currently imposes similar restrictions: for example, it must not be called from within a variable initialization
or function body, and it must to write to a URI that has been read during the execution of the query; also, two calls
on <code>put()</code> must not write to the same URI. However, it does use the XQuery semantics for resolving
the relative URI.</li>
      </ul>
   </page>

   <page xml:id="other">
      <title>Conformance with other specifications</title>

      <p>Saxon is dependent on the user-selected XML parser to ensure conformance with the XML 1.0 or 1.1
Recommendation and the XML Namespaces Recommendation. The syntax for names appearing in XPath expressions
follows the XML 1.0 or 1.1 rules depending on Saxon configuration settings.</p>

      <p>Saxon implements the <code>&lt;?xml-stylesheet?&gt;</code> processing instruction as described in the
W3C Recommendation <i>Associating StyleSheets with XML Documents</i>.
The <b>href</b> pseudo-attribute must be a URI identifying an XML document containing a stylesheet,
or a URI with a fragment identifier identifying an embedded stylesheet. The fragment must be the value
of an ID attribute declared as such in the DTD.</p>

      <p>Saxon's two native tree models, the standard tree and the tiny tree, both support the <code>xml:id</code>
Recommendation. An attribute named <code>xml:id</code> is recognized by the <code>id()</code> function,
provided that its value after space-trimming is a valid <code>NCName</code>. Saxon's schema processor
imposes the constraint that an <code>xml:id</code> attribute, if allowed at all, must be declared as being
of type <code>xs:ID</code>.</p>

      <p>Saxon on the Java platform works with any SAX2-conformant XML parser that is configured to enable namespace
processing. There is one limitation: on the startElement() call from the XMLReader to the
ContentHandler, the QName (that is, the third argument) must be present. According to the SAX2
specification, namespace-aware parsers are not obliged to supply this argument. However, all
commonly-used parsers appear to do so.</p>

      <p>Saxon on the Java platform should work with any DOM-conformant XML parser, however, Saxon's DOM interface is tested
only with Crimson and Xerces, and DOM implementations are known to vary widely. Saxon has been used
successfully with the Oracle DOM implementation, though this is not included in the standard test suite and
problems have occasionally been reported with this combination.</p>

      <p>When a XOM tree is supplied as the transformation input, Saxon does not combine adjacent
text nodes into a single node. Adjacent text nodes can occur as the result of user modifications to the
tree, or as a result of the presence of CDATA sections or entity references, depending on the options
in force when the tree was constructed. <i>This restriction no longer applies to DOM and JDOM trees:
in these cases, the virtual XPath view that is created maps one XPath text node to a sequence of
adjacent DOM or JDOM nodes.</i></p>
   </page>

   <page xml:id="encodings">
      <title>Character Encodings Supported</title>

      <p>The encodings supported on input depend entirely on your choice of XML parser.</p>

      <p>On output, any encoding supported by the Java VM or the .NET platform (as appropriate) may be used.</p>

      <p>A list of the character encodings
supported by the Java VM can be obtained by using the command
<code>java net.sf.saxon.charcode.CharacterSetFactory</code>,
with no parameters.</p>
   </page>

   <page xml:id="jaxp">
      <title>JAXP Conformance</title>

      <p>Saxon on the Java platform implements the JAXP 1.3 API. This is available as
a standard part of JDK 1.5 (also known as J2SE SDK 5.0), and is available as an optional package for use with
JDK 1.4.</p>

      <p>Saxon implements the interfaces in the <code>javax.xml.transform</code> package in full, including support for
SAX, DOM, and Stream input, and SAX, DOM, and Stream output.</p>

      <p>Saxon implements the XPath API (the interfaces in the <code>javax.xml.xpath</code> package) in full.
Note however that the <code>XPathException</code> exception used throughout Saxon is unrelated to the
class of the same name defined in the XPath API. The Saxon XPath API works with five object models: DOM,
JDOM, XOM, DOM4J, and the native Saxon object model. The URIs used to identify these object models are:</p>
      <ul>
         <li content="para">http://java.sun.com/jaxp/xpath/dom</li>
         <li content="para">http://jdom.org/jaxp/xpath/jdom</li>
         <li content="para">http://www.xom.nu/jaxp/xpath/xom</li>
         <li content="para">http://www.dom4j.org/jaxp/xpath/dom4j</li>
         <li content="para">http://saxon.sf.net/jaxp/xpath/om</li>
      </ul>

      <p>The JAXP 1.3 XPath API is designed primarily for use with XPath 1.0. Saxon implements it with
XPath 2.0. This means that decisions were necessary on how to handle the richer set of return types
available with 2.0. If the return type requested is String, Number, or Boolean, then Saxon converts the
result to one of these types as if by using the XPath functions <code>string()</code>, <code>number()</code>,
or <code>boolean()</code>. Items after the first in the atomized sequence are discarded. If the return type
requested is <code>NODE</code>, Saxon returns the first item in the result sequence if it is a node, and reports
an error if it is an atomic value. If the result sequence is empty, it returns null. If the return type requested
is NODELIST, Saxon returns a Java List containing all the items in the sequence, whether they are nodes or not.
Nodes are returned using the native node object in the input data model, atomic values are returned using the
most appropriate Java class. Note that in the case of numeric results, it is not always easy to predict whether
the result will be a Long, a Double, or a BigDecimal, and it is advisable to cast the data to one of the numeric types
within the XPath expression to make the result predictable.</p>

      <p>Saxon-EE also implements the JAXP 1.3 Validation API. This allows a schema to be parsed and validated,
and provides two mechanisms for validating a document against a schema: the <code>Validator</code>
and the <code>ValidatorHandler</code>.</p>

      <p>There are some minor non-conformances in the Saxon implementation of this interface:</p>
      <ul>
         <li content="para">The interface specification restricts the types of <code>Source</code> and <code>Result</code>
object that can be supplied to a <code>Validator</code>. Saxon does not enforce these restrictions, it
allows any kind of <code>Source</code> and <code>Result</code> that a <code>Transformer</code>
would accept.</li>
         <li content="para">Saxon's implementation of <code>ValidatorHandler</code> performs more buffering of events than
is permitted by the specification.</li>
         <li content="para">The method <code>isSpecified(int)</code> in the <code>TypeInfoProvider</code> always returns true.</li>
      </ul>

      <p>In addition, Saxon implements part of the <code>javax.xml.parsers</code> API.
Saxon no longer provides its own SAX parser,
however it does provide a <code>DocumentBuilder</code>.
The DOM interfaces are limited by the capabilities of the Saxon DOM, specifically the fact that
it is read-only. Nevertheless, the DocumentBuilder may be used to construct a Saxon tree, or to
obtain an empty Document node which can be supplied in a DOMResult to hold the result of a
transformation.</p>
   </page>

   <page xml:id="xqj">
      <title>XQJ Conformance</title>

      <p>Saxon implements XQJ, the XQuery API for Java defined in 
<a href="http://www.jcp.org/en/jsr/detail?id=225">JSR 225</a>. The current version that is implemented
is the Final Release dated March 2009, which was publicly announced on 24 June 2009.</p>

      <p>The compliance definition for XQJ (section 3 of the specification) requires a statement of how all aspects
of the specification that are implementation-defined have been implemented. The following table provides this
statement for the Saxon implementation.</p>
      <table>
         <tr>
            <td content="para">
               <b>Implementation-defined feature</b>
            </td>
            <td content="para">
               <b>Saxon implementation</b>
            </td>
         </tr>
         <tr>
            <td content="para">
The class name of the XQDataSource implementation
</td>
            <td content="para">
               <code>net.sf.saxon.xqj.SaxonXQDataSource</code>
            </td>
         </tr>
         <tr>
            <td content="para"> 
All properties defined on the XQDataSource implementation
</td>
            <td content="para">
The following properties are defined: allowExternalFunctions, dtdValidation, expandAttributeDefaults, expandXInclude,  retainLineNumbers,
schemaValidationMode, stripWhitespace, useXsiSchemaLocation,  xmlVersion, xsdVersion.
</td>
         </tr>
         <tr>
            <td content="para"> 
The syntax and semantics for commands, assuming executing commands through XQExpression is supported.
</td>
            <td content="para">
No commands are supported (only XQuery expressions).
</td>
         </tr>
         <tr>
            <td content="para"> 
Is cancelling of query execution supported?
</td>
            <td content="para">
No, Query execution cannot be cancelled.
</td>
         </tr>
         <tr>
            <td content="para">
The default and supported values for each parameter described in XQuery Serialization
</td>
            <td content="para">
Although this is implementation-defined, the test suite makes some assumptions and these have been followed.
The defaults are: byte-order-mark="no" cdata-section-elements="" doctype-public=null doctype-system=null 
 encoding="utf-8" indent="yes" media-type="application/xml" method="xml" normalization-form="none"
 omit-xml-declaration="yes" standalone="omit" undeclare-prefixes="no" use-character-maps="" version="1.0" 
</td>
         </tr>
         <tr>
            <td content="para">
Additional StAX or SAX event types being reported, beside the event types
documented in [the] specification
</td>
            <td content="para"> 
None.
</td>
         </tr>
         <tr>
            <td content="para">
Support for XDM instances and types based on user-defined schema types
</td>
            <td content="para">
When used with Saxon-EE, user-defined schema types are supported, to the extent that the
XQJ interface allows them to be used. 
</td>
         </tr>
         <tr>
            <td content="para">
The semantics with respect to node identity, document order, and full node context,
when a node is bound to an external variable.
</td>
            <td content="para">
When a node is bound to an XQItem and hence to a variable in a query, node identity, document order,
and "context" (relationships to other nodes) are maintained.
</td>
         </tr>
         <tr>
            <td content="para">
Is login timeout supported?
</td>
            <td content="para">
No. (There is no concept of login.)
</td>
         </tr>
         <tr>
            <td content="para">
Are transactions supported?
</td>
            <td content="para">
No. Saxon only supports read-only query via the XQJ interface.
</td>
         </tr>
         <tr>
            <td content="para">
Behaviour of the <code>getNodeUri()</code> method, defined on <code>XQItemAccessor</code>, for other than document nodes.
</td>
            <td content="para">
The method is defined on any node, and returns the URI of the external entity in which the containing element originally
appeared, if known, or the empty URI otherwise.
</td>
         </tr>
         <tr>
            <td content="para">
Behaviour of the <code>getTypeName()</code> method, defined on <code>XQItemType</code>, for anonymous types.
</td>
            <td content="para">
Anonymous types have a system-generated name.
</td>
         </tr>
         <tr>
            <td content="para">
Behaviour of the <code>getSchemaURI()</code> method, defined on <code>XQItemType</code>
            </td>
            <td content="para">
The system identifier (document URI) of the original schema document is reported if the information is available.
</td>
         </tr>
         <tr>
            <td content="para">
Behaviour of the <code>createItemFromDocument()</code> methods, defined on <code>XQDataFactory</code>, if the specified
value is not a well-formed XML document.
</td>
            <td content="para">
An exception is thrown.
</td>
         </tr>
         <tr>
            <td content="para">
Behaviour of the <code>bindDocument</code> methods, defined on <code>XQDynamicContext</code>, if the specified
value is not a well-formed XML document.
</td>
            <td content="para">
An exception is thrown.
</td>
         </tr>
         <tr>
            <td content="para">
The error codes, reported through <code>XQQueryException</code>, in addition to the standard error codes listed in [XQuery]
and its associated specifications.
</td>
            <td content="para">
None. The Saxon implementation does not currently use the class <code>XQQueryException</code>.
</td>
         </tr>
      </table>
      <box>Section 19 of the XQJ specification ("Interoperability") suggests that an XQJ specification
should accept items and built-in types that were created using a different vendor's
XQJ implementation. In general, Saxon will only handle the Saxon implementation of XQJ interfaces.
At any rate, it has not been validated with third-party implementations. </box>
   </page>
</section>