<?xml version="1.0" encoding="UTF-8"?>
<section xml:id="dotnet">
   <title>Saxon on .NET</title>

   <page xml:id="intro">
      <title>Introduction</title>

      <p>Saxon is available on both the Java and .NET platforms. This section of
the documentation describes aspects of Saxon that are specific to the .NET platform.</p>

      <p>The Saxon source code is written in Java. It has been ported to the .NET platform by cross-compiling
the bytecode produced by the Java compiler into the MSIL code used on .NET, and adding various components
designed to integrate Saxon fully into the .NET environment. These additions include:</p>
      <ol>
         <li content="para">Addition of command-line interfaces <code>Transform</code>, <code>Query</code>, and <code>Validate</code>.</li>
         <li content="para">Addition of a front-end API suitable for calling Saxon from .NET languages such as C#, VB.NET, or ASP.NET</li>
         <li content="para">Internal changes within Saxon to take advantage of services offered by the .NET Common Language Runtime,
for example collation support, regular expression support, URI handling, and XML parsing.</li>
      </ol>

      <p>Both the basic and schema-aware versions of Saxon are available on .NET, with the same functionality as the
Java versions.</p>

      <p>Installation of Saxon on the .NET platform is described at <xref section="about" page="installationdotnet">Installation (.NET)</xref>.</p>

      <p>The commands <code>Transform</code>, <code>Query</code>, and <code>Validate</code> have the same format
as their Java counterparts. They are described in the following places:</p>
      <ol>
         <li content="para">
            <xref section="using-xsl" page="commandline">Transform</xref>
         </li>
         <li content="para">
            <xref section="using-xquery" page="commandline">Query</xref>
         </li>
         <li content="para">
            <xref section="schema-processing" page="commandline">Validate</xref>
         </li>
      </ol>

      <p>An introduction to the API for Saxon on .NET is provided at <xref section="dotnet" page="dotnetapi">Saxon API for .NET</xref>;
full specifications are available <a href="../dotnetdoc/index.html">here</a>.</p>

      <p>For information about writing extension functions using .NET languages, see
<xref section="extensibility" page="dotnetextensions">Writing extension functions for .NET</xref>.</p>
   </page>

   <page xml:id="dotnetapi">
      <title>Saxon API for .NET</title>

      <p>A new API has been developed providing access to XSLT, XQuery, XPath, and XML Schema processing on the .NET
platform. This is available from any .NET-supported language, although the examples are all expressed in C# terms.</p>

      <p>This section provides a brief introduction to the structure and concepts of the API. Full specifications are
available <a href="../dotnetdoc/index.html">here</a>.</p>

      <p>A set of example C# programs illustrating various use cases for the API is available in the <code>samples/cs</code>
directory.</p>

      <p>All the classes referred to below are in the namespace <code>Saxon.Api</code>, and can be loaded from the
assembly <code>saxonapi.dll</code>.</p>

      <p>The first thing the application needs to do is to create a <code>Processor</code>. The <code>Processor</code>
holds configuration information for Saxon, and shared resources such as the name pool and schema pool. It is possible
to run multiple processors concurrently if required, but it is usually more economical for all Saxon processes within
a single application to use the same <code>Processor</code>.</p>

      <p>XSLT, XQuery, and XPath processing all follow the same pattern:</p>
      <ul>
         <li content="para">From the <code>Processor</code>, create a Compiler for the appropriate language, using one of the
methods <code>NewXsltCompiler</code>, <code>NewXQueryCompiler</code>, or <code>NewXPathCompiler</code>.</li>
         <li content="para">Set any required properties or configuration options on the resulting Compiler object (these establish
the static evaluation context), and then
call its <code>Compile</code> method to create an Executable. The <code>Compile</code> methods are overloaded
to accept input from a variety of sources.</li>
         <li content="para">The Executable object represents the compiled stylesheet, query, or XPath expression. It can be evaluated
as often as required, in the same thread or in different threads. The first stage in this evaluation is to call
the <code>Load</code> method on the Executable. The resulting loaded object is an <code>XsltTransformer</code>,
<code>XQueryEvaluator</code>, or <code>XPathSelector</code> depending on the language in use.</li>
         <li content="para">Properties and configuration methods can then be set on the loaded object to establish the dynamic
evaluation context, and the real processing is then finally invoked using another method: this may be <code>Run</code> in the
case of XSLT or XQuery where the output is a newly constructed XML document, or 
<code>Evaluate</code>, <code>EvaluateSingle</code>, or <code>GetEnumerator</code> 
in the case of XQuery and XPath where the output is an arbitrary sequence.</li>
      </ul>

      <p>The API includes a number of classes that reflect the XSLT/XQuery/XPath data model (XDM). These are as follows:</p>
      <ol>
         <li content="para">
            <code>XdmValue</code>: an XPath value. This is in general a sequence, whose items are nodes or atomic values.
You can supply an <code>XdmValue</code> as the value of a stylesheet or query parameter, and receive an <code>XdmValue</code>
as the result of evaluating a query or XPath expression.</li>
         <li content="para">
            <code>XdmItem</code>: an XPath item. This is a subtype of <code>XdmValue</code>, since any item can be treated
as a sequence of length one. You can call <code>GetEnumeration</code> on an <code>XdmValue</code> object to iterate
over the items in the sequence.</li>
         <li content="para">
            <code>XdmNode</code>: a node. This object provides access to most of the properties of nodes defined in the
XDM model: the node kind, the string value, the name, the typed value, the base URI. It also provides a method <code>EnumerateAxis</code>
which allows you to find related nodes using any of the 13 XPath axes. For convenience, the <code>OuterXml</code>
property provides a simple way to serialize the node.</li>
         <li content="para">
            <code>XdmAtomicValue</code>: an atomic value, as defined in the XDM model. You can construct an atomic value directly
from common objects such as an integer, a string, a double, or a Uri; or you can construct one by specifying a string
containing the lexical representation, and a QName identifying the required type.</li>
      </ol>

      <p>The <code>Processor</code> provides a method <code>NewDocumentBuilder</code> which, as the name implies, returns
a <code>DocumentBuilder</code>. This may be used to construct a document (specifically, an <code>XdmNode</code>)
from a variety of sources. The input can come from raw lexical XML by specifying a <code>Stream</code> or a <code>Uri</code>,
or it may come from a DOM document built using the Microsoft XML parser by specifying an <code>XmlNode</code>,
or it may be supplied programmatically by nominating an <code>XmlReader</code>. Various processing options
can be set as properties of the <code>DocumentBuilder</code>: these determine, for example, how whitespace is handled 
and whether schema validation is performed. The resulting document can be
used as the input to a transformation, a query, or an XPath expression. It might also contain a stylesheet or a schema
which can then be used as input to the <code>XsltCompiler</code> or the <code>SchemaManager</code>.</p>

      <p>The <code>SchemaManager</code> exists only in the <code>Saxon-EE</code> product, and its job is to compile schema documents
and to maintain a cache containing the compiled schemas. It thus contains method to compile schemas from a variety
of document sources. It also contains a factory method <code>NewSchemaValidator</code>, which returns a 
<code>SchemaValidator</code>. The <code>SchemaValidator</code>, in turn, is used to validate a source document
against the set of schema definitions held in the <code>SchemaManager</code>'s cache.</p>

      <p>Finally, the API offers a class <code>XmlDestination</code> to define the possible ways of handling a document
constructed as the output of a transformation, query, or validation episode. Various subtypes of <code>XdmDestination</code>
 allow such results to be serialized as XML (using either the Saxon serializer or an <code>XmlTextWriter</code>),
 or to be materialized as a Saxon <code>XdmNode</code> or as a DOM <code>XmlNode</code>.</p>

      <p>These classes are designed to be combined in arbitrary ways. For example, you might run an XQuery whose result is
a sequence of newly-constructed document nodes. You could then iterate over these nodes, and for each one, apply
an XSLT transformation whose result is then serialized.</p>

      <p>There are several places where the classes in the <code>Saxon.Api</code> package provide an "escape hatch" into
the underlying implementation classes. These are provided for the benefit of applications that for some reason 
need to mix use of the .NET API with the established Java API. The underlying implementation classes are documented
in Java terms and use Java calling conventions, but this does not stop them being used from any .NET language:
you may need to consult the <a href="http://www.ikvm.net">IKVM</a> documentation for details of the mappings.
The places where such escape hatches are provided are shown below:</p>
      <table>
         <thead>
            <tr>
               <td content="para">Interface class</td>
               <td content="para">Property</td>
               <td content="para">Implementation class</td>
            </tr>
         </thead>
         <tbody>
            <tr>
               <td content="para">Saxon.Api.Processor</td>
               <td content="para">Implementation</td>
               <td content="para">net.sf.saxon.Configuration</td>
            </tr>
            <tr>
               <td content="para">Saxon.Api.XdmNode</td>
               <td content="para">Implementation</td>
               <td content="para">net.sf.saxon.om.NodeInfo</td>
            </tr>
            <tr>
               <td content="para">Saxon.Api.XsltTransformer</td>
               <td content="para">Implementation</td>
               <td content="para">net.sf.saxon.Controller</td>
            </tr>
            <tr>
               <td content="para">Saxon.Api.XQueryCompiler</td>
               <td content="para">Implementation</td>
               <td content="para">net.sf.saxon.query.StaticQueryContext</td>
            </tr>
         </tbody>
      </table>
   </page>

   <page xml:id="xmlparsing">
      <title>XML Parsing in .NET</title>

      <p>When you run Saxon on the .NET platform, there are two XML parsers available: the <code>System.Xml</code> parser
supplied with the .NET platform, and the JAXP parser that comes with the OpenJDK library, which is supplied
as part of the Saxon product.</p>

      <p>Saxon generally uses the Microsoft <code>System.Xml</code> parser by preference. However, you can force Saxon
to use the OpenJDK parser by calling <code>processor.SetProperty("http://saxon.sf.net/feature/preferJaxpParser", "true")</code>.
(It is not possible to do this from the command line.)</p>

      <p>Note that the Microsoft parser does not notify ID or IDREF values from the DTD, or expand attributes with
fixed or default values, unless DTD validation is requested. This can be requested using the -v option on the
command line, or via the API. (See the <code>DtdValidation</code> property of the <code>DocumentBuilder</code>
class)</p>

      <p>At present, unparsed entities are ignored when the Microsoft parser is used. 
The XSLT functions <code>unparsed-entity-system-id()</code>
and <code>unparsed-entity-public-id()</code>will therefore not work.</p>
   </page>
</section>