<?xml version="1.0" encoding="UTF-8"?>
<section xml:id="expressions">
   <title>XPath 2.0 Expression Syntax</title>

   <page xml:id="intro">
      <title>Introduction</title>

      <p>This document is an informal guide to the syntax of XPath 2.0 expressions, which are used in Saxon both within
XSLT stylesheets, and in the Java API. XPath is also a subset of XQuery. For formal specifications, see the
 <a href="http://www.w3.org/TR/xpath20/">XPath 2.0 specification</a>,
 except where differences are noted here.</p>
      
      <p>There is also a summary of <xref page="xpath30new">new features introduced in XPath 3.0</xref> (originally published
      as XPath 2.1).</p>

      <p>XPath expressions may be used either in an XSLT stylesheet, or as a parameter to various Java
interfaces. The syntax is the same in both cases. Saxon supports XPath either through the standard JAXP interface
(which is somewhat limiting as it is designed for XPath 1.0 and is not well integrated with interfaces for XSLT and XQuery),
or via Saxon's own s9api interface ("snappy"). In s9api, the steps are:</p>
      <ol>
         <li content="para">Create a <code>Processor</code> (which can also be used for XSLT, XQuery, and XSD processing)</li>
         <li content="para">User the <code>newXPathCompiler()</code> method to create an <code>XPathCompiler</code>, and use its methods 
 to set the static context for the expression</li>
         <li content="para">User the <code>compile()</code> method to compile the expression, and the load() method to instantiate it
 for use (you can compile the method once and load it as many times as you like for execution)</li>
         <li content="para">Call methods on the resulting <code>XPathSelector</code> object to set the context item and the values of
 any external variables for evaluating the expression</li>
         <li content="para">Call another method to evaluate the expression.
 Because <code>XPathSelector</code> is a Java <code>Iterable</code>, you can simply use the Java for-each construct
 to iterate over the results of the expression.</li>
         <li content="para">If the results are sequences of nodes, as is often the case, they are returned as instances of the Saxon
 class <code>XdmNode</code> which provides methods to perform further processing of the results.</li>
      </ol>

      <p>An important change in XPath 2.0 is that all values are now considered as sequences. A sequence
consists of zero or more items; an item may be a node or a simple-value. Examples of simple-values
are integers, strings, booleans, and dates. A single value such as
a number is considered as a sequence of length 1. The empty sequence is written as <code>()</code>;
a singleton sequence may be written as <code>"a"</code> or <code>("a")</code>, and a general
sequence is written as <code>("a", "b", "c")</code>.</p>

      <p>The node-sets of XPath 1.0 are replaced in XPath 2.0 by sequences of nodes. Path expressions
will return node sequences whose nodes are in document order with no duplicates, but other kinds
of expression may return sequences of nodes in any order, with duplicates permitted.</p>

      <p>This section summarizes the syntactic constructs and operators provided in XPath 2.0. The functions
provided in the function library are listed separately: see the <xref section="functions">Functions</xref> section.</p>
   </page>

   <page xml:id="literals">
      <title>Constants</title>

      <p><b>String literals</b> are written as "London" or 'Paris'. In each case you can use the opposite
kind of quotation mark within the string: 'He said "Boo"', or "That's rubbish". In a stylesheet
XPath expressions always appear within XML attributes, so it is usual to use one kind of delimiter for
the attribute and the other kind for the literal. Anything else can be written using XML character
entities. In XPath 2.0, string delimiters can be doubled within the string to represent the
delimiter itself: for example <code>&lt;xsl:value-of select='"He said, ""Go!"""'/&gt;</code></p>

      <p><b>Numeric constants</b> follow the Java rules for decimal literals: for example, <code>12</code> or <code>3.05</code>; a
negative number can be written as (say) <code>-93.7</code>, though technically the minus sign is not part of the
literal. (Also, note that you may need a space before the minus sign to avoid it being treated as
a hyphen within a preceding name). The numeric literal is taken as a double precision floating 
point number if it uses scientific notation (e.g. <code>1.0e7</code>), as fixed point decimal
if it includes a full stop, or as a integer otherwise. Decimal values (and integers) in Saxon have unlimited 
precision and range (they use the Java classes BigInteger and BigDecimal internally). Note that a value 
such as <code>3.5</code> was
handled as a double-precision floating point number in XPath 1.0, but as a decimal number in
XPath 2.0: this may affect the precision of arithmetic results.</p>

      <p>There are no boolean constants as such: instead use the function calls <code>true()</code> and 
<code>false()</code>.</p>

      <p>Constants of other data types can be written using constructors, which look like function calls
but require a string literal as their argument. For example, <code>xs:float("10.7")</code> produces
a single-precision floating point number. Saxon implements constructors for all of the built-in data types
defined in XML Schema Part 2.</p>

      <p>An example for <b>date</b> and <b>dateTime</b> values: 
you can write constants for these data types as <code>xs:date("2002-04-30")</code>
or <code>xs:dateTime("1966-07-31T15:00:00Z")</code>.</p>

      <p>XPath 2.0 allows the argument to a constructor to
contain whitespace, as determined by the whitespace facet for the target data type.</p>
   </page>

   <page xml:id="variables">
      <title>Variable References</title>

      <p>The value of a variable (local or global variable, local or global parameter) may be referred to
using the construct <code>$<i>name</i></code>, where <i>name</i> is the variable name.</p>

      <p>The variable is always bound at the textual place where the expression containing it appears;
for example a variable used within an <code>xsl:attribute-set</code> must be in scope at the point where the
 attribute-set is defined, not the point where it is used.</p>

      <p>A variable may be declared to be of a particular type, for example it may be constrained to 
be an integer, or a sequence of strings, or an attribute node. In a schema-aware environment, this
may also be a reference to a user-defined type in a schema. If there is no type declared for the variable,
it may take a value of any data type, and in general it is not possible to 
determine its data type statically.</p>

      <p>It is an error to refer to a variable that has not been declared.</p>

      <p>Starting with XPath 2.0, variables (known as range variables) may be declared within
an XPath expression, not only using <code>xsl:variable</code> elements in an XSLT stylesheet. The
expressions that declare variables are the <code>for</code>, <code>some</code>, and <code>every</code>
expressions. In XQuery, variables can also be declared in a <code>let</code> or <code>typeswitch</code>
expression, as well as in the signature of a user-written function.</p>
   </page>

   <page xml:id="functioncalls">
      <title>Function Calls</title>

      <p>A function call in XPath 2.0 takes the form <code>F ( arg1, arg2, ...) </code>. In general, the
function name is a QName. A library of core functions is defined in the XPath 2.0 and XSLT 2.0
specifications. For details of these functions, including notes on their implementation
in this Saxon release, see the <xref section="functions">Functions</xref> section. 
Additional functions are available (in a special namespace) as Saxon extensions:
these are listed in the <xref section="extensions">Extensions</xref>. Further functions may be
implemented by the user, either as XSLT
 <i>stylesheet functions</i> (see <xref section="xsl-elements" page="function">xsl:function</xref>),
 as XQuery functions, 
or as Java <i>extension functions</i> (see the <xref section="extensibility">Extensibility</xref> section).</p>
   </page>

   <page xml:id="axissteps">
      <title>Axis steps</title>

      <p>The basic primitive for accessing a source document is the <i>axis step</i>. Axis steps 
may be combined into path expressions using the path operators <code>/</code> and <code>//</code>,
and they may be filtered using filter expressions in the same way as the result of any other
expression.</p>

      <p>An axis step has the basic form <code>axis :: node-test</code>, and selects nodes on a given axis
that satisfy the node-test. The axes available are:</p>
      <table>
         <tr>
            <td content="para">ancestor</td>
            <td content="para">Selects ancestor nodes starting with the current node and ending
with the document node</td>
         </tr>
         <tr>
            <td content="para">ancestor-or-self</td>
            <td content="para">Selects the current node plus all ancestor nodes</td>
         </tr>
         <tr>
            <td content="para">attribute</td>
            <td content="para">Selects all attributes of the current node (if it is an element)</td>
         </tr>
         <tr>
            <td content="para">child</td>
            <td content="para">Selects the children of the current node, in documetn order</td>
         </tr>
         <tr>
            <td content="para">descendant</td>
            <td content="para">Selects the children of the current node and their children, recursively
(in document order)</td>
         </tr>
         <tr>
            <td content="para">descendant-or-self</td>
            <td content="para">Selects the current node plus all descendant nodes</td>
         </tr>
         <tr>
            <td content="para">following</td>
            <td content="para">Selects the nodes that follow the current node in document order,
other than its descendants</td>
         </tr>
         <tr>
            <td content="para">following-sibling</td>
            <td content="para">Selects all subsequent child nodes of the same
parent node</td>
         </tr>
         <tr>
            <td content="para">namespace</td>
            <td content="para">Selects all the in-scope namespaces for an element (this axis
is deprecated in XPath 2.0, but Saxon continues to support it)</td>
         </tr>
         <tr>
            <td content="para">parent</td>
            <td content="para">Selects the parent of the current node</td>
         </tr>
         <tr>
            <td content="para">preceding</td>
            <td content="para">Selects the nodes that precede the current node in document order,
other than its ancestors</td>
         </tr>
         <tr>
            <td content="para">preceding-sibling</td>
            <td content="para">Selects all preceding child nodes of the same
parent node</td>
         </tr>
         <tr>
            <td content="para">self</td>
            <td content="para">Selects the current node</td>
         </tr>
      </table>

      <p>When the child axis is used, <code>child::</code> may be omitted, and when the attribute
axis is used, <code>attribute::</code> may be abbviated to <code>@</code>. The expression
<code>parent::node()</code> may be shortened to <code>..</code></p>

      <p><i>The expression <code>.</code> is no longer synonymous with <code>self::node()</code>,
since it may now select items that are not nodes. If the context item is not a node, any use of a
path expression will raise an error.</i></p>

      <p>The node-test may be, for example:</p>
      <ul>
         <li content="para">a node name</li>
         <li content="para">
            <code>prefix:*</code> to select nodes in a given namespace</li>
         <li content="para">
            <code>*:localname</code> to select nodes with a given local name, regardless of namespace</li>
         <li content="para">
            <code>text()</code> (to select text nodes)</li>
         <li content="para">
            <code>node()</code> (to select any node)</li>
         <li content="para">
            <code>processing-instruction()</code> (to select any processing instruction)</li>
         <li content="para">
            <code>processing-instruction('literal')</code> to select processing instructions with the given name
            (target)</li>
         <li content="para">
            <code>comment()</code> to select comment nodes</li>
         <li content="para">
            <code>element()</code> or <code>element(*)</code> to select any element node</li>
         <li content="para">
            <code>element(N)</code> to select any element node named N</li>
         <li content="para">
            <code>element(*, T)</code> to select any element node whose type annotation
                     is T, or a subtype of T</li>
         <li content="para">
            <code>element(N, T)</code> to select any element node whose name is N
                    and whose type annotation is T, or a subtype of T</li>
         <li content="para">
            <code>schema-element(N)</code> to select any element node whose name is N,
            or an element in the substitution group of N, that conforms to the schema-defined
            type for a global element declaration named N in an imported schema</li>
         <li content="para">
            <code>attribute</code> or <code>attribute(*)</code> to select any attribute node</li>
         <li content="para">
            <code>attrbute(N)</code> to select any attribute node named N</li>
         <li content="para">
            <code>attribute(*, T)</code> to select any attribute node whose type annotation
                     is T, or a subtype of T</li>
         <li content="para">
            <code>attribute(N, T)</code> to select any attribute node whose name is N
                    and whose type annotation is T, or a subtype of T</li>
         <li content="para">
            <code>schema-attribute(N)</code> to select any attribute node whose name is N,
            that conforms to the schema-defined
            type for a global attribute declaration named N in an imported schema</li>
      </ul>
   </page>

   <page xml:id="parentheses">
      <title>Parentheses and operator precedence</title>

      <p>In general an expression may be enclosed in parentheses without changing its meaning.</p>

      <p>If parentheses are not used, operator precedence follows the sequence below, starting with the
operators that bind most tightly. Within each group the operators are evaluated left-to-right</p>
      <table>
         <tr>
            <td content="para">
               <b>Operator</b>
            </td>
            <td content="para">
               <b>Meaning</b>
            </td>
         </tr>
         <tr>
            <td content="para">[]</td>
            <td content="para">predicate</td>
         </tr>
         <tr>
            <td content="para">/, //</td>
            <td content="para">path operator</td>
         </tr>
         <tr>
            <td content="para">unary -, unary +</td>
            <td content="para">unary plus and minus</td>
         </tr>
         <tr>
            <td content="para">cast as</td>
            <td content="para">dynamic type conversion</td>
         </tr>
         <tr>
            <td content="para">castable as</td>
            <td content="para">type test</td>
         </tr>
         <tr>
            <td content="para">treat as</td>
            <td content="para">static type conversion</td>
         </tr>
         <tr>
            <td content="para">instance of</td>
            <td content="para">type test</td>
         </tr>
         <tr>
            <td content="para">except, intersect</td>
            <td content="para">set difference and intersection</td>
         </tr>
         <tr>
            <td content="para">|, union</td>
            <td content="para">union operation on sets</td>
         </tr>
         <tr>
            <td content="para">*, div, idiv, mod</td>
            <td content="para">multiply, divide, integer divide, modulo</td>
         </tr>
         <tr>
            <td content="para">+, -</td>
            <td content="para">plus, minus</td>
         </tr>
         <tr>
            <td content="para">to</td>
            <td content="para">range expression</td>
         </tr>
         <tr>
            <td content="para">=, !=, is, &lt;, &lt;=;, &gt;, &gt;=, eq, ne, lt, le, gt, ge</td>
            <td content="para">comparisons</td>
         </tr>
         <tr>
            <td content="para">and</td>
            <td content="para">Boolean and</td>
         </tr>
         <tr>
            <td content="para">or</td>
            <td content="para">Boolean or</td>
         </tr>
         <tr>
            <td content="para">if</td>
            <td content="para">conditional expressions</td>
         </tr>
         <tr>
            <td content="para">some, every</td>
            <td content="para">quantified expressions</td>
         </tr>
         <tr>
            <td content="para">for</td>
            <td content="para">iteration (mapping) over a sequence</td>
         </tr>
         <tr>
            <td content="para">, (comma)</td>
            <td content="para">Sequence concatenation</td>
         </tr>
      </table>

      <p>The various operators are described, in roughly the above order, in the sections that follow.</p>
   </page>

   <page xml:id="filter">
      <title>Filter expressions</title>

      <p>The notation <code>E[P]</code> is used to select items from the sequence obtained by evaluating
<code>E</code>. If the predicate <code>P</code> is numeric, the predicate selects an item if its
position (counting from 1) is equal to <code>P</code>; otherwise, the <i>effective boolean value</i>
of <code>P</code> determines whether an item is selected or not. The effective boolean value of a sequence
is false if the sequence is empty, or if it contains a single item that is one of: the boolean value
false, the zero-length string, or a numeric zero or NaN value. If the first item of the sequence is a node, or
if the sequence is a singleton boolean, number or string other than those listed above, the effective
boolean value is true. In other cases (for example, if the sequence contains two booleans or a date),
evaluating the effective boolean value causes an error.</p>

      <p>In XPath 2.0, <code>E</code> may be any sequence, it is not restricted to a node sequence. Within
the predicate, the expression <code>.</code> (dot) refers to the context item, that is, the item
currently being tested. The XPath 1.0 concept of context node has thus been generalized, for example
<code>.</code> can refer to a string or a number.</p>

      <p>Generally the order of items in the result preserves the order of items in <code>E</code>. As a 
special case, however, if <code>E</code> is a step using a reverse axis (e.g. preceding-sibling), the
position of nodes for the purpose of evaluating the predicate is in reverse document order, but the
result of the filter expression is in forwards document order.</p>
   </page>

   <page xml:id="path">
      <title>Path expressions</title>

      <p>A path expression is a sequence of steps separated by the <code>/</code> or <code>//</code> operator.
For example, <code>../@desc</code> selects the <code>desc</code> attribute of the parent of the context
node.</p>

      <p>In XPath 2.0, path expressions have been generalized so that any expression can be used as an operand
of <code>/</code>, (both on the left and the right), so long as its value is a sequence of nodes. For
example, it is possible to use a union expression (in parentheses) or a call to the <code>id()</code>
or <code>key()</code> functions. The right-hand operand is evaluated once for each node in the sequence
that results from evaluating the left-hand operand, with that node as the context item. In the result
of the path expression, nodes are sorted in document order, and duplicates are eliminated.</p>

      <p>In practice, it only makes sense to use expressions on the right of <code>/</code> if they depend
on the context item. It is legal to write <code>$x/$y</code> provided both <code>$x</code> and
<code>$y</code> are sequences of nodes, but the result is exactly the same as writing <code>./$y</code>.</p>

      <p>Note that the expressions <code>./$X</code> or <code>$X/.</code> can be used to remove duplicates
from <code>$X</code> and sort the results into document order. The same effect can be achieved by writing
<code>$X|()</code></p>

      <p>The operator <code>//</code> is an abbreviation for <code>/descendant-or-self::node()/</code>.
An expression of the form <code>/E</code> is shorthand for <code>root(.)/E</code>, and the expression
<code>/</code> on its own is shorthand for <code>root(.)</code>.</p>

      <p>The expression on the left of the <code>/</code> operator must return a node or sequence of nodes. The
expression on the right can return either a sequence of nodes or a sequence of atomic values (but not a mixture 
of the two). This allow constructs such as <code>$x/number()</code>, which returns the sequence obtained
by converting each item in $x to a number.</p>
   </page>

   <page xml:id="cast">
      <title>Cast as, Treat as</title>

      <p>The expression <code>E cast as T</code> converts the value of expression <code>E</code> to type
<code>T</code>. Whether T is a built-in type or a user-defined type, the
effect is exactly the same as using the constructor function <code>T (E)</code>.</p>

      <p>The expression <code>E treat as T</code> is designed for environments that perform static type
checking. Saxon doesn't do static type checking, so this expression has very little use, except to
document an assertion that the expression <code>E</code> is of a particular type. A run-time failure
will be reported if the value of <code>E</code> is not of type <code>T</code>; no attempt is made
to convert the value to this type.</p>
   </page>

   <page xml:id="except">
      <title>Set difference and intersection</title>

      <p>These operators are new in XPath 2.0.</p>

      <p>The expression <code>E1 except E2</code> selects all nodes that are in <code>E1</code> unless
they are also in <code>E2</code>. Both expressions must return sequences of nodes. The results
are returned in document order. For example, <code>@* except @note</code> returns all attributes
except the <code>note</code> attribute.</p>

      <p>The expression <code>E1 intersect E2</code> selects all nodes that are in both <code>E1</code> and
 <code>E2</code>. Both expressions must return sequences of nodes. The results
are returned in document order. For example, <code>preceding::fig intersect ancestor::chapter//fig</code> 
returns all preceding <code>fig</code> elements within the current chapter.</p>
   </page>

   <page xml:id="union">
      <title>Union</title>

      <p>The <code>|</code> operator was available in XPath 1.0; the keyword <code>union</code> has been
added in XPath 2.0 as a synonym, because it is familiar to SQL users.</p>

      <p>The expression <code>E1 union E2</code> selects all nodes that are in either <code>E1</code> or
 <code>E2</code> or both. Both expressions must return sequences of nodes. The results
are returned in document order. For example, <code>/book/(chapter | appendix)/sections</code> returns
all <code>section</code> elements within a <code>chapter</code> or <code>appendix</code> of the
selected <code>book</code> element.</p>
   </page>

   <page xml:id="arithmetic">
      <title>Arithmetic expressions</title>
      <subpageindex/>

      <subpage xml:id="unary">
         <title>Unary plus and minus</title>

         <p>The unary minus operator changes the sign of a number. For example <code>-1</code> is minus one, and
<code>-0e0</code> is the double value negative zero.</p>

         <p>Unary plus has very little effect: the value of <code>+1</code> is the same as the value of <code>1</code>.
It does, however, provide a quick way of forcing untyped values to be numeric, for example you can write
<code>&lt;xsl:sort select="+@price"/&gt;</code> to force a numeric sort, if you find 
<code>&lt;xsl:sort select="number(@price)"/&gt;</code> too verbose for your tastes.</p>
      </subpage>

      <subpage xml:id="multiplication">
         <title>Multiplication and division</title>

         <p>The operator <code>*</code> multiplies two numbers. If the operands are of different types, one
of them is promoted to the type of the other (for example, an integer is promoted to a decimal, a
decimal to a double). The result is the same type as the operands after promotion.</p>

         <p>The operator <code>div</code> divides two numbers. Dividing two integers produces a double; in other
cases the result is the same type as the operands, after promotion. In the case of decimal division,
the precision is the sum of the precisions of the two operands, plus six.</p>

         <p>The operator <code>idiv</code> performs integer division. For example, the result of
<code>10 idiv 3</code> is <code>3</code>.</p>

         <p>The <code>mod</code> operator returns the modulus (or remainder) after division. See the XPath 2.0
specification for details of the way that negative numbers are handled.</p>

         <p>The operators <code>*</code> and <code>div</code> may also be used to multiply or divide
a duration by a number. For example, <code>fn:dayTimeDuration('PT12H') * 4</code> returns the duration
two days.</p>
      </subpage>

      <subpage xml:id="addition">
         <title>Addition and subtraction</title>

         <p>The operators <code>+</code> and <code>-</code> perform addition and subtraction of numbers,
in the usual way. If the operands are of different types, one of them is promoted, and the result
is the same type as the operands after promotion. For example, adding two integers produces
an integer; adding an integer to a double produces a double.</p>

         <p>Note that the <code>-</code> operator may need to be preceded by a space to prevent it being
parsed as part of the preceding name.</p>

         <p>XPath 2.0 also allows these operators to be used for adding durations to durations or to 
dates and times.</p>
      </subpage>
   </page>

   <page xml:id="range">
      <title>Range expressions</title>

      <p>The expression <code>E1 to E2</code> returns a sequence of integers. For example, <code>1 to 5</code>
returns the sequence <code>1, 2, 3, 4, 5</code>. This is useful in <code>for</code> expressions, for example
the first five nodes of a node sequence can be processed by writing <code>for $i in 1 to 5 return (//x)[$i]</code>.</p>

      <p>If you prefer, you can write this as <code>(//x)[position() = 1 to 5]</code>. This works because
comparison of a single integer (<code>position()</code>) to a sequence of integers (<code>1 to 5</code>)
is true if the integer on the left is equal to any integer in the sequence.</p>
   </page>

   <page xml:id="comparisons">
      <title>Comparisons</title>

      <p>The simplest comparison operators are <code>eq</code>, <code>ne</code>, <code>lt</code>
<code>le</code>, <code>gt</code>, <code>ge</code>. These compare two atomic values of the same type,
for example two integers, two dates, or two strings. In the case of strings, the default collation
is used (see 
<xref section="extensions" page="instructions" subpage="collation">saxon:collation</xref>). 
If the operands are not atomic values, an error is raised.</p>

      <p>The operators <code>=</code>, <code>!=</code>, <code>&lt;</code>, <code>&lt;=</code>,
<code>&gt;</code>, and <code>&gt;=</code> can compare arbitrary sequences. The result is true
if any pair of items from the two sequences has the specified relationship, for example
<code>$A = $B</code> is true if there is an item in <code>$A</code> that is equal to
some item in <code>$B</code>. If an argument is a node, Saxon currently uses its string
value in the comparison, not its typed value as required by the XPath 2.0 specification.</p>

      <p>The operator <code>is</code> tests whether the operands represent the same
(identical) node. For example, <code>title[1] is *[@note][1]</code> is true if the first <code>title</code>
child is the first child element that has a <code>@note</code> attribute. If either operand is an
empty sequence the result is an empty sequence (which will usually be treated as false).</p>

      <p>The operators <code>&lt;&lt;</code> and <code>&gt;&gt;</code> test whether one node precedes
or follows another in document order.</p>
   </page>

   <page xml:id="instanceof">
      <title>Instance of and Castable as</title>

      <p>The expression <code>E instance of T</code> tests whether the value of expression <code>E</code>
is an instance of type T, or of a subtype of T. For example, <code>$p instance of attribute+</code> is
true if the value of <code>$p</code> is a sequence of one or more attribute nodes. It returns false if the
sequence is empty or if it contains an item that is not an attribute node. The detailed rules for
defining types, and for matching values against a type, are given in the XPath 2.0 specification.</p>

      <p>Saxon also allows testing of the type annotation of an element or attribute node using tests of the
form <code>element(*, T)</code>, <code>attribute(*, T)</code>. This is primarily useful with a schema-aware query or stylesheet,
since the only way a node can acquire a type annotation (other than the special values <code>xs:untyped</code>
and <code>xs:untypedAtomic</code>) is by validating a document against a schema.</p>

      <p>The expression <code>E castable as T</code> tests whether the expression <code>E cast as T</code>
would succeed. It is useful, for example, for testing whether a string contains a valid date before attempting
to cast it to a date. This is because XPath and XSLT currently provide no way of trapping the error if
the cast is attempted and fails.</p>
   </page>

   <page xml:id="conditionals">
      <title>Conditional Expressions</title>

      <p>XPath 2.0 allows a conditional expression of the form <code>if ( E1 ) then E2 else E3</code>.
For example, <code>if (@discount) then @discount else 0</code> returns the value of the <code>discount</code>
attribute if it is present, or zero otherwise.</p>
   </page>

   <page xml:id="quantified">
      <title>Quantified Expressions</title>

      <p>The expression <code>some $x in E1 satisfies E2</code> returns true if there is an item in the
sequence <code>E1</code> for which the <i>effective boolean value</i> of <code>E2</code> is true. 
Note that <code>E2</code> must use the range variable <code>$x</code> to refer to the item being
tested; it does not become the context item. For example, <code>some $x in @* satisfies $x eq ""</code>
is true if the context item is an element that has at least one zero-length attribute value.</p>

      <p>Similarly, the expression <code>every $x in E1 satisfies E2</code> returns true if every item in the
sequence given by <code>E1</code> satisfies the condition.</p>
   </page>

   <page xml:id="for">
      <title>For Expressions</title>

      <p>The expression <code>for $x in E1 return E2</code> returns the sequence that results from evaluating
<code>E2</code> once for every item in the sequence <code>E1</code>. Note that <code>E2</code> must
use the range variable <code>$x</code> to refer to the item being
tested; it does not become the context item. For example, <code>sum(for $v in order-item return
$v/price * $v/quantity)</code> returns the total value of (price times quantity) for all the
selected <code>order-item</code> elements.</p>
   </page>

   <page xml:id="boolean">
      <title>Boolean expressions: AND and OR</title>

      <p>The expression <code>E1 and E2</code> returns true if the <i>effective boolean values</i> of
<code>E1</code> and <code>E2</code> are both true.</p>

      <p>The expression <code>E1 or E2</code> returns true if the <i>effective boolean values</i> of
either or both of <code>E1</code> and <code>E2</code> are true.</p>
   </page>

   <page xml:id="sequence">
      <title>Sequence expressions</title>

      <p>The expression <code>E1 , E2</code> returns the sequence obtained by concatenating the sequences
<code>E1</code> and <code>E2</code>.</p>

      <p>For example, <code>$x = ("London", "Paris", "Tokyo")</code> returns true if the value of <code>$x</code>
is one of the strings listed.</p>
   </page>
   
   <page xml:id="xpath30new">
      <title>New features in XPath 3.0</title>
      
      <box>These features are available in Saxon only if explicitly enabled, either directly, or by requesting
      support for XSLT 3.0 or XQuery 3.0. In both cases, this requires Saxon-PE or above.</box>
      
      <p>Some of the new features in XPath 3.0 are as follows. For full details, see the W3C specifications.</p>
      
      <ol>
         <li><p>Local variables can be declared in a <code>let</code> expression, for example
         <code>let $x := /*/@version return //e[@version = $x]</code></p></li>
         
         <li><p>Inline function items can be declared, and used as arguments to higher-order
         functions. For example <code>map(//employee, function($e){$e/salary + $e/bonus})</code>.
         A <i>function item</i> is a third kind of item, alongside nodes and atomic values.
         The function represented by a function item <code>$f</code> can be invoked using a dynamic
         function call <code>$f(args)</code>.</p></li>
            
         <li><p>Expanded QNames can be written in the notation <code>"uri":local</code>, allowing
         XPath expressions to be written that do not depend on an externally-supplied namespace context.</p></li>   
      </ol>
      
      <p>A number of new functions are available, including <code>head</code>, <code>tail</code>, <code>map</code>, 
         <code>filter</code>, <code>map-pairs</code>, <code>pi</code>, <code>sin</code>, <code>cos</code>, <code>tan</code>,
      <code>asin</code>, <code>acos</code>, <code>atan</code>, <code>sqrt</code>, <code>format-integer</code>, and others.
         For details see <xref section="functions"/>.</p>
      
   </page>
</section>