<?xml version="1.0" encoding="UTF-8"?>
<section xml:id="schema-processing">
   <title>XML Schema Processing</title>

   <page xml:id="intro">
      <title>Introduction</title>

      <p><b>Schema processing is available only with the Enterprise Edition of the product,
Saxon-EE, available from <a href="http://www.saxonica.com/">http://www.saxonica.com/</a>.</b></p>

      <p>Saxon can be used as a free-standing schema processor in its own right, either from
the command line or from a Java application. In addition, Saxon can be used as a
schema-aware XSLT processor or as a schema-aware XQuery processor.</p>

      <p>Saxon-EE supports the schema validation APIs in JAXP 1.3, as well as its own native APIs.</p>
   </page>

   <page xml:id="commandline">
      <title>Running Validation from the Command Line</title>

      <p>The Java class <code>com.saxonica.Validate</code> allows you to validate
a source XML document against a given schema, or simply to check a schema for
internal correctness.</p>

      <p>To validate one or more source documents, using the Java platform, write:</p>
      <command>java  com.saxonica.Validate 
  [options]  source.xml...  </command>

      <p>The equivalent on the .NET platform is:</p>
      <command>Validate [options]  source.xml...  </command>

      <p>It is possible to use glob syntax to process multiple files, for example <code>Validate *.xml</code>.</p>

      <p>In the above form, the command relies on the use of <code>xsi:schemaLocation</code> attributes within the instance
document to identify the schema to be loaded. As an alternative, the schema can be specified on the command line:</p>
      <command>[java com.saxonica.validate | Validate] -xsd:schema.xsd -s:instance.xml</command>

      <p>In this form of the command, it is possible to specify multiple schema documents and/or multiple instance documents,
    in both cases as a semicolon-separated list. Glob syntax (such as <code>*.xml</code>) is available only if the "-s:" prefix is omitted, because the
    shell has to recognize the argument as a filename.</p>

      <p>Thus, source files to be validated can be listed either using
the <code>-s</code> option, or in any argument that is not prefixed with "-". This allows the standard wildcard expansion
facilities of the shell interpreter to be used, for example <code>*.xml</code> validates all files in the
current directory with extension "xml".</p>

      <p>If no instance documents are supplied, the effect of the command is simply to check a schema for internal correctness.
    So a schema can be verified using the command:</p>
      <command>[java com.saxonica.validate | Validate] -xsd:schema.xsd</command>

      <p>More generally the syntax of the command is:</p>
      <command>[java com.saxonica.validate | Validate] [options] [params] [filenames] </command>

      <p>where options generally take the form <code>-code:value</code> and params take the form <code>keyword=value</code>.</p>

      <p>The options are as follows (in any order): </p>
      <table>
         <tr>
            <td content="para">-config:filename</td>
            <td content="para">Loads options from a <xref section="configuration" page="configuration-file">configuration file</xref>. 
      This must describe a schema-aware configuration.
    </td>
         </tr>
         <tr>
            <td content="para">-init:initializer</td>
            <td content="para">The value is the name of a user-supplied class
that implements the interface <code java="net.sf.saxon.lib.Initializer">net.sf.saxon.lib.Initializer</code>; this initializer will be called during the initialization process,
and may be used to set any options required on the Configuration programmatically. </td>
         </tr>
         <tr>
            <td content="para">-limits:min,max</td>
            <td content="para">Sets upper limits on the values of minOccurs and maxOccurs allowed in a schema content model, 
in cases where Saxon is not able to implement the rules using a finite state machine with counters. For further
details see <xref page="min-and-maxoccurs">Handling minOccurs and maxOccurs</xref>
            </td>
         </tr>
         <tr>
            <td content="para">-r:classname</td>
            <td content="para">Use the specified URIResolver to process the URIs of all schema documents and source documents. The URIResolver is a user-defined class,
that implements the URIResolver interface defined in JAXP, whose function is to take a URI supplied as
a string, and return a SAX InputSource. It is invoked to process URIs found in <code>xs:include</code> and
<code>xs:import</code> 
               <code>schemaLocation</code> attributes of schema documents, the URIs found in <code>xsi:schemaLocation</code>
and <code>xsi:noNamespaceSchemaLocation</code> attributes in the source document,
 and (if -u is also specified) to process the URI
of the source file provided on the command line.Specifying <code>-r:org.apache.xml.resolver.tools.CatalogResolver</code> selects the Apache XML resolver 
(part of the Apache Commons project, which must be on the classpath) and enables URIs to be resolved via a catalog, allowing
references to external web sites to be redirected to local copies.</td>
         </tr>
         <tr>
            <td content="para">-s:file;file...</td>
            <td content="para">Supplies a list of source documents to be validated. Each document is validated using
the same options. The value is a list of filenames separated by semicolons. It is also possible to
specify the names of source documents as arguments without any preceding option flag; in this case
shell wildcards can be used. A filename can be
specified as "-" to read the source document from standard input.</td>
         </tr>
         <tr>
            <td content="para">-scmin:filename</td>
            <td content="para">Loads a precompiled schema component model from the given file. The file should be generated in a previous
run using the -scmout option. When this option is used, the -xsd option should not be present. Schemas loaded from
an SCM file are assumed to be valid, without checking.</td>
         </tr>
         <tr>
            <td content="para">-scmout:filename</td>
            <td content="para">Makes a copy of the compiled schema (providing it is valid) as a schema component model to the specified
XML file. This file will contain schema components corresponding to all the loaded schema documents. This option may
be combined with other options: the SCM file is written after all document instance validation has been carried out.</td>
         </tr>
         <tr>
            <td content="para">-stats:filename</td>
            <td content="para">Requests creation of an XML document containing statistics showing which schema
               components were used during the validation episode, and how often. This data can be used as input
            to further processes to produce user-readable reports; for example the data could be combined with the
            output of <code>-scmout</code> to show which components were not used at all during the validation.</td>
         </tr>
         <tr>
            <td content="para">-t</td>
            <td content="para">Requests display of version and timing information to the standard error output.
This also shows all the schema documents that have been loaded.</td>
         </tr>
         <tr>
            <td content="para">-top:element-name</td>
            <td content="para">Requires that the outermost element of the instance being validated has the required
name. This is written in Clark notation format "{uri}local".</td>
         </tr>
         <tr>
            <td content="para">-u</td>
            <td content="para">Indicates that the name of the source document and schema document are supplied as URIs;
otherwise they are taken as filenames, unless they start with "http:" or "file:", in which
case they they are taken as URLs.</td>
         </tr>
         <tr>
            <td content="para">-val:strict|lax</td>
            <td content="para">Invokes strict or lax validation (default is strict). Lax
validation validates elements only if there is an element declaration to validate them against,
or if they have an <code>xsi:type</code> attribute.</td>
         </tr>
         <tr>
            <td content="para">-x:classname</td>
            <td content="para">Requests use of the specified SAX parser for parsing the source file.
 The classname must be the fully-qualified  name
of a Java class that implements the <code>org.xml.sax.XMLReader</code> interface. In the absence
of this argument, the standard JAXP facilities are used to locate an XML parser. Note that the XML parser
performs the raw XML parsing only; Saxon always does the schema validation itself.Selecting <code>-x:org.apache.xml.resolver.tools.ResolvingXMLReader</code> selects a parser
configured to use the Apache entity resolver, so that DTD and other external references
in source documents are resolved via a catalog. The  parser (part of the Apache Commons project)
must be on the classpath.</td>
         </tr>
         <tr>
            <td content="para">-xi:on|off</td>
            <td content="para">Apply XInclude processing to all input XML documents (both schema documents and
instance documents). This currently only works when documents are parsed using the Xerces
parser, which is the default in JDK 1.5 and later.</td>
         </tr>
         <tr>
            <td content="para">-xmlversion:1.0|1.1</td>
            <td content="para">If set to 1.1, allows XML 1.1 and XML Namespaces 1.1 constructs. This option must be set if source documents 
using XML 1.1 are to be validated, or if the schema itself is an XML 1.1 document. This option
causes types such as xs:Name, xs:QName, and xs:ID to use the XML 1.1 definitions of these constructs.</td>
         </tr>
         <tr>
            <td content="para">-xsd:file;file...</td>
            <td content="para">Supplies a list of schema documents to be used for validation. 
 The value is a list of filenames separated by semicolons. If no source documents are
 supplied, the schema documents will be processed and any errors in the schema will be notified.
This option must not be used when <code>-scmin</code> is specified. The option may be omitted, in which case the schema to be 
used for validation will be located using the <code>xsi:schemaLocation</code> and
<code>xsi:noNamespaceSchemaLocation</code> attributes in the source document. A filename can be
specified as "-" to read the schema from standard input.</td>
         </tr>
         <tr>
            <td content="para">-xsiloc:on|off</td>
            <td content="para">If set to "on" (the default) the schema processor attempts to load any schema documents referenced
in <code>xsi:schemaLocation</code> and <code>xsi:noNamespaceSchemaLocation</code> attributes in the instance
document, unless a schema for the specified namespace (or non-namespace) is already available. If set to
"off", these attributes are ignored.</td>
         </tr>
         <tr>
            <td content="para">--<i>feature</i>:value</td>
            <td content="para">Set a feature defined in the <code>Configuration</code> interface. The names of features
are defined in the Javadoc for class <code>net.sf.saxon.FeatureKeys</code>: the value used here
is the part of the name after the last "/", for example <code>--allow-external-functions:off</code>.
Only features accepting a string or boolean may be set; for booleans the values true/false or on/off
are recognized.</td>
         </tr>
         <tr>
            <td content="para">-?</td>
            <td content="para">Display command syntax</td>
         </tr>
      </table>

     <!-- <p>Parameters on the command line can be used to supply values for any <code>saxon:param</code> declarations
in the stylesheet. See <xref page="parameterizing-schemas">parameterizing schemas</xref> for details. The format
of parameters is the same as for the XSLT and XQuery command lines: <code>name=value</code> to supply a simple value;
<code>+name=filename</code> to supply the contents of an XML document as the parameter value, or <code>?name=expression</code>
to supply the result of evaluating an XPath expression (for example, <code>?date=current-date()</code>).</p>-->

      <p>The results of processing the schema, and of validating the source document against the
schema, are written to the standard error output. Unless the <code>-t</code> option is
used, successful processing of the source document and schema results in no output.</p>
   </page>

   <page xml:id="validation-api" size="1.3">
      <title>Controlling Validation from Java</title>

      <p>Schema validation can be controlled either using the standard JAXP Java interface, or using
Saxon's own <b>s9api</b> interface. The two approaches are described in the following sections.
The main advantage of using JAXP is that it is portable; the main advantage of s9api is that it
is better integrated across the range of Saxon XML processing interfaces.</p>
      <subpageindex/>

      <subpage xml:id="schema-s9api">
         <title>Schema Processing using s9api</title>

         <p>The s9api interface allows schemas to be loaded into a <code java="net.sf.saxon.s9api.Processor">Processor</code>, and then
to be used for validating instances, or for schema-aware XSLT and XQuery processing.</p>

         <p>The main steps are:</p>
         <ol>
            <li content="para">Create a Processor (<code java="net.sf.saxon.s9api.Processor">net.sf.saxon.s9api.Processor</code>) and call its
<code>getSchemaManager()</code> method to get a <code java="net.sf.saxon.s9api.SchemaManager">SchemaManager</code>.</li>
            <li content="para">If required, set options on the <code>SchemaManager</code> to control the way in which schema documents
will be loaded.</li>
            <li content="para">Load a schema document by calling the <code>load()</code> method, which takes a JAXP
Source object as its argument. The resulting schema document is available to all applications run within
the containing <code>Processor</code>.</li>
            <li content="para">To validate an instance document, call the <code>newSchemaValidator</code> method on the
<code>SchemaManager</code> object. </li>
            <li content="para">Set options on the <code java="net.sf.saxon.s9api.SchemaValidator">SchemaValidator</code> to control the way in which a particular validation
episode is performed, and then invoke its <code>validate()</code> method to validate an instance document.</li>
         </ol>

         <p>Note that additional schemas referenced from the <code>xsi:schemaLocation</code> attributes
within the source documents will be loaded as necessary. A target namespace is ignored if there is already
a loaded schema for that namespace; Saxon makes no attempt to load multiple schemas for the same
namespace and check them for consistency.</p>

         <p>Although the API is defined in such a way that a <code java="net.sf.saxon.s9api.SchemaValidator">SchemaValidator</code>
            is created for a particular <code java="net.sf.saxon.s9api.SchemaManager">SchemaManager</code>, in the Saxon implementation the schema components that
are available to the validator are not only the components within that schema, but all the components that form part
of any schema registered with the <code>Processor</code> (or indeed, with the underlying <code>Configuration</code>)</p>

         <p>The <code>SchemaValidator</code> implements the <code java="net.sf.saxon.s9api.Destination">Destination</code> interface, which means it can be used to receive
input from any process that writes to a <code>Destination</code>, for example an XSLT transformation or an XQuery query.
The result of validation can also be sent to any <code>Destination</code>, for example an XSLT transformer.</p>
      </subpage>

      <subpage xml:id="schema-jaxp" size="1.3">
         <title>Schema Processing using JAXP</title>

         <p>Applications can invoke schema processing using the APIs provided in JAXP 1.3. This makes Saxon
interchangeable with other schema processors implementing this interface. There is full information on
these APIs in the Java documentation. The two main mechanisms are the <code>Validator</code>
class, and the <code>ValidatorHandler</code> class. Sample applications using these interfaces are
provided in the <code>samples/java</code> directory. Saxon also supplies the class 
<code>com.saxonica.jaxp.ValidatingReader</code>, which implements the SAX2 <code>XMLReader</code>
interface, allowing it to be used as a schema-validating XML parser.</p>

         <p>The main steps are:</p>
         <ol>
            <li content="para">Create a <code>SchemaFactory</code>, by calling <code>SchemaFactory.getInstance()</code>
with the argument <code>"http://www.w3.org/2001/XMLSchema"</code>, and with the
Java system properties set up to ensure that Saxon is loaded as the chosen schema processor.
Saxon will normally be loaded as the default schema processor if Saxon-EE is present on the
classpath, but to make absolutely sure, set the system property 
<code>javax.xml.validation.SchemaFactory:http://www.w3.org/2001/XMLSchema</code>
to the value <code java="com.saxonica.jaxp.SchemaFactoryImpl">com.saxonica.jaxp.SchemaFactoryImpl</code>. Note that if
you set this property using a property file, colons in the property name must be escaped
as "\:".</li>
            <li content="para">Process a schema document by calling one of the several <code>newSchema</code> methods
on the returned <code>SchemaFactory</code>.</li>
            <li content="para">Create either a <code>Validator</code> or a <code>ValidatorHandler</code> from this returned
<code>Schema</code>.</li>
            <li content="para">Use the <code>Validator</code> or <code>ValidatorHandler</code> to process one or more 
source documents.</li>
         </ol>

         <p>Note that additional schemas referenced from the <code>xsi:schemaLocation</code> attributes
within the source documents will be loaded as necessary. A target namespace is ignored if there is already
a loaded schema for that namespace; Saxon makes no attempt to load multiple schemas for the same
namespace and check them for consistency.</p>

         <p>Although the API is defined in such a way that a <code>Validator</code> or <code>ValidatorHandler</code>
is created for a particular <code>Schema</code>, in the Saxon implementation the schema components that
are available to the validator are not only the components within that schema, but all the components that form part
of any schema registered with the <code java="net.sf.saxon.Configuration">Configuration</code>.</p>

         <p>Another way to control validation from a Java application is to run a JAXP
identity transformation, having first set the option to perform schema validation.
The following code (from the sample application <code>QuickValidator.java</code>) illustrates this:</p>
         <example><![CDATA[
try {
    System.setProperty(
            "javax.xml.transform.TransformerFactory",
            "com.saxonica.SchemaAwareTransformerFactory");
    TransformerFactory factory = 
            TransformerFactory.newInstance();
    factory.setAttribute(FeatureKeys.SCHEMA_VALIDATION, 
            new Integer(Validation.STRICT));
    Transformer trans = factory.newTransformer();
    StreamSource source = 
            new StreamSource(new File(args[0]).toURI().toString());
    SAXResult sink = 
            new SAXResult(new DefaultHandler());
    trans.transform(source, sink);
} catch (TransformerException err) {
    System.err.println("Validation failed");
}
]]></example>

         <p>If you set an <code>ErrorListener</code> on the <code>TransformerFactory</code>, then you can control
the way that error messages are output.</p>

         <p>If you want to validate against a schema without hard-coding the URI of the schema into the source
document, you can do this by pre-loading the schema into the <code>TransformerFactory</code>. This extended
example (again from the sample application <code>QuickValidator.java</code>) illustrates this:</p>
         <example><![CDATA[
try {
    System.setProperty(
            "javax.xml.transform.TransformerFactory",
            "com.saxonica.SchemaAwareTransformerFactory");
    TransformerFactory factory = 
            TransformerFactory.newInstance();
    factory.setAttribute(FeatureKeys.SCHEMA_VALIDATION, 
            new Integer(Validation.STRICT));
    if (args.length > 1) {
        StreamSource schema = 
                new StreamSource(new File(args[1]).toURI().toString());
        ((SchemaAwareTransformerFactory)factory).addSchema(schema);
    }
    Transformer trans = factory.newTransformer();
    StreamSource source = 
            new StreamSource(new File(args[0]).toURI().toString());
    SAXResult sink = 
            new SAXResult(new DefaultHandler());
    trans.transform(source, sink);
} catch (TransformerException err) {
    System.err.println("Validation failed");
}
]]></example>

         <p>You can preload as many schemas as you like using the <code>addSchema</code> method. Such schemas are parsed,
validated, and compiled once, and can be used as often as you like for validating multiple source documents. You
cannot unload a schema once it has been loaded. If you want to remove or replace a schema, start afresh with a
new <code>TransformerFactory</code>.</p>

         <p>Behind the scenes, the <code>TransformerFactory</code> uses a <code>Configuration</code> object to hold all
the configuration information. The basic Saxon product uses the class <code>net.sf.saxon.TransformerFactoryImpl</code>
for the <code>TransformerFactory</code>, and <code>net.sf.saxon.Configuration</code> for the underlying
            configuration information. The schema-aware product subclasses these with
            <code java="com.saxonica.config.SchemaAwareTransformerFactory">com.saxonica.config.SchemaAwareTransformerFactory</code>
and <code java="com.saxonica.config.EnterpriseConfiguration">com.saxonica.config.EnterpriseConfiguration</code> respectively. 
You can get hold of the <code>Configuration</code> object by casting the <code>TransformerFactory</code>
to a Saxon <code>TransformerFactorImpl</code> and calling the <code>getConfiguration()</code> method. This
gives you more precise control, for example it allows you to retrieve the <code>Schema</code> object containing
the schema components for a given target namespace, and to inspect the compiled schema to establish its properties.
See the JavaDoc documentation for further details.</p>

         <p><i>Saxon currently implements its own API for access to the schema components. This API should be regarded as
temporary. In the longer term, it is possible that Saxon will offer an API for schema access that has been proposed
in a member submission to W3C.</i></p>

         <p>The programming approach outlined above, of using an identity transformer, 
is suitable for a wide class of applications. For example,
it enables you to insert a validation step into a SAX-based pipeline. However, for finer control, there are
lower-level interfaces available in Saxon that you can also use. See for example the JavaDoc for the
<code java="com.saxonica.config.EnterpriseConfiguration">EnterpriseConfiguration</code> class, which includes methods such as <code>getElementValidator</code>. This
constructs a <code java="net.sf.saxon.event.Receiver">Receiver</code> which acts as a validating XML event filter. This can be inserted into a pipeline
of <code>Receiver</code>s. Saxon also provides classes to bridge between SAX events and <code>Receiver</code>
events: <code java="net.sf.saxon.event.ReceivingContentHandler">ReceivingContentHandler</code> and <code java="net.sf.saxon.event.ContentHandlerProxy">ContentHandlerProxy</code> respectively.</p>
      </subpage>
   </page>

   <!--<page xml:id="parameterizing-schemas">
      <title>Parameterizing Schemas</title>

      <p>Saxon provides an extension to the standard XSD syntax that allows a schema to be parameterized. This is
        only useful if XSD 1.1 is enabled. The facility allows a parameter to be declared in a top-level annotation
        in the schema document, for example:</p>
      <example><![CDATA[
<xs:annotation>
  <xs:appinfo>
    <saxon:param name="accepted-currencies" 
                 as="xs:string" 
                 select="'USD', 'GBP, 'EUR'"
                 xmlns:saxon="http://saxon.sf.net/"/>
  </xs:appInfo>
</xs:annotation>]]></example>

      <p>This declaration allows the variable <code>$currency</code> to appear in any XPath expression appearing in the remainder of the same
schema document. Typically it will be used in an assertion or in an expression controlling conditional type assignment, for example:</p>
      <example><![CDATA[<xs:assert test="@currency = $accepted-currencies"/>]]></example>

      <p>As with stylesheet parameters in XSLT, the <code>as</code> attribute defines the required type of the value (defaulting to <code>item()*</code>),
and the <code>select</code> attribute supplies a default value. The expression determining the default value is evaluated during schema processing
(that is, "compile time"). The name of the parameter is a QName following the XSLT convention that no prefix means no namespace.
The supplied value is converted to the required type using the function conversion rules, and validation fails if this is not possible.</p>

      <p>On the command line the parameters can be supplied in the form <code>keyword=value</code>, for example <code>currency=EUR</code>; more
complex values can be supplied as XPath expressions, for example <code>?accepted-currencies=('USD','GBP','EUR')</code> or 
<code>+lookup-table=lookup-doc.xml</code>.</p>

      <p>Using the s9api interface from Java, parameter values can be supplied using the <code>setParameter()</code> method on the
<code>SchemaValidator</code> object.</p>

      <p>Using the Saxon-Api interface on .NET, parameter values can be supplied using the <code>SetParameter()</code> method on the
<code>SchemaValidator</code> object.</p>

      <p>It is not currently possible to supply parameter values when using the JAXP interfaces to run a validation episode, or when invoking
    validation from XSLT or XQuery. In this situation the default value will always be used. In the absence of the <code>select</code>
    attribute the default value is an empty sequence (whether or not this is a legal value according to the required type).</p>
   </page>-->

   <page xml:id="validation-from-ant">
      <title>Running validation from Ant</title>

      <p>It is possible to use the Saxon schema validator using the standard Ant tasks <code>xmlvalidate</code>
    and <code>schemavalidate</code>. To use Saxon rather than Xerces as the validation engine, specify the attribute
    <code>classname="com.saxonica.jaxp.ValidatingReader"</code>, and make sure Saxon-EE is on the classpath.</p>

      <p>The schema to be used for validation can be specified using the <code>xsi:schemaLocation</code> and
        <code>xsi:noNamespaceSchemaLocation</code> attributes in the instance document, or (in the case of the
        <code>schemavalidate</code> task) using the <code>schemavalidate/schema</code> child element or the
        <code>schemavalidate/@noNamespaceFile</code> or  <code>schemavalidate/@noNamespaceURL</code> attributes.</p>

      <p>The attributes <code>lenient</code> and <code>fullchecking</code> have no effect.</p>

      <p>The child element <code>schemavalidate/attribute</code> can be used to set options. Any option defined by
    the constants in class <code>net.sf.saxon.FeatureKeys</code> can be specified, provided the required value
    is expressible as a string (for boolean values, use "true" and "false"). Saxon also recognizes some property
    names defined by the Apache Xerces product, for compatibility.</p>

      <p>Properties of particular interest include the following:</p>
      <table>
         <tr>
            <td content="para">Name</td>
            <td content="para">Value</td>
         </tr>
         <tr>
            <td content="para">http://saxon.sf.net/feature/licenseFileLocation</td>
            <td content="para">The filename where the Saxon-EE license file is found</td>
         </tr>
         <tr>
            <td content="para">http://saxon.sf.net/feature/schemaURIResolverClass</td>
            <td content="para">Class used to resolve URIs of schema documents</td>
         </tr>
         <tr>
            <td content="para">http://saxon.sf.net/feature/schema-validation-mode</td>
            <td content="para">
               <code>strict</code> or <code>lax</code>: determines
        whether validation fails if no element declaration can be found for the top-level element.</td>
         </tr>
         <tr>
            <td content="para">http://saxon.sf.net/feature/standardErrorOutputFile</td>
            <td content="para">Log file to capture validation errors</td>
         </tr>
         <tr>
            <td content="para">http://saxon.sf.net/feature/xsd-version</td>
            <td content="para">
               <code>1.0</code> or <code>1.1</code> depending on the version
        of the XML Schema (XSD) Recommendation to be supported. Default is <code>1.0</code>
            </td>
         </tr>
      </table>
   </page>

   <page xml:id="satransformcmd">
      <title>Schema-Aware XSLT from the Command Line</title>

      <p>To run a schema-aware transformation from the command line, use the <code java="com.saxonica.Transform">com.saxonica.Transform</code> command
instead of the usual <code>net.sf.saxon.Transform</code>. This has an additional option <code>-val:strict</code> to
request strict validation of the source document, or <code>-val:lax</code> for lax validation. This applies not 
  only to the principal source document loaded from the
command line, but to all documents loaded via the <code>doc()</code> and <code>document()</code> functions.</p>

      <p>The schemas to be used to validate these source documents can be specified either by using the
<code>xsl:import-schema</code> declaration in the stylesheet, or using <code>xsi:schemaLocation</code>
(or <code>xsi:noNamespaceSchemaLocation</code>) attributes within the source documents themselves,
or by using the <code>-xsd</code> option on the command line.</p>

      <p>Validating the source document has several effects. Most obviously, it will cause the transformation to fail
if the document is invalid. It will also cause default values for attributes and elements to be expanded, so they
will appear to the stylesheet as if they were present on the source document. In addition, element and attribute nodes
that have been validated will be annotated with a type. This enables operations to be performed in a type-safe way.
This may cause error messages, for example if you try to use an <code>xs:decimal</code> value as an argument to a function that
expects a string. It may also cause some operations to produce different results: for example when using
elements or attribute that have been given a list type in the schema, the typed value of the node will appear
in the stylesheet as a sequence rather than as a single string value.</p>

      <p>Saxon-EE also allows you to validate result documents (both final result documents
and temporary trees), using the <code>validation</code> and <code>type</code> attributes. For details of these,
refer to the XSLT 2.0 specification. Validation of result documents is done on-the-fly, so if the stylesheet
attempts to produce invalid output, you will usually get an error message that identifies the offending instruction
in the stylesheet. Type annotations on final result documents are lost if you send the output to a standard JAXP
<code>Result</code> object (whether it's a <code>StreamResult</code>, <code>SAXResult</code>, or <code>DOMResult</code>,
but they remain available if you capture the output in a Saxon <code>Receiver</code> or in a <code>DOMResult</code>
that encapsulates a Saxon <code java="net.sf.saxon.om.NodeInfo">NodeInfo</code>. For details of the way in which type annotations are represented
in the Saxon implementation of the data model, see the JavaDoc documentation. The <code>getTypeAnnotation()</code>
method on a <code>NodeInfo</code> object returns an integer fingerprint, which can be used to locate the name of the
relevant type in the <code java="net.sf.saxon.om.NamePool">NamePool</code>. The <code>NamePool</code> also provides the ability to locate the actual
type definitions in the schema model, starting from these integer fingerprints.</p>

      <p>The <code>-vw</code> option on the command line 
causes validation errors encountered in processing a final result
tree to be treated as warnings, allowing processing to continue. This allows more than one error
to be reported in a single run. The result document is serialized as if validation were successful,
but with XML comments inserted to show where the validation errors were found. This option does
not necessarily recover from all validation errors, for example at present it does not recover from
errors in uniqueness or referential constraints. It applies only to result trees
validated using the <code>validation</code> attribute of <code>xsl:result-document</code>.</p>

      <p>With the schema-aware version of Saxon, type declarations (the <code>as</code> attribute on elements such as
<code>xsl:function</code>, <code>xsl:variable</code>, and <code>xsl:param</code>) can refer to schema-defined types,
for example you can write <code>&lt;xsl:variable name="a" as="schema-element(ipo:invoice)"/&gt;</code>. You can also use
the <code>element()</code> and <code>attribute()</code> tests to select nodes by their schema type in path expressions
and match patterns.</p>

      <p>Saxon does a certain amount of static analysis of the XSLT and XPath code based on schema information.
For example, if a template rule is defined with a match pattern such as <code>match="schema-element(invoice)"</code>,
then it will check any path expressions used in the template rule to ensure that they are valid against the schema
when starting from <code>invoice</code> as the context node. Similarly, if the result type of a template rule
or function is declared using an <code>as</code> attribute, then Saxon will check any literal result elements
in the body of the template or function to ensure that they are consistent with this declared type. This
analysis can reveal many simple user errors at compile time that would otherwise result in run-time errors or
simply in incorrect output. But this is only possible if the source code explicitly declares the types of parameters,
template and function results, and match patterns.</p>
   </page>

   <page xml:id="satransformapi">
      <title>Schema-Aware XSLT from Java</title>

      <p>When transformations are controlled using the Java JAXP interfaces, the equivalent to the <code>-val</code>
option is to set the attribute "http://saxon.sf.net/feature/schema-validation" on the TransformerFactory to the
value <code java="net.sf.saxon.lib.Validation#STRICT">net.sf.saxon.lib.Validation.STRICT</code>. Alternatively, you can set the value to
         <code java="net.sf.saxon.lib.Validation#STRICT">Validation.LAX</code>.
         This attribute name is available as the constant <code java="net.sf.saxon.lib.FeatureKeys#SCHEMA_VALIDATION">FeatureKeys.SCHEMA_VALIDATION</code>.</p>

      <p>This option switches validation on for all source documents used by any transformation under the control of this
<code>TransformerFactory</code>. If you want finer control, so that some documents are validated and others are not, you can
achieve this by using the <code java="net.sf.saxon.lib.AugmentedSource">AugmentedSource</code> object. An <code>AugmentedSource</code> is a wrapper around
a normal JAXP <code>Source</code> object, in which additional properties can be set: for example, a property to
request validation of the document. The <code>AugmentedSource</code> itself implements the JAXP <code>Source</code>
interface, so it can be used anywhere that an ordinary <code>Source</code> object can be used, notably as the
first argument to the <code>transform</code> method of the <code>Transformer</code>, and as the return value from
a user-written <code>URIResolver</code>.</p>

      <p>If the <code java="com.saxonica.ptree.PTreeURIResolver">PTreeURIResolver</code> is used, it is also possible to control validation for each source document
by means of query parameters in the document URI. For example, <code>document('source.xml?val=strict')</code> requests
the loading of the file <code>source.xml</code> with strict validation.</p>

      <p>The attribute <code java="net.sf.saxon.lib.FeatureKeys#VALIDATION_WARNINGS">FeatureKeys.VALIDATION_WARNINGS</code> has the same effect as the <code>-vw</code>
option on the command line: validation errors encountered when processing the final result tree are
reported to the <code>ErrorListener</code> as warnings, not as fatal errors.</p>

      <p>Schemas can be loaded using either of the techniques used with the command-line interface: that is, by specifying
them in the <code>xsl:import-schema</code> directive in the stylesheet, or by including them in an <code>xsi:schemaLocation</code>
attribute in a source document. In addition, they can be loaded using the <code>addSchema()</code> method on the
<code java="com.saxonica.config.SchemaAwareTransformerFactory">SchemaAwareTransformerFactory</code> class.</p>

      <p>All schemas that are loaded are cached as part of the <code>TransformerFactory</code> (or more specifically, as
part of the <code java="net.sf.saxon.Configuration">Configuration</code> object owned by the <code>TransformerFactory</code>). This is true whether the
schema is loaded explicitly using the Java API, whether it is loaded as a result of <code>xsl:import-schema</code>,
or whether it is referenced in an <code>xsi:schemaLocation</code> attribute in a source document. There can only
be one schema document loaded for each namespace: any further attempts to load a schema for a given target namespace
will return the existing loaded schema, rather than loading a new one. Note in particular that this means there
can only be one loaded no-namespace schema document. If you want to force loading of a different schema document
for an existing namespace, the only way to do it is to create a new <code>TransformerFactory</code>.</p>

      <p>If you are validating the result tree, and you want your application to have access to the type annotations
in the validated tree, then you should specify as the result of the transformation either a user-written 
<code>Receiver</code>, or a <code>DOMResult</code> that wraps a Saxon <code>DocumentInfo</code> object. Note that
type annotations are supported only with the TinyTree implementation.</p>
   </page>

   <page xml:id="saquerycmd">
      <title>Schema-Aware XQuery from the Command Line</title>

      <p>To run a schema-aware query from the command line, use the usual command <code java="net.sf.saxon.Query">net.sf.saxon.Query</code>. 
         This has an option <code>-val:strict</code> to
request strict validation of the source document, or <code>-val:lax</code> to request lax validation.
  This applies not only to the principal source document loaded using the
<code>-s</code> option on the
command line, but to all documents loaded via the <code>doc()</code> functions, or
supplied as additional command line parameters in the form <code>+param=doc.xml</code>.</p>

      <p>The schemas to be used to validate these source documents can be specified either by using the
<code>import schema</code> declaration in the query prolog, or using <code>xsi:schemaLocation</code>
(or <code>xsi:noNamespaceSchemaLocation</code>) attributes within the source documents themselves,
or by using the <code>-xsd</code> option on the command line.</p>

      <p>Validating the source document has several effects. Most obviously, it will cause the query to fail
if the document is invalid. It will also cause default values for attributes and elements to be expanded, so they
will appear to the query as if they were present on the source document. In addition, element and attribute nodes
that have been validated will be annotated with a type. This enables operations to be performed in a type-safe way.
This may cause error messages, for example if you try to use an xs:decimal value as an argument to a function that
expects a string. It may also cause some operations to produce different results: for example when using
elements or attributes that have been given a list type in the schema, the typed value of the node will appear
in the stylesheet as a sequence rather than as a single string value.</p>

      <p>The enterprise edition of Saxon also allows you to validate result documents (both final result documents
and intermediate results). By default, elements constructed by the query are validated in lax mode, which means that
they are validated if a schema declaration is available, and are not validated otherwise. You can set a different
initial validation mode either using the <code>declare validation</code> declaration in the Query Prolog, or by
issuing a call such as <code>staticQueryContext.pushValidationMode(Validation.SKIP)</code> in the calling API.</p>

      <p>The <code>-vw</code> option on the command line 
causes validation errors encountered in processing a final result
tree to be treated as warnings, allowing processing to continue. This allows more than one error
to be reported in a single run. The result document is serialized as if validation were successful,
but with XML comments inserted to show where the validation errors were found. This option does
not necessarily recover from all validation errors, for example at present it does not recover from
errors in uniqueness or referential constraints.</p>

      <p>By default, the validation context for element constructors in the query depends on the textual nesting of the
element constructors as written in the query. You can change the validation context (and the validation mode) if you
need to, by using a <code>validate{}</code> expression within the query.  For details of this expression,
refer to the XQuery 1.0 specification. Validation of result documents is done on-the-fly, so if the query
attempts to produce invalid output, you will usually get an error message that identifies the approximate location
in the query where the error occurred.</p>

      <p>With the enterprise edition of Saxon, declarations of functions and variables can refer to schema-defined types,
for example you can write <code>let $a as schema-element(ipo:invoice)* := //inv</code>. You can also use
the <code>element()</code> and <code>attribute()</code> tests to select nodes by their schema type in path expressions.</p>

      <p>Saxon-EE does a certain amount of static analysis of the XQuery code based on schema information.
For example, if a function argument is defined with a type such as <code>as="schema-element(invoice)"</code>,
then it will check any path expressions used in the function body to ensure that they are valid against the schema
when starting from <code>invoice</code> as the context node. Similarly, if the result type of a 
 function is declared using an <code>as</code> attribute, then Saxon will check any direct element constructors
in the body of the function to ensure that they are consistent with this declared type. This
analysis can reveal many simple user errors at compile time that would otherwise result in run-time errors or
simply in incorrect output. But this is only possible if the source code explicitly declares the types of variables
and of function arguments and results.</p>
   </page>

   <page xml:id="saqueryapi">
      <title>Schema-Aware XQuery from Java</title>

      <p>When queries are controlled using the Java API, the equivalent to the <code>-val</code>
option is to create a <code java="com.saxonica.config.EnterpriseConfiguration">EnterpriseConfiguration</code> instead of a <code>Configuration</code> object, 
and then to call <code>setSchemaValidationMode(net.sf.saxon.lib.Validation.STRICT)</code> on this object.
The value <code java="net.sf.saxon.lib.Validation#LAX">Validation.LAX</code> can also be used.</p>

      <p>This option switches validation on for all source documents used by any transformation under the control of this
<code>EnterpriseConfiguration</code>. If you want finer control, so that some documents are validated and others are not, you can
achieve this by using the <code java="net.sf.saxon.lib.AugmentedSource">AugmentedSource</code> object. An <code>AugmentedSource</code> is a wrapper around
a normal JAXP <code>Source</code> object, in which additional properties can be set: for example, a property to
request validation of the document. The <code>AugmentedSource</code> itself implements the JAXP <code>Source</code>
interface, so it can be used anywhere that an ordinary <code>Source</code> object can be used, for example as the
first argument to the <code>buildDocument()</code> method of the <code>QueryProcessor</code>, and as the return value from
a user-written <code>URIResolver</code>.</p>

      <p>If the <code java="com.saxonica.ptree.PTreeURIResolver">PTreeURIResolver</code> is used, it is also possible to control validation for each source document
by means of query parameters in the document URI. For example, <code>doc('source.xml?val=strict')</code> requests
the loading of the file <code>source.xml</code> with strict validation.</p>

      <p>The <code java="net.sf.saxon.Configuration">Configuration</code> method <code>setValidationWarnings()</code> 
has the same effect as the <code>-vw</code>
option on the command line: validation errors encountered when processing the final result tree are
reported to the <code>ErrorListener</code> as warnings, not as fatal errors. They are also reported
as XML comments in the result tree.</p>

      <p>Schemas can be loaded using either of the techniques used with the command-line interface: that is, by specifying
them in the <code>import schema</code> directive in the query prolog, or by including them in an <code>xsi:schemaLocation</code>
attribute in a source document. In addition, they can be loaded using the <code>addSchemaSource()</code> method on the
<code>EnterpriseConfiguration</code> class.</p>

      <p>All schemas that are loaded are cached as part of the <code java="com.saxonica.config.EnterpriseConfiguration">EnterpriseConfiguration</code>. This is true whether the
schema is loaded explicitly using the Java API, whether it is loaded as a result of <code>import schema</code> in a query,
or whether it is referenced in an <code>xsi:schemaLocation</code> attribute in a source document. There can only
be one schema document loaded for each namespace: any further attempts to load a schema for a given target namespace
will return the existing loaded schema, rather than loading a new one. Note in particular that this means there
can only be one loaded no-namespace schema document. If you want to force loading of a different schema document
for an existing namespace, the only way to do it is to create a new <code>EnterpriseConfiguration</code>.</p>
   </page>

   <page xml:id="schema11">
      <title>XML Schema 1.1</title>

      <p>Saxon-EE from release 9.3 includes support for most of the new features introduced in the XML Schema 1.1 working drafts. The main changes
are listed in the following pages. Note that these features are subject to change as the specifications mature.</p>

      <p>To enable use of XML Schema 1.1 features, set the command line flag <code>-xsdversion:1.1</code> or the equivalent
in the API.</p>
      <subpageindex/>

      <subpage xml:id="assertions">
         <title>Assertions on Complex Types</title>

         <p>Saxon 9.2 supports the definition of assertions on both simple and complex types.</p>

         <p>Assertions enable cross-validation of different elements or attributes within a complex type. For example,
specifying:</p>
         <example><![CDATA[
<xs:assert test="xs:date(@date-of-birth) lt xs:date(@date-of-death)"/>
]]></example>

         <p>will cause a run-time validation error if an instance document is validated in which the relevant condition
does not hold.</p>

         <p>Saxon allows any XPath 2.0 expression to be used in the <code>test</code> attribute. This includes
expressions call Java or .NET extension functions.</p>

         <p>For assertions on complex types, the context node supplied to the
expression is the element being validated, in its untyped state (this is a divergence from the specification). 
The static context for the expression comes from the
containing schema document: any namespace prefixes used in the expression must be declared using namespace declarations
in the schema in the usual way. The default namespace for elements and types may be set using the <code>xpathDefaultNamespace</code>
attribute either on the element containing the XPath expression, or on the <code>xs:schema</code> element).
It is not possible to use any variables or user-defined functions within the expression. </p>

         <p>Saxon recognizes an assertion of the form <code>empty(expr)</code> specially. For example, if you are validating
an XSLT stylesheet, you might write on the top-level complex type <code>&lt;xs:assert test="empty(if (@version='1.0')
then xsl:variable[@as] else ())"/&gt;</code>. If you use this form of assertion, the validator will not only report that the
assertion is false for the top-level element, it will also report the location of all the <code>xsl:variable</code> elements
that caused the assertion to be false. This also works for <code>not(expr)</code> provided that <code>expr</code> has a static
item type of <code>node()</code>.</p>

         <p>The XPath expression is evaluated against a temporary document
that contains the subtree rooted at this element: more specifically, the subtree contains a document node with this element
as its only child. Validation succeeds if the effective boolean value (EBV) of the expression is true, and fails if the
EBV is false or if an error occurs during the evaluation.</p>

         <p>If a complex type is derived by extension or by restriction, then the assertions supplied on the base type must be satisfied
as well as those supplied on the type itself.</p>

         <p>Note that when assertions are defined on a complex type, the subtree representing an element with that type will be
built in memory. It is therefore advisable to exercise care when applying this facility to elements that have very large
subtrees.</p>

         <p>For assertions on simple types, <code>&lt;xs:assert&gt;</code> is treated as a facet. It may be applied to any variety of
type, that is to a type derived by restriction from an atomic type, a list type, or a union type. The value against which the assertion is being
tested is available to the expression as the value of variable <code>$value</code>; this will be typed as an instance of the
base type (the type being restricted). There is no context node. The variable <code>$value</code> is also available in the same
way for complex types with simple content.</p>
      </subpage>

      <subpage xml:id="simpleassert">
         <title>Assertions on Simple Types</title>

         <p>Saxon allows assertions on simple types to be defined. The mechanism is to define an <code>xs:assert</code>
      element as a child of the <code>xs:restriction</code> child of the <code>xs:simpleType</code> element (that is, it acts
      as an additional facet). The type must
      be an atomic type. The value of the <code>test</code> attribute of <code>xs:assert</code> is an XPath expression. .</p>

         <p>The expression is evaluated with the value being validated supplied as the value of the variable <code>$value</code>. 
      This will be an instance of the
      base type: for example, if you are restricting from <code>xs:string</code>, it will be a string; if you are
      restricting from <code>xs:date</code>, it will be an <code>xs:date</code>; if you are validating a list of integers,
    then <code>$value</code> will be a sequence of integers.</p>

         <p>If the effective boolean value of the expression is true, the value is valid. If the effective boolean value is
      false, or if a dynamic error occurs while evaluating the expression, the value is invalid. Currently no diagnostics
      are produced to indicate why the value is deemed invalid, other than a statement that the <code>xs:assert</code>
      facet is violated. You can supply a message in a <code>saxon:message</code> attribute.</p>

         <p>The XPath expression has no access to any part of the document being validated, other than the atomic value of the
      actual element or attribute node. So the validation cannot be context-sensitive.</p>

         <p>The XPath expression may make calls on Java extension functions in the normal way: see
      <xref section="extensibility" page="functions">Writing extension functions (Java)</xref>. This facility has not
      been tested on .NET but there is no intrinsic reason why it should not work. Allowing call-out to procedural 
      programming languages means that you can perform arbitrary procedural validation of element and attribute values.
      Take care to disable use of extension functions if validating against a schema that is untrusted.</p>

         <p>The following example validates that a date is in the past:</p>
         <example><![CDATA[
  <xs:element name="date">
    <xs:simpleType>
       <xs:restriction base="xs:date">
         <xs:assert test="$value lt current-date()"/>
       </xs:restriction>   
    </xs:simpleType>
  </xs:element>
]]></example>

         <p>The following example validates that a string is a legal XPath expression. This relies
      on the fact that a failure evaluating the assertion is treated as
      "false":</p>
         <example><![CDATA[
  <xs:element name="xpath">
    <xs:simpleType>
       <xs:restriction base="xs:string">
         <xs:assert test="exists(saxon:expression($value))" xmlns:saxon="http://saxon.sf.net/"/>
       </xs:restriction>   
    </xs:simpleType>
  </xs:element>
]]></example>

         <p>Note how the in-scope namespaces for the XPath expression are taken from the in-scope namespaces of the
      containing <code>xs:assert</code> element.</p>
      </subpage>

      <subpage xml:id="cta">
         <title>Conditional Type Assignment</title>

         <p>Saxon supports Conditional Type Assignment, with the exception of the subsumption rules that check whether one
type that uses CTA is a valid restriction of another type that uses CTA.</p>

         <p>The full syntax of XPath 2.0 can be used.</p>
      </subpage>

      <subpage xml:id="allgroups">
         <title>All Model Groups</title>

         <p>Saxon allows arbitrary values of <code>minOccurs</code> and <code>maxOccurs</code> on the particles of
a model group using the compositor <code>xs:all</code>.</p>

         <p>A complex type defined using <code>xs:all</code> may be derived by extension or restriction from another type
 using <code>xs:all</code>.</p>

         <p>Element wildcards (<code>xs:any</code>) are allowed within <code>xs:all</code> content models.</p>
      </subpage>

      <subpage xml:id="open-content">
         <title>Open Content</title>

         <p>Open content is implemented.</p>

         <p>The allows a complex type to specify open content with mode "interleave" or "suffix", allowing arbitrary
    elements (satisfying a wildcard) to be added either anywhere in the content sequence, or at the end.</p>

         <p>At the level of a schema document, the <code>defaultOpenContent</code> defines the default open content mode
    for all types defined in the schema document (or, for all types except those with an empty content model).</p>

         <p>Similarly, the <code>defaultAttributes</code> attribute of the <code>xs:schema</code> element defines
    a default attribute wildcard to be permitted for all complex types defined in the schema document.</p>
      </subpage>

      <subpage xml:id="misc-xsd11">
         <title>Miscellaneous XSD 1.1 Features</title>

         <p>The <code>notNamespace</code> and <code>notQName</code> attributes are now 
      supported on <code>xs:any</code> and <code>xs:anyAttribute</code> wildcards. The <code>definedSibling</code>
    option is not currently implemented.</p>

         <p>The <code>targetNamespace</code> attribute is available for use on local element and attribute declarations appearing within the restriction of a complex type.
    </p>

         <p>Saxon allows conditional inclusion of elements in a schema document, using attributes such as <code>vc:minVersion</code> 
      and <code>vc:maxVersion</code>. This feature is available whether the schema processor is run in 1.0 or 1.1 mode, allowing new 1.1 features such as assertions to be ignored when running in 1.0 mode.
    </p>

         <p>The type <code>xs:error</code> is implemented.</p>

         <p>An element may now appear in more than one substitution group.</p>

         <p>A new facet <code>xs:explicitTimezone</code> is available with values required, optional, or prohibited.</p>

         <p>The new built-in data type <code>xs:dateTimeStamp</code> (an <code>xs:dateTime</code> with timezone required) is implemented.</p>
      </subpage>
   </page>

   <page xml:id="scm">
      <title>Importing and Exporting Schema Component Models</title>

      <p>From version 9.0, Saxon provides the ability to export or import a compiled schema. The export format is an XML
file, known as an SCM file (for schema component model). Exporting a schema in SCM format makes it quicker to reload
when the same schema is used again. It is also a format that is easier for programs to analyze, in comparison with 
raw XSD schema documents.</p>

      <p>The simplest way to create an SCM file is from the command line, using the <code>com.saxonica.Validate</code>
command with the <code>-scmout</code> option. This is described <xref page="commandline">here</xref>. Alternatively,
an SCM file can be generated programmatically using the <code>exportComponents()</code> method of the
<code java="com.saxonica.config.EnterpriseConfiguration">com.saxonica.config.EnterpriseConfiguration</code> class,
which is described in the JavaDoc. The serializer is unselective: it will output an SCM containing all the schema components
that have been loaded into the <code>Configuration</code>, other than built-in schema components.</p>

      <p>An SCM file can be imported using the <code>-scmin</code> option of the  <code>com.saxonica.Validate</code> command.
It can also be loaded programmatically using the <code java="com.saxonica.schema.SchemaModelLoader">SchemaModelLoader</code> class. For example:</p>
      <example><![CDATA[
SchemaModelLoader loader = new SchemaModelLoader(config);
loader.load(new StreamSource(new File("input.scm")));
]]></example>

      <p>A schema loaded in this way is then available for all tasks performed using this <code>Configuration</code>, including validation
of source documents and compiling of schema-aware queries and stylesheets. In particular, it can be used when
compiled queries are run under this <code>Configuration</code>.</p>

      <p>Schema Component Models can also be imported and exported using the <code>importComponents()</code> and 
<code>exportComponents()</code> methods of the <code>SchemaManager</code> in the s9api interface.</p>

      <p>The structure of an SCM file is defined in the schema <code>scmschema.xsd</code> which is available
in the directory <code>samples/scm/</code> in the <code>saxon-resources</code> download file. This is
annotated to explain the mappings between elements and attributes in the SCM file and components and properties
as defined in the W3C XML Schema Specification. The same
directory contains a file <code>scmschema.scm</code> which contains the schema for SCM in SCM format.</p>
      <box>The SCM file includes a representation of the finite state machines used to validate instances
against a complex type. This means that the FSM does not need to be regenerated when a schema is loaded
from an SCM file, which saves a lot of time. However, it also means that the SCM format is not currently
suitable as a target format for software-generated schemas. A variant of SCM in which the finite state
machines can be omitted may be provided in a future release.</box>
   </page>

   <page xml:id="min-and-maxoccurs">
      <title>Handling minOccurs and maxOccurs</title>

      <p>Prior to release 9.1, Saxon used the validation algorithms described in 
<a href="http://www.ltg.ed.ac.uk/~ht/XML_Europe_2003.html">Thompson and Tobin 2003</a>.
This algorithm can be very inefficient when large bounded values of minOccurs and maxOccurs are used
in a content model; indeed, it can be so inefficient that the finite state machine is too large to fit in
memory, and an OutOfMemory exception occurs.</p>

      <p>From Saxon 9.1, many common cases of minOccurs and maxOccurs are handled using a finite state machine
that makes use of counters at run-time. This eliminates the need to have one state in the machine for each
possible number of occurrences of the repeating item. Instead, counters are maintained at run-time and
compared against the minOccurs and maxOccurs values.</p>

      <p>This technique is used under the following circumstances:</p>
      <ul>
         <li content="para">Either minOccurs &gt; 1, or maxOccurs &gt; 1 (and is not unbounded), or both</li>
         <li content="para">The minOccurs/maxOccurs values must be defined on an element (xs:element) or wildcard (xs:any) particle</li>
         <li content="para">If the repeating particle is <i>vulnerable</i>, then it must not be part of a model group that is itself
repeatable. A particle is vulnerable if it is part of a choice group, or if it is part of a sequence group in which all
the other particles are optional or emptiable, except in the case where minOccurs is equal to maxOccurs. The reason
for this restriction is that in such situations there are two nested repetitions, and it is ambiguous whether a new instance of the repeating term should
be treated as a repetition at the inner level or at the outer level.</li>
      </ul>

      <p>In cases where counters cannot be used, Saxon will still attempt to compile a finite state machine, but will use
configuration-defined limits on minOccurs and maxOccurs to approximate the values requested. If the values used in the schema exceed these limits, Saxon will therefore
approximate by generate a schema that does not strictly enforce the specified minOccurs and maxOccurs. 
The default limits are 100 and 250 respectively. Different limits can be set on the command line or via the
Java API on the <code>Configuration</code> object. Note however that when several nested repeating groups are 
defined it is still possible for out-of-memory conditions to occur, even with quite modest values of minOccurs
and maxOccurs.</p>
   </page>

   <page xml:id="extensions11">
      <title>Saxon extensions to XML Schema 1.1</title>

      <p>The Working Draft XSD 1.1 specification allows implementations to define their own primitive types and facets.</p>

      <p>At present Saxon provides one additional facet, <code>saxon:preprocess</code></p>

      <p>Saxon extensions to the XML Schema Language are implemented in the Saxon namespace <code>http://saxon.sf.net/</code>:</p>
      <subpageindex/>

      <subpage xml:id="saxon.message">
         <title>Messages associated with assertions and other facets</title>

         <p>In assertions, and on all elements representing facets (for example <code>pattern</code>), 
Saxon supports the attribute <code>saxon:message="message text"</code>.
This message text is used in error messages when the assertion or facet is not satisfied.</p>

         <p>For example:</p>
         <example><![CDATA[
  <xs:element name="date">
    <xs:simpleType>
       <xs:restriction base="xs:date" xmlns:saxon="http://saxon.sf.net/">
         <xs:assert test=". lt current-date()"
                    saxon:message="The date must not be in the future"/>
         <xs:pattern value="[^Z:]*" 
                    saxon:message="The date must not have a timezone"/>
       </xs:restriction>   
    </xs:simpleType>
  </xs:element>
]]></example>
      </subpage>

      <subpage xml:id="preprocess">
         <title>The saxon:preprocess facet</title>

         <p>Saxon provides the <code>saxon:preprocess</code> facet as an addition to the standard facets defined in the
XSD 1.1 specification. It is available only when XSD 1.1 support is enabled.</p>

         <p>Like <code>xs:whiteSpace</code>, this is a pre-lexical facet. It is used to transform the supplied lexical value
of an element or attribute from the form as written (but after whitespace normalization) to the lexical space of the
base type. Constraining facets such as <code>pattern</code>, <code>enumeration</code>, and <code>minLength</code> apply
to the value after the <code>saxon:preprocess</code> facet has done its work. In addition, if the primitive type is say
<code>xs:date</code> or <code>xs:decimal</code>, the built-in lexical rules for parsing a date or a decimal number are
applied only after <code>saxon:preprocess</code> has transformed the value. The makes it possible, for example, to
accept <code>yes</code> and <code>no</code> as values of an <code>xs:boolean</code>, <code>3,14159</code> as the value of
an <code>xs:decimal</code>, or <code>13DEC1987</code> as the value of an <code>xs:date</code>.</p>

         <p>Like other facets, <code>saxon:preprocess</code> may be used as a child of <code>xs:restriction</code> when restricting
a simple type, or a complex type with simple content.</p>

         <p>The attributes are:</p>
         <table>
            <tr>
               <td content="para">
                  <b>Attribute</b>
               </td>
               <td content="para">
                  <b>Usage</b>
               </td>
            </tr>
            <tr>
               <td content="para">id</td>
               <td content="para">Standard attribute</td>
            </tr>
            <tr>
               <td content="para">action</td>
               <td content="para">Mandatory. An XPath expression. The rules for writing the XPath expression are generally the same as the rules
for the <code>test</code> expression of <code>xs:assert</code>. The value to be transformed is supplied (as a string) as the
value of the variable <code>$value</code>; the context item is undefined. The expression must return a single string.
If evaluation of the expression fails with a dynamic error, this is interpreted as a validation failure.</td>
            </tr>
            <tr>
               <td content="para">reverse</td>
               <td content="para">Optional. An XPath expression used to reverse the transformation. Used (in XPath, XSLT, and XQuery) 
when a value of this type is converted to a string. When a value of this type is converted to a string,
it is first converted according to the rules of the base type. The resulting string is then passed,
as the value of variable <code>$value</code>, to the XPath expression, and the result of the XPath expression
is used as the final output. This attribute does not affect the schema validation process itself.</td>
            </tr>
            <tr>
               <td content="para">xpathDefaultNamespace</td>
               <td content="para">The default namespace for element names (unlikely to appear in practice) and types.</td>
            </tr>
         </table>

         <p>The following example converts a string to upper-case before testing it against the enumeration facet.</p>
         <example><![CDATA[
<xs:simpleType name="currency">
  <xs:restriction base="xs:string">
    <saxon:preprocess action="upper-case($value)" xmlns:saxon="http://saxon.sf.net/"/>
    <xs:enumeration value="USD"/>
    <xs:enumeration value="EUR"/>
    <xs:enumeration value="GBP"/>
  </xs:restriction>
</xs:simpleType>]]></example>

         <p>Of course, it is not only the constraining facets that will see the preprocessed value (in this case, the upper-case
value), any XPath operation that makes use of the typed value of an element or attribute node will also see the value
after preprocessing. However, the string value of the node is unchanged.</p>

         <p>The following example converts any commas appearing in the input to full stops, allowing decimal numbers to be
represented in Continental European style as <code>3,15</code>. On output, the process is reversed, so
that full stops are replaced by commas.</p>
         <example><![CDATA[
<xs:simpleType name="euroDecimal">
  <xs:restriction base="xs:decimal">
    <saxon:preprocess action="translate($value, ',', '.')" 
                      reverse="translate($value, '.', ',')"
                      xmlns:saxon="http://saxon.sf.net/"/>
  </xs:restriction>
</xs:simpleType>]]></example>

         <p>Note that in this example, the user-defined type also accepts numbers written in the "standard" style <code>3.15</code>.</p>

         <p>The following example allows an <code>xs:time</code> value to be written with the seconds part omitted.
Again, it also accepts the standard <code>hh:mm:ss</code> notation:</p>
         <example><![CDATA[
<xs:simpleType name="hoursAndMinutes">
  <xs:restriction base="xs:time">
    <saxon:preprocess action="concat($value, ':00'[string-length($value) = 5])" 
                      xmlns:saxon="http://saxon.sf.net/"/>
  </xs:restriction>
</xs:simpleType>]]></example>

         <p>The following example uses extension function calls within the XPath expression to support integers
written in hexadecimal notation:</p>
         <example><![CDATA[
<xs:simpleType name="hexInteger">
  <xs:restriction base="xs:long">
    <saxon:preprocess action="Long:parseLong($value, 16)" reverse="Long:toHexString(xs:long($value))"
      xmlns:Long="java:java.lang.Long"
      xmlns:saxon="http://saxon.sf.net/"/>
  </xs:restriction>
</xs:simpleType>]]></example>

         <p>Given the input <code>&lt;val&gt;0040&lt;/val&gt;</code>, validated against this schema, the query
 <code>(val*3) cast as hexInteger</code> will produce the output <code>c0</code>.</p>

         <p><i>The preprocess facet is not currently implemented for list or union types.</i></p>
      </subpage>

      <subpage xml:id="extended-uniqueness-constraints">
         <title>Saxon extensions to XSD uniqueness and referential constraints</title>

         <p>This extension is only available if enabled by specifying the attribute <code>saxon:extensions="id-xpath-syntax"</code>
on the <code>xs:schema</code> element of the containing schema document.</p>

         <p>With this extension enabled, restrictions are removed on the syntax allowed in the <code>selector/@xpath</code> and <code>field/@xpath</code>
attributes of the <code>xs:unique</code>, <code>xs:key</code>, and <code>xs:keyref</code> elements. Instead of the very limited
XPath subset defined in the XSD 1.0 and XSD 1.1 specifications, Saxon will allow the same syntax as is permitted for streamable XPath
expressions in XSLT. Specifically, the syntax for both attributes is the same as allowed in the select attribute of 
a streaming <code>xsl:apply-templates</code>, which is an extended form of the XSLT 2.1 syntax for patterns. It permits, for example,
any sequence of downwards axes, arbitrary predicates on any step provided they do no downwards selection, and conditional expressions.</p>

         <p>For example, the following is permitted, indicating that US-based employees must have a unique social security number, but not imposing
any such constraint on other employees:</p>
         <example><![CDATA[
<xs:element name="company">
  <xs:unique>
    <xs:selector xpath="employee[@location='us']"/>
    <xs:field xpath="@ssid"/>
  </xs:unique>
</xs:element>]]></example>
      </subpage>
   </page>
</section>