<?xml version="1.0" encoding="UTF-8"?>
<section xml:id="sourcedocs">
   <title>Handling Source Documents</title>

   <page xml:id="intro">
      <title>Handling Source Documents</title>

      <p>This section discusses the various options in Saxon for handling source documents that
form the input to a query or stylesheet.</p>

      <p>See the topics below for further information:</p>
      <pageindex/>
   </page>

   <page xml:id="command-line">
      <title>Source Documents on the Command Line</title>

      <p>When Saxon (either XSLT or XQuery) is invoked from the command line, the source document will normally
be an XML 1.0 document. Supplying an XML 1.1 document will also work, provided that (a) the selected parser
is an XML 1.1 parser, and (b) the command line option <code>-1.1</code> is set.</p>

      <p>If a custom parser is specified using the <code>-x</code> option on the command line, then the source document can
be in any format accepted by this custom parser. The only constraint is that the parser must behave as a
SAX2 parser, delivering a stream of events that define a virtual XML document. For example, the 
 <a href="http://www.tagsoup.info/">TagSoup</a> parser from John Cowan can be used to feed an HTML
 document as input to Saxon.</p>

      <p>Non-standard input formats can also be handled by specifying a user-written <code>URIResolver</code>. If the <code>-u</code>
option is used on the command line, or if the source file name begins with <code>http://</code> or
<code>file://</code>, then the source file name is resolved to a JAXP Source object using the <code>URIResolver</code>;
if a user-written <code>URIResolver</code> is nominated (using the <code>-r</code> option) then this may translate the
file name into a Source object any way that it wishes.</p>
   </page>

   <page xml:id="collections">
      <title>Collections</title>

      <p>Saxon implements the <code>collection()</code> function by passing the given URI
(or null, if the default collection is requested) to a user-provided <code java="net.sf.saxon.lib.CollectionURIResolver">CollectionURIResolver</code>.
This section describes how the standard collection resolver behaves, if no user-written collection
resolver is supplied.</p>

      <p>The default collection resolver returns the empty sequence as the default collection. The only
way of specifying a default collection it to provide your own <code>CollectionURIResolver</code>.</p>

      <p>If a collection URI is provided, Saxon attempts to dereference it. What happens next depends on whether
the URI identifies a file or a directory.</p>
      <subtitle>Using catalog files</subtitle>

      <p>If the collection URI identifies a file, Saxon treats this as a catalog file. This is a file in XML format that lists the
documents comprising the collection. Here is an example of such a catalog file:</p>
      <example><![CDATA[
<collection stable="true">
  <doc href="dir/chap1.xml"/>
  <doc href="dir/chap2.xml"/>
  <doc href="dir/chap3.xml"/>
  <doc href="dir/chap4.xml"/>
</collection>]]></example>

      <p>The <code>stable</code> attribute indicates whether the collection is stable or not. The default value is <code>true</code>.
If a collection is stable, then the URIs listed in the <code>doc</code> elements are treated like URIs passed
to the <code>doc()</code> function. Each URI is first looked up in the document pool to see if it is already loaded;
if it is, then the document node is returned. Otherwise the URI is passed to the registered <code>URIResolver</code>,
and the resulting document is added to the document pool. The effect of this process is firstly, that two calls on
the <code>collection()</code> function passing the same collection URI will return the same nodes each time, and secondly,
that these results are consistent with the results of the <code>doc()</code> function: if the <code>document-uri()</code> of
a node returned by the <code>collection()</code> function is passed to the <code>doc()</code> function, the original node
will be returned. If <code>stable="false"</code> is specified, however, the URI is dereferenced directly, and the document
is not added to the document pool, which means that a subsequent retrieval of the same document will not return the same node.</p>
      <subtitle>Processing directories</subtitle>

      <p>If the URI passed to the <code>collection()</code> function (still assuming a default <code>CollectionURIResolver</code>)
identifies a directory, then the contents of the directory are returned. Such a URI may have a number of query parameters, written
in the form <code>file:///a/b/c/d?keyword=value;keyword=value;...</code>. The recognized keywords and their values are as follows:</p>
      <table>
         <tr>
            <td content="para">
               <b>keyword</b>
            </td>
            <td content="para">
               <b>values</b>
            </td>
            <td content="para">
               <b>effect</b>
            </td>
         </tr>
         <tr>
            <td content="para">
               <b>recurse</b>
            </td>
            <td content="para">
               <b>yes | no (default no)</b>
            </td>
            <td content="para">
               <b>determine whether subdirectories are searched recursively</b>
            </td>
         </tr>
         <tr>
            <td content="para">
               <b>strip-space</b>
            </td>
            <td content="para">
               <b>yes | ignorable | no</b>
            </td>
            <td content="para">
               <b>determines whether whitespace text nodes are to be stripped.
The default depends on the Configuration settings.</b>
            </td>
         </tr>
         <tr>
            <td content="para">
               <b>validation</b>
            </td>
            <td content="para">
               <b>strip | preserve | lax | strict</b>
            </td>
            <td content="para">
               <b>determines whether and how schema validation is applied to each document.
The default depends on the Configuration settings.</b>
            </td>
         </tr>
         <tr>
            <td content="para">
               <b>select</b>
            </td>
            <td content="para">
               <b>file name pattern</b>
            </td>
            <td content="para">
               <b>determines which files are selected (see below)</b>
            </td>
         </tr>
         <tr>
            <td content="para">
               <b>on-error</b>
            </td>
            <td content="para">
               <b>fail | warning | ignore</b>
            </td>
            <td content="para">
               <b>determines the action to be taken if one of the documents cannot be successfully parsed</b>
            </td>
         </tr>
         <tr>
            <td content="para">
               <b>parser</b>
            </td>
            <td content="para">
               <b>Java class name</b>
            </td>
            <td content="para">
               <b>class name of the Java <code>XMLReader</code> to be used. For example, John Cowan's TagSoup parser may be selected by specifying
<code>parser=org.ccil.cowan.tagsoup.Parser</code> (this parses arbitrary ill-formed HTML and presents it
to Saxon as well-formed XML).</b>
            </td>
         </tr>
         <tr>
            <td content="para">
               <b>xinclude</b>
            </td>
            <td content="para">
               <b>yes | no</b>
            </td>
            <td content="para">
               <b>determines whether XInclude processing should be applied to the selected documents. This overrides
any setting in the <code java="net.sf.saxon.Configuration">Configuration</code> (or any command line option).</b>
            </td>
         </tr>
         <tr>
            <td content="para">
               <b>unparsed</b>
            </td>
            <td content="para">
               <b>yes | no (default no)</b>
            </td>
            <td content="para">
               <b>determine whether the files contain unparsed text. If <code>unparsed=yes</code> is specified, the files are
read as text using the platform default encoding. An error occurs if they contain characters that are not legal in XML.
The parameters that are specific to XML, such as strip-space, parser, and validation are ignored. The function
returns a document node representing each file; the document node holds a single text node containing the
file contents, and the document-uri() function returns the URI of the corresponding file.</b>
            </td>
         </tr>
      </table>

      <p>The pattern used in the <code>select</code> parameter can take the conventional form, for example <code>*.xml</code> selects
all files with extension "xml". More generally, the pattern is converted to a regular expression by 
prepending "^", appending "$", replacing "." by "\.", and replacing "*" by ".*",
and it is then used to match the file names appearing in the directory using
the Java regular expression rules. So, for example, you can write <code>?select=*.(xml|xhtml)</code> to match files
with either of these two file extensions. Note however, that special characters used in the URL (that is, characters
with a special meaning in regular expressions) may need
to be escaped using the %HH convention. For example, vertical bar needs to be written as <code>%7C</code>. 
This escaping can be achieved using the iri-to-uri() function.</p>

      <p><i>A collection read in this way is not stable. Calling the <code>collection()</code> function again with the same URI will
reprocess the directory, and return a different set of document nodes, even if the contents of the directory have
not changed.</i></p>
      <subtitle>Registered Collections</subtitle>

      <p>On the .NET product there is a third way to use a collection URI (provided that you use the API rather than
the command line): you can register a collection using the <code>Processor.RegisterCollection</code>
method on the <code>Saxon.Api.Processor</code> class.</p>
   </page>

   <page xml:id="builder-api">
      <title>Building a Source Document from an application</title>

      <p>With the Java s9api interface, a source document can be built using the <code java="net.sf.saxon.s9api.DocumentBuilder">DocumentBuilder</code> class,
which is created using the factory method <code>newDocumentBuilder</code> on the <code java="net.sf.saxon.s9api.Processor">Processor</code> object. Various
 options for document building are available as methods on the <code>DocumentBuilder</code>, for example options
 to perform schema or DTD validation, to strip whitespace, to expand XInclude directives, and also to choose the
 tree implementation model to be used.</p>

      <p>Similarly in the .NET API, there is a <code>DocumentBuilder</code> object that can be created from the processor. This allows options
to be set controlling the way documents are built, and provides an overloaded <code>Build</code> method allowing a tree to
be built from various kinds of source.</p>

      <p>It is also possible to build a Saxon tree in memory by using the <code>buildDocument</code> method
of the <code java="net.sf.saxon.Configuration">Configuration</code> object. (When using the JAXP Transformation API, the <code>Configuration</code>
can be obtained from the <code>TransformerFactory</code> as the value of the attribute named <code java="net.sf.saxon.lib.FeatureKeys#CONFIGURATION">FeatureKeys.CONFIGURATION</code>.)</p>

      <p>The <code java="net.sf.saxon.Configuration#buildDocument">buildDocument()</code> method takes a single argument, a JAXP <code>Source</code>. This can be any of the standard
kinds of JAXP <code>Source</code>. See <xref page="jaxpsources">JAXP Sources</xref> for more information.</p>

      <p>All the documents processed in a single transformation or query must be loaded using the same
 <code java="net.sf.saxon.Configuration">Configuration</code>. However, it is possible to copy a document from one <code>Configuration</code>
 into another by supplying the <code java="net.sf.saxon.om.DocumentInfo">DocumentInfo</code> at the root of the existing document
 as the <code>Source</code> supplied to the <code>buildDocument()</code> method of the new Configuration.
 </p>
   </page>

   <page xml:id="preloading">
      <title>Preloading shared reference documents</title>

      <p>An option is available in the <code java="net.sf.saxon.Configuration">Configuration</code> to indicate that calls to the <code>doc()</code>
or <code>document()</code> functions with constant string arguments should be evaluated when a query or
stylesheet is compiled, rather than at run-time. This option is intended for use when a reference or lookup
document is used by all queries and transformations. Using this option has a number of effects:</p>
      <ol>
         <li content="para">The URI is resolved using the compile-time URIResolver rather than the run-time URIResolver</li>
         <li content="para">The document
is loaded into a document pool held by the <code>Configuration</code>, whose memory is released only when
the <code>Configuration</code> itself ceases to exist;</li>
         <li content="para">all queries and transformations using this
document share the same copy;</li>
         <li content="para">any updates to the document that occur between compile-time and run-time
have no effect.</li>
      </ol>

      <p>The option is selected by using <code>Configuration.setConfigurationProperty()</code>\
            or <code>TransformerFactory.setAttribute()</code> with the property name <code java="net.sf.saxon.lib.FeatureKeys#PRE_EVALUATE_DOC_FUNCTION">FeatureKeys.PRE_EVALUATE_DOC_FUNCTION</code>.
This option is not available from the command line because it has no useful effect with a single-shot
compile-and-run interface.</p>

      <p>This option has no effect if the URI supplied to the <code>doc()</code> or <code>document()</code> function
includes a fragment identifier.</p>

      <p>It is also possible to preload a specific document into the shared document pool from the Java application
by using the call
<code>config.getGlobalDocumentPool().add(doc, uri)</code>. When the <code>doc()</code> or <code>document()</code>
function is called, the shared document pool is first checked to see if the requested document is 
already present. The <code java="net.sf.saxon.om.DocumentPool">DocumentPool</code> object also has a <code>discard()</code> method which causes the document
to be released from the pool.</p>
   </page>

   <page xml:id="input-filters">
      <title>Writing input filters</title>

      <p>Saxon can take its input from a JAXP <code>SAXSource</code> object, which essentially represents a sequence
of SAX events representing the output of an XML parser. A very useful technique is to
interpose a <i>filter</i> between the parser and Saxon. The filter will typically be an
instance of the SAX2 <b>XMLFilter</b> class.
</p>

      <p>There are a number of ways of using a Saxon XSLT transformation as part of a pipeline of filters.
Some of these techniques also work with XQuery. The techniques include:</p>
      <ul>
         <li content="para">Generate the transformation as an <code>XMLFilter</code> using the <code>newXMLFilter()</code>
method of the <code>TransformerFactory</code>. This works with XSLT only. A drawback of this approach
is that it is not possible to supply parameters to the transformation using standard JAXP facilities. It
is possible, however, by casting the <code>XMLFilter</code> to a <code java="net.sf.saxon.Filter">net.sf.saxon.Filter</code>, and calling
its <code>getTransformer()</code> method, which returns a <code>Transformer</code> object offering the usual
<code>addParameter()</code> method.</li>
         <li content="para">Generate the transformation as a SAX <code>ContentHandler</code> using the <code>newTransformerHandler()</code>
method. The pipelines stages after the transformation can be added by giving the transformation a <code>SAXResult</code>
as its destination. This again is XSLT only.</li>
         <li content="para">Implement the pipeline step before the transformation or query as an <code>XMLFilter</code>, and
 use this as the <code>XMLReader</code> part of a <code>SAXSource</code>, pretending to be an XML parser.
 This technique works with both XSLT and XQuery, and it can even be used from the command line, by nominating
 the <code>XMLFilter</code> as the source parser using the <code>-x</code> option on the command line.</li>
      </ul>

      <p>The <code>-x</code> option on the Saxon command line specifies the parser that Saxon will
use to process the source files. This class must implement the SAX2 XMLReader interface, but it
is not required to be a real XML parser; it can take the input from any kind of source file,
so long as it presents it in the form of a stream of SAX events. When using the JAXP API, the
equivalent to the <code>-x</code> option is to call <code>transformerFactory.setAttribute(
net.sf.saxon.lib.FeatureKeys.SOURCE_PARSER_CLASS, 'com.example.package.Parser')</code></p>
   </page>

   <page xml:id="XInclude">
      <title>XInclude processing</title>

      <p>If you are using Xerces as your XML parser, you can have Xerces expand any XInclude
directives.</p>

      <p>The <code>-xi</code> option on the command line causes XInclude processing to be applied to all input
XML documents. This includes source documents, stylesheets, and schema documents listed on the command line, and
also those loaded indirectly for example by calls on the <code>doc()</code> function or by mechanisms such as
<code>xsl:include</code> and <code>xs:include</code>.</p>

      <p>From the Java API, the equivalent is to call <code>setXInclude()</code> on the <code>Configuration</code> object,
or to set the attribute denoted by <code java="net.sf.saxon.lib.FeatureKeys#XINCLUDE">FeatureKeys.XINCLUDE</code> to <code>Boolean.TRUE</code> on the
<code>TransformerFactory</code>.</p>

      <p>XInclude processing can be requested at a per-document level by creating an <code java="net.sf.saxon.lib.AugmentedSource">AugmentedSource</code> and calling
its <code>setXIncludeAware()</code> method. The corresponding method is also recognized on Saxon's implementation of the
JAXP <code>DocumentBuilderFactory</code>. When the <code>doc()</code> or <code>document()</code> or <code>collection()</code>
function is called from an XPath expression, XInclude processing can be enabled by including <code>xinclude=yes</code>
among the query parameters in the URI.</p>

      <p>It is also possible to switch on XInclude processing (for all documents) by setting the system property:</p>
      <example><![CDATA[
-Dorg.apache.xerces.xni.parser.XMLParserConfiguration=
    org.apache.xerces.parsers.XIncludeParserConfiguration
]]></example>

      <p>An alternative approach is to incorporate an XInclude processor as a SAX filter in the input pipeline.
You can find a suitable SAX filter at <a href="http://xincluder.sourceforge.net/">http://xincluder.sourceforge.net/</a>, and
you can incorporate it into your application as described at <xref page="input-filters">Writing Input Filters</xref>.</p>

      <p>On the .NET platform, there is a customized <code>XmlReader</code> that performs XInclude processing available at
<a href="http://www.xmlmvp.org/xinclude/index.html">http://www.xmlmvp.org/xinclude/index.html</a>. You can supply 
this as an argument to the method <code>Build(XmlReader parser)</code> in the <code>DocumentBuilder</code> class
of the .NET Saxon API.</p>

      <p>For further information on using XInclude, see 
<a href="http://www.sagehill.net/docbookxsl/Xinclude.html">http://www.sagehill.net/docbookxsl/Xinclude.html</a></p>
   </page>

   <page xml:id="xml11">
      <title>Saxon and XML 1.1</title>

      <p>XML 1.1 (with XML Namespaces 1.1) extends XML 1.0 in three ways:</p>
      <ul>
         <li content="para">The set of valid characters is increased</li>
         <li content="para">The set of characters allowed in XML Names is increased</li>
         <li content="para">Namespace undeclarations are permitted.</li>
      </ul>

      <p>Saxon is capable of working with XML 1.1 input documents. If you want to use Saxon with XML 1.1, you
should set the option "-xmlversion:1.1" on the Saxon command line, or call the method 
<code java="net.sf.saxon.Configuration#setXMLVersion">configuration.setXMLVersion(Configuration.XML11)</code> or, in the case of XSLT,
<code>transformerFactory.setAttribute(FeaturesKeys.XML_VERSION, "1.1")</code></p>

      <p>This configuration setting affects:</p>
      <ul>
         <li content="para">validation of names used in XQuery and XPath expressions, including names of elements, attributes,
functions, variables, and types</li>
         <li content="para">validation of names of constructed elements,
attributes, and processing instructions in XQuery and XSLT</li>
         <li content="para">schema validation of values of type <code>xs:NCName</code>, <code>xs:QName</code>, <code>xs:NOTATION</code>, and <code>xs:ID</code></li>
         <li content="para">the permitted names of stylesheet objects such as keys, templates, decimal-formats, output declarations, 
and output methods</li>
         <li content="para">the characters considered valid in the source of an XQuery query</li>
         <li content="para">the characters considered valid in the result of the functions <code>codepoints-to-string()</code> and <code>unparsed-text()</code></li>
         <li content="para">the characters considered valid in the result of certain Saxon extension functions</li>
         <li content="para">the way in which line endings in XQuery queries are normalized</li>
         <li content="para">the default version used by the serializer (with output method XML)</li>
      </ul>

      <p>Note that if you use the default setting of "1.0", then supplying an XML 1.1 source document as input
may cause undefined errors.</p>

      <p>It is advisable to use an XML parser that supports XML 1.1 when the configuration is set to "1.1", and
an XML parser that does not support XML 1.1 when the configuration is set to "1.0". However, Saxon does
not enforce this.</p>

      <p>You can set the configuration to allow XML 1.1, but still serialize result documents as XML 1.0 by
specifying the output property <code>version="1.0"</code>. In this case Saxon will check while serializing
the document that it conforms to the XML 1.0 constraints (note that this check can be expensive). These checks
are not performed if the configuration default is set to XML 1.0.</p>

      <p>If you want the serializer to output namespace undeclarations, use the output property 
<code>undeclare-namespaces="yes"</code> as well as <code>version="1.1"</code>.</p>
   </page>

   <page xml:id="jaxpsources">
      <title>JAXP Source Types</title>

      <p><i>This section is relevant to the Java platform only.</i></p>

      <p>When a user application invokes Saxon via the Java API, then a source document is supplied as an 
instance of the JAXP <code>Source</code> class. This is true whether invoking an XSLT transformation,
an XQuery query, or a free-standing XPath expression. The <code>Source</code> class
is essentially a marker interface. The <code>Source</code>
that is supplied must be a kind of <code>Source</code> that Saxon recognizes.</p>

      <p>Saxon recognizes the three kinds of <code>Source</code> defined in JAXP: a <code>StreamSource</code>,
a <code>SAXSource</code>, and a <code>DOMSource</code>. </p>
      <box>Note that the Xerces DOM implementation is not thread-safe, even for read-only access. Never use
a <code>DOMSource</code> in several threads concurrently, unless you have checked that the DOM
implementation you are using is thread-safe.</box>

      <p>Saxon also accepts input from an <code>XMLStreamReader</code> (<code>javax.xml.stream.XMLStreamReader</code>), that is
a StAX pull parser as defined in JSR 173. This is achieved by creating an instance of <code java="net.sf.saxon.pull.StaxBridge">net.sf.saxon.pull.StaxBridge</code>,
supplying the <code>XMLStreamReader</code> using the <code>setXMLStreamReader()</code> method, and wrapping the 
<code>StaxBridge</code> object in an instance of <code java="net.sf.saxon.pull.PullSource">net.sf.saxon.pull.PullSource</code>, which implements the JAXP
<code>Source</code> interface and can be used in any Saxon method that expects a <code>Source</code>. Saxon has been validated
with two StAX parsers: the Zephyr parser from Sun (which is supplied as standard with JDK 1.6), and the open-source Woodstox parser
from Tatu Saloranta. In my experience, Woodstox is the more reliable of the two. However, there is no immediate benefit in using
a pull parser to supply Saxon input rather than a push parser; the main use case for using an <code>XMLStreamReader</code> is when
the data is supplied from some source other than parsing of lexical XML.</p>

      <p>Nodes in Saxon's implementation of the XPath data model are represented by the interface
<code java="net.sf.saxon.om.NodeInfo">NodeInfo</code>. A <code>NodeInfo</code> is itself a <code>Source</code>, which means
that any method in the API that requires a source object will accept any implementation of 
<code>NodeInfo</code>. As discussed in the next section, implementations of <code>NodeInfo</code>
are available to wrap DOM, DOM4J, JDOM, or XOM nodes, and in all cases these wrapper objects can be used
wherever a <code>Source</code> is required.</p>

      <p>Saxon also provides a class <code java="net.sf.saxon.lib.AugmentedSource">net.sf.saxon.lib.AugmentedSource</code> which implements the <code>Source</code>
interface. This class encapsulates one of the standard <code>Source</code> objects, and allows additional processing
options to be specified. These options include whitespace handling, schema and DTD validation, XInclude processing,
error handling, choice of XML parser, and choice of Saxon tree model.</p>

      <p>Saxon allows additional <code>Source</code> types to be supported by registering a <code java="net.sf.saxon.lib.SourceResolver">SourceResolver</code>
with the <code java="net.sf.saxon.Configuration">Configuration</code> object. The task of a <code>SourceResolver</code> is to convert a
<code>Source</code> that Saxon does not recognize into a <code>Source</code> that it does recognize.
For example, this may be done by building the document tree in memory and returning the <code java="net.sf.saxon.om.NodeInfo">NodeInfo</code>
object representing the root of the tree.</p>
   </page>

   <page xml:id="thirdparty">
      <title>Third-party Object Models: DOM, JDOM, XOM, and DOM4J</title>

      <p><i>This section is relevant to the Java platform only.</i></p>

      <p>In the case of DOM, all Saxon editions support DOM access "out of the box", and no special
      configuration action is necessary.</p>
     
         <p>Support for JDOM, XOM, and DOM4J is not available "out of the box"
with Saxon-HE, but the source code is open source (in sub-packages of <code>net.sf.saxon.option</code>)
and can be compiled for use with Saxon-HE if required.</p> 
         
      <box>In general, use of a third party tree implementation is much less efficient than using Saxon's
            native <code>TinyTree</code>. These models should only be used if your application
            needs to construct them for other reasons. Transforming a DOM can take up to 10 times longer than transforming the equivalent
      <code>TinyTree</code>.</box>

      <p>In addition, Saxon allows various third-party object models to be used to supply the input to a transformation or query.
Specifically, it supports JDOM, XOM, and DOM4J in addition to DOM. In Saxon 9.2 the support code for these three models
is integrated into the main JAR files for Saxon-PE and Saxon-EE, but (unlike the case of DOM) it is not activated
unless the object model is registered with the <code java="net.sf.saxon.Configuration">Configuration</code>, which can be done either by including it in the
relevant section of the configuration file, or by nominating it using the method <code java="net.sf.saxon.Configuration#registerExternalObjectModel">registerExternalObjectModel()</code>.
</p>

      <p>For DOM input, the source can be supplied by wrapping a <code>DOMSource</code> around the DOM
Document node. For JDOM, XOM, and DOM4J the approach is similar, except that the wrapper classes are supplied
by Saxon itself: they are <code java="net.sf.saxon.option.jdom.DocumentWrapper">net.sf.saxon.option.jdom.DocumentWrapper</code>,
            <code java="net.sf.saxon.option.xom.DocumentWrapper">net.sf.saxon.option.xom.DocumentWrapper</code>, and 
            <code java="net.sf.saxon.option.dom4j.DocumentWrapper">net.sf.saxon.option.dom4j.DocumentWrapper</code>, and 
 respectively. These wrapper classes implement
the Saxon <code java="net.sf.saxon.om.NodeInfo">NodeInfo</code> interface (which means that they also implement <code>Source</code>).</p>

     
      <box>Note that the Xerces DOM implementation is not thread-safe, even for read-only access. Never use
a <code>DOMSource</code> in several threads concurrently, unless you have checked that the DOM
implementation you are using is thread-safe.</box>

      <p>Saxon supports these models by wrapping each DOM, JDOM, XOM, or DOM4J node in a wrapper that implements
the Saxon <code java="net.sf.saxon.om.NodeInfo">NodeInfo</code> interface. When nodes are returned by the XQuery or XPath API, these
wrappers are removed and the original node is returned. Similarly, the wrappers are generally removed when
extension functions expecting a node are called.</p>

      <p>In the case of DOM only, Saxon also supports a wrapping the other way around: an object implementing
the DOM interface may be wrapped around a Saxon <code java="net.sf.saxon.om.NodeInfo">NodeInfo</code>. This is done when Java methods expecting a
DOM Node are called as extension functions, if the <code>NodeInfo</code> is not itself a wrapper for a DOM <code>Node</code>.</p>

      <p>You can also send output to a DOM by using a <code>DOMResult</code>, or to a JDOM tree by
using a <code>JDOMResult</code>, or to a XOM document by using a <code>XOMWriter</code>. 
In such cases it is a good idea to set 
<code>saxon:require-well-formed="yes"</code> on <code>xsl:output</code> to ensure that the
transformation or query result is a well-formed document (for example, that it does not contain
several elements at the top level).</p>
   </page>

   <page xml:id="choosingmodel">
      <title>Choosing a Tree Model</title>

      <p>Saxon provides several implementations of the internal tree data structure (or tree model).
The tree model can be chosen by an option on the command line (-tree:tiny for the tiny tree, -tree:linked
for the linked tree [previously known as the "standard tree"]). There is also a variant of the tiny tree
called a "condensed tiny tree" which saves space (at the expense of build time) by recognizing text nodes and
attribute nodes whose values appear more than once in the input document. 
The tree model can also be selected from the Java API. The default is to use the tiny tree model.
The choice should make no difference to the results of a transformation (except the order
of attributes and namespace declarations) but only affects performance.</p>

      <p><i>The "linked tree" is the only model to support updates, so if you are using XQuery Update
you must choose this model.</i></p>

      <p>Generally speaking, the tiny tree model is both faster to build and faster to navigate.
It also uses less space.</p>

      <p>The tiny tree model gives most benefit when you are processing a large document. It uses
a lot less memory, so it can prevent thrashing when the size of document
is such that the linked tree doesn't fit in real memory. Use the "condensed" variant if you need to save
memory, and if your source data contains many text or attribute nodes with repeated values.</p>

      <p>The linked tree is used internally to represent stylesheet and schema modules because
of the programming convenience it offers: it allows element nodes on the tree to be
represented by custom classes for each kind of element. The linked tree is also needed when
you want to use XQuery Update, because unlike the TinyTree, it is mutable.</p>

      <p><i>If in doubt, stick with the default.</i></p>
   </page>

   <page xml:id="ptree">
      <title>The PTree File Format</title>

      <p>Saxon-PE and Saxon-EE support a file format called the PTree (persistent tree). This is a binary representation of an
 XML document. The PTree file is generally about the same size as the original document (perhaps 10% smaller),
 but it typically loads in about half the time. Storing a document as a PTree can therefore give a useful
 performance improvement when the same source document is used repeatedly as the input to many queries
 or transformations. Another benefit of the PTree is that it retains any type information that is present, 
 which means that the document does not need to be validated against its schema each time it is loaded. (The 
 schema, however, must be loaded whenever the document is loaded.)</p>

      <p>Two commands are available for converting XML documents into PTree files and vice versa. To create
 a PTree, use:</p>
      <command>java  com.saxonica.ptree.PTreeWriter source.xml result.ptree</command>

      <p>The option <code>-strip</code> causes all whitespace-only text nodes to be stripped in the process,
 which will often give a useful saving in space and therefore in loading time.</p>

      <p>To convert a PTree back to an XML document, use:</p>
      <command>java  com.saxonica.ptree.PTreeReader source.ptree result.xml</command>

      <p>It is possible to apply a query or transformation directly to a PTree by specifying the <code>-p</code>
option on the command line for <code>com.saxonica.Transform</code> or <code>com.saxonica.Query</code>.
This option actually causes a different URIResolver, the <code java="com.saxonica.ptree.PTreeURIResolver">PTreeURIResolver</code>, to be used in 
place of the standard URIResolver. The <code>PTreeURIResolver</code> recognizes any URI ending in the
extension <code>.ptree</code> as an identifier for a file in PTree format. This extends to files loaded using the
<code>doc()</code> or <code>document()</code> functions: if the file extension is <code>.ptree</code>, the
file will be assumed to be in PTree format.</p>

      <p>The result of a query or transformation can be serialized as a PTree file by specifying <code>saxon:ptree</code>
as the output method, where the namespace prefix <code>saxon</code> represents the URI
<code>http://saxon.sf.net/</code>.</p>

      <p>The PTree format is designed to allow future Saxon releases to read files created using older releases. The
converse may not always be true: it might sometimes be impossible for release N to read a PTree file created
using release N+1.</p>

      <p>The PTree format does not retain the base URI of the original file: when a PTree is loaded, the base URI is taken
as the URI of that file, not the original XML file. The PTree is a serialization of the XPath data model, so information
that isn't present in the data model will not be present in the PTree: for example, it will have no DTD and no
entity references or CDATA sections.</p>

      <p>References to unparsed entities are not currently retained in a PTree.</p>
   </page>

   <page xml:id="validation">
      <title>Validation of Source Documents</title>

      <p>With Saxon-EE, source documents may be validated against a schema. Not only does this perform a check
that the document is valid, it also adds type information to each element and attribute node in the document to
identify the schema type against which it was validated. It may also expand the source document by adding
default values of elements and attributes.</p>

      <p>If the option <code>-val:strict</code> is specified on the command line for <code>com.saxonica.Query</code>
or <code>com.saxonica.Transform</code>, then the principal source document to the query or transformation
is schema-validated, as is every document loaded using the <code>doc()</code> or <code>document()</code>
function. Saxon will look among all the loaded schemas for an element declaration that matches the outermost
element of the document, and will then check that the document is valid against that element declaration, reporting
a fatal error if it is not. The loaded schemas include schemas imported statically into the query or stylesheet
using <code>import schema</code> or <code>xsl:import-schema</code>, schemas referenced in the
<code>xsi:schemaLocation</code> or <code>xsi:noNamespaceSchemaLocation</code> attributes of the source
document itself, and schemas loaded by the application using the <code>addSchema</code> method of the
<code java="net.sf.saxon.Configuration">Configuration</code> object.</p>

      <p>As an alternative to <code>-val:strict</code>, the option <code>-val:lax</code> may be specified. This validates
the document if and only if an element declaration can be found. If there is no declaration of the outermost
element in any loaded schema, then it is left as an untyped document.</p>

      <p>When invoking transformations or queries from the Java API, the equivalent of the <code>-val:strict</code> option
is to call the method <code>setSchemaValidation(Validation.STRICT)</code> on the <code java="net.sf.saxon.Configuration">Configuration</code>
object. The equivalent of <code>-val:lax</code> is <code>setSchemaValidation(Validation.LAX)</code>.</p>

      <p>When documents are built using the <code java="net.sf.saxon.s9api.DocumentBuilder">DocumentBuilder</code> in the s9api interface, or in the Saxon.Api
interface on .NET, validation may be controlled by setting the appropriate options on the <code>DocumentBuilder</code>.</p>

      <p>On Java interfaces that expect a JAXP <code>Source</code> object it is possible to request validation by supplying
an <code java="net.sf.saxon.lib.AugmentedSource">AugmentedSource</code>. This consists of a <code>Source</code> and a set of options, including
validation options; since <code>AugmentedSource</code> implements the JAXP <code>Source</code> interface
it is possible to use it anywhere that a <code>Source</code> is expected, including as the object returned by
a user-written <code>URIResolver</code>.</p>

      <p>Saxon's standard <code>URIResolver</code> uses this technique if it has been enabled 
(for example by using <code>-p</code> on the command line). With this option,
any URI containing the query parameter <code>?val=strict</code> (for example, <code>doc('source.xml?val=strict')</code>)
causes strict validation to be requested
for that document, while <code>?val=lax</code> requests lax validation, 
and <code>?val=strip</code> requests no validation.</p>
   </page>

   <page xml:id="whitespace">
      <title>Whitespace Stripping in Source Documents</title>

      <p>A number of factors combine to determine whether whitespace-only text nodes in the source document
are visible to the user-written XSLT or XQuery code.</p>

      <p>By default, if there is a DTD or schema, then <i>ignorable whitespace</i> is stripped from any source
document loaded from a <code>StreamSource</code> or <code>SAXSource</code>. Ignorable whitespace is defined
as the whitespace that appears separating the child elements in element declared to have element-only content.
This whitespace is removed regardless of any <code>xml:space</code> attributes in the source document.</p>

      <p>It is possible to change this default behavior in several ways.</p>
      <ul>
         <li content="para">From the Transform or Query command line, options are available: <code>-strip:all</code> strips all whitespace text nodes,
<code>-strip:none</code> strips no whitespace text nodes, and <code>-strip:ignorable</code> strips ignorable whitespace text nodes only
 (this is the default).</li>
         <li content="para">If the <code>-p</code> option is used on the command line, then query parameters are recognized in the URI passed to 
the <code>document()</code> or <code>doc()</code> function. The parameter <code>strip-space=yes</code> strips
all whitespace text nodes, <code>strip-space=no</code> strips
no whitespace text nodes, and <code>strip-space=ignorable</code> strips
ignorable whitespace text nodes only. This overrides anything specified on the command line.</li>
         <li content="para">Options corresponding to the above can also be set on the <code>TransformerFactory</code> object or on the
<code java="net.sf.saxon.Configuration">Configuration</code>. These settings are global.</li>
      </ul>

      <p>Whitespace stripping that is specified in any of the above ways does not occur only if the source document is 
parsed under Saxon's control: that is, if it supplied as a JAXP <code>StreamSource</code> or <code>SAXSource</code>. It also applies where
      the input is supplied in the form of a tree (for example, a DOM). In this case Saxon wraps the supplied tree in a virtual tree that provides a view of
      the original tree with whitespace text nodes omitted.</p>

      <p>This whitespace stripping is additional (and prior) to any stripping carried out as a result of the
<code>xsl:strip-space</code> declaration in the stylesheet.</p>
   </page>

   <page xml:id="streaming" size="1.2">
      <title>Streaming of Large Documents</title>
         
      <p>Sometimes source documents are too large to hold in memory. Saxon-EE provides a range of facilities for
      processing such documents in <i>streaming mode</i>: that is, processing data as it is read by the XML parser, without
      building a complete tree representation of the document in memory.</p>

      <p>Some of these facilities implement new features in the draft XSLT 3.0 standard (also known as XSLT 2.1). Some
      are specific to Saxon, and a few facilities are also available in XQuery.</p>
         
      <p>Inevitably there are things that cannot be done in streaming mode - sorting is an obvious example. Sometimes,
      achieving a streaming transformation means rethinking the design of how it works - for example, splitting it into
      multiple phases. So streaming is rarely a case of simply taking your existing code and setting a simple switch
      to request streamed implementation.</p>

      <p>There are basically two ways of doing streaming in Saxon:</p>
         
      <ul>
            <li><p><xref subpage="burst-mode-streaming">Burst-mode streaming</xref>: with this approach, the transformation of a large file is broken
            up into a sequence of transformations of small pieces of the file. Each piece in turn is read from the input,
            turned into a small tree in memory, transformed, and written to the output file.</p>
            <p>This approach works well for files that are fairly flat in structure, for example a log file holding
            millions of log records, where the processing of each log record is independent of the ones that went before.</p>
            <p>A variant of this technique uses the new XSLT 3.0 <code>xsl:iterate</code> instruction to iterate
            over the records, in place of <code>xsl:for-each</code>. This allows working data to be maintained as
            the records are processed: this makes it possible, for example, to output totals or averages at the end of the run,
            or to make the processing of one record dependent on what came before it in the file. The <code>xsl:iterate</code>
            instruction also allows early exit from the loop, which makes it possible for a transformation to process data
            from the beginning of a large file without actually reading the whole file.</p>
            <p>Burst-mode streaming is available in both XSLT and XQuery, but there is no equivalent in XQuery to the
            <code>xsl:iterate</code> construct.</p></li>
            
            <li><p><xref subpage="streaming-templates">Streaming templates</xref>: this approach follows the traditional XSLT processing pattern of performing
                  a recursive descent of the input XML hierarchy by matching template rules to the nodes at each level, but
                  does so one element at a time, without building the tree in memory.</p>
                  <p>Every template belongs to a <code>mode</code> (perhaps the default, unnamed mode), and streaming is a 
                  property of the mode that can be specified using the new <code>xsl:mode</code> declaration. If the mode
                  is declared to be streamable, then every template rule within that mode must obey the rules for
                  streamable processing.</p>
                  <p>The rules for what is allowed in streamed processing are quite complicated, but the essential principle
                  is that the template rule for a given node can only read the descendants of that node once, in order.
                  There are further rules imposed by limitations in the current Saxon implementation: for example, although
                  grouping using <code>&lt;xsl:for-each-group group-adjacent="xxx"&gt;</code> is theoretically consistent
                  with a streamed implementation, it is not currently implemented in Saxon.</p>
                  <p>The streamed template mechanism applies to XSLT only.</p></li>
      </ul>
         
      <p>Both these facilities are available in Saxon-EE only. Streamed templates also require XSLT 3.0 to be enabled by setting
      the relevant configuration parameters or command line options.</p>            

      <subpageindex/>

      <subpage xml:id="burst-mode-streaming">
         <title>Burst-mode streaming</title>
            
         <p>The <code>saxon:stream</code> extension function enables burst-mode streaming by reading a source document and delivering
         a sequence of element nodes representing selected elements within that document. For example:</p>

         <example><![CDATA[saxon:stream(doc('employees.xml')/*/employee)]]></example>
            
         <p>This example returns a sequence of <code>employee</code> elements. These elements are parentless, so it is not
         possible to navigate from one employee element to others in the file; in fact, only one of them actually exists in memory
         at any one time.</p>
            
         <p>The function <code>saxon:stream</code> may be regarded as a pseudo-function. Conceptually, it takes the set of nodes
               supplied in its argument, and makes a deep copy of each one (the copy operation is needed to make the
               <code>employee</code> elements parentless). The resulting sequence of nodes will usually be processed by
               an instruction such as <code>xsl:for-each</code> or <code>xsl:iterate</code>, or by a FLWOR expression in XQuery,
               which handles the nodes one at a time. The actual implementation of <code>saxon:stream</code>, however, is
               rather different, in that it changes the way in which its argument is evaluated: instead of the <code>doc()</code>
               function building a tree in the normal way, the path expression <code>doc('employees.xml')/*/employee)</code>
               is evaluated in streamed mode - which means that it must conform to a subset of the XPath syntax which Saxon
               can evaluate in streamed mode. For details of this subset, see <xref subpage="streamable-xpath"/></p>

            <p>The facility should not be used if the source document is read more than once in the course
                  of the query/transformation. There are two reasons for this: firstly, performance will be better in this case if the
                  document is read into memory; and secondly, when this optimization is used, there is no guarantee that the
                  <code>doc()</code> function will be stable, that is, that it will return the same results when called
                  repeatedly with the same URI.</p>

            <p>If the path expression cannot be evaluated in streaming mode, execution does not fail; rather it is evaluated
                  with an unoptimized copy-of instruction. This will give the same results provided enough memory is available for
                  this mode of evaluation. To check whether streamed processing is actually being used, set the -t option from the
            command line or the <code>FeatureKeys.TIMING</code> option from the configuration API; the output will indicate whether
            a particular source document has been processed by building a tree, or by streaming.</p>

         <p>In XSLT an alternative way of invoking the facility is by using an <code>&lt;xsl:copy-of&gt;</code>
instruction with the special attribute <code>saxon:read-once="yes"</code>. Typically the <code>xsl:copy-of</code>
         instruction will form the body of a stylesheet function, which can then be called in the same way
         as <code>saxon:stream</code> to deliver the stream of records. This approach has the advantage that the
         code is portable to other XSLT processors (<code>saxon:read-once="yes"</code> is an extension attribute,
         a processing hint that other XSLT processors are required to ignore.)</p>
            
         <p>In XQuery the same effect can
be achieved using a pragma <code>(# saxon:read-once #)</code>. Again, processors other than Saxon are required to ignore this
pragma.</p>
            
         <subtitle>Example: selective copying</subtitle>   

         <p>A very simple way of using this technique is when making a selective copy of parts of a document. 
For example, the following code
creates an output document containing all the <code>footnote</code> elements from the source document
that have the attribute <code>@type='endnote'</code>:</p>

         <p><b>XSLT example</b></p>
         <example><![CDATA[
<xsl:template name="main">
  <footnotes>
    <xsl:sequence select="saxon:stream(doc('thesis.xml')//footnote[@type='endnote'])"
                  xmlns:saxon="http://saxon.sf.net/"/>
  </footnotes>
</xsl:template>
]]></example>

         <p><b>XQuery example</b></p>
         <example><![CDATA[
  <footnotes>{
     saxon:stream(doc('thesis.xml')//footnote[@type='endnote']) 
  }</footnotes>
  ]]></example>
            
            <subtitle>XSLT example using xsl:copy-of</subtitle>

         <p>To allow code to be written in a way that will still work with processors other than Saxon,
the facility can also be invoked using extension attributes in XSLT. Using this
syntax, the previous example can be written as:</p>

         <p><b>XSLT example</b></p>
         <example><![CDATA[
<xsl:template name="main">
  <footnotes>
    <xsl:copy-of select="doc('thesis.xml')//footnote[@type='endnote']"
                   saxon:read-once="yes" xmlns:saxon="http://saxon.sf.net/"/>
  </footnotes>
</xsl:template>
]]></example>

         <subtitle>XQuery example using the saxon:stream pragma</subtitle>
            
         <p>In XQuery the pragma <code>saxon:stream</code> is available as an alternative to the
         function of the same name, allowing the code to be kept portable. The above example can
         be written:</p>   
         <example><![CDATA[
  <footnotes>{
    (# saxon:stream #) {
       doc('thesis.xml')//footnote[@type='endnote']
    }   
  }</footnotes>
]]></example>

         <p>Note the restrictions below on the kind of predicate that may be used.</p>
      </subpage>

      <subpage xml:id="furtherprocessing">
         <title>Processing the nodes returned by saxon:stream()</title>

         <p>The nodes selected by the streamed expression may be further processed. For example:</p>

         <p><b>XSLT example</b></p>
         <example><![CDATA[

<xsl:template name="main">
  <xsl:apply-templates select="saxon:stream(doc('customers.xml')/*/customer)"
                       xmlns:saxon="http://saxon.sf.net/"/>
</xsl:template>

<xsl:template match="customer">
  <xsl:value-of select="code, name, location" separator="|"/>
  <xsl:text>&#xa;</xsl:text>
</xsl:template>
]]></example>

         <p><b>XQuery example</b></p>
         <example><![CDATA[
declare function f:customers() {
   saxon:stream(doc('customers.xml')/*/customer)
};

for $c in f:customers() 
return concat(string-join(($c/code, $c/name, $c/location), '|'), '&#xa;')

]]></example>

         <p>Conceptually, <code>saxon:stream()</code> evaluates the sequence supplied in its
first argument as a sequence of nodes, and then makes copies of these nodes as described
in the rules of the <code>xsl:copy-of</code> instruction. The significance of the (notional) copy operation
is that the returned nodes have no ancestors or siblings; each is the root of its own tree.</p>

         <p>The document that is processed in streaming mode must be read
using the <code>doc()</code> function (or in XSLT, the <code>document()</code>
function). The query or stylesheet may also process other documents (for example
a document named on the command line) but this is not necessary. In XSLT it is often
useful to activate the stylesheet at a named template using the <code>-it</code>
option on the command line, which allows activation without a primary
input document.</p>

         <p>When streaming copy is used, the relevant calls on the <code>doc()</code> or <code>document()</code>
functions are not <i>stable</i>: that is, there is no guarantee that if the same document is read more
than once, its contents will be unchanged. This is because the whole point of the facility is to ensure
that Saxon does not need to keep the content of the document in memory. This limitation explains the
choice of the keyword <code>read-once</code>: the facility should not be used to process a document if
it needs to be read more than once during the query or transformation.</p>
      </subpage>

      <subpage xml:id="partialreading">
         <title>Reading source documents partially</title>

         <p>As well as allowing a source document to be processed in a single sequential pass, the streaming
facility in many cases allows the source document to be read only partially. For example, the following query
will return true as soon as it finds a transaction with a negative value, and will then immediately stop processing
the input file:</p>
         <example><![CDATA[
some $t in saxon:stream(doc('big-transaction-file.xml')//transaction)
satisfies number($t/@value) lt 0
]]></example>

         <p>This facility is particularly useful for extracting data that appears near the start of a large file. It does mean,
however, that well-formedness or validity errors appearing later in the file will not necessarily be detected.</p>
      </subpage>

      <subpage xml:id="streamable-xpath">
         <title>Streamable path expressions</title>

         <p>The expression used as an argument to the <code>saxon:stream</code> function must consist of:</p>
            
            <ol>
                  <li><p>A call to the <code>document()</code> or <code>doc()</code> function, followed by</p>               
                  </li>
            <li><p>A streamable pattern</p></li>      
            </ol>
            
        <p>Streamable patterns use a subset of XPath expression corresponding roughly to the rules for match patterns in XSLT
           (the reason for this is that both subsets are designed to make it efficient to test an individual node for membership of
           the selected set of nodes). There are some extensions and some restrictions.</p>

        <ul><li><p>Unlike XSLT match patterns, streamable patterns are not allowed to perform arbitrary navigation within a predicate.
              For example, <code>employee[id = preceding-sibling::employee/id]</code> is not allowed.</p>
              <p>More specifically, the predicate must not be positional (that is, it must not evaluate to a number, and
                    must not call <code>position()</code> or <code>last()</code>),
                    and it must only use downward selection from the context node (the self, child, attribute, descendant, 
                    descendant-or-self, or namespace axes)</p>
        </li>
              <li><p>The streamable pattern that follows <code>doc()/</code> in the argument to <code>saxon:stream</code>
              must be a relative path: unlike XSLT match patterns, it may not start with "/" or "//" or with a call to the
              <code>key()</code> or <code>id()</code> function.</p></li>
             <li><p>Some of the restrictions in XSLT match patterns are relaxed, however: for example, the descendant axis can
             be used.</p></li>
         </ul>     
   

         

        
      </subpage>

      <subpage xml:id="burst-mode-implementation">
         <title>How burst-mode streaming works</title>

         <p>Where necessary, the implementation of burst-mode streaming will use multithreading. One thread (which operates as a push pipeline)
is used to read the source document and filter out the nodes selected by the path expression. The nodes are then
handed over to the main processing thread, which iterates over the selected nodes using an XPath pull pipeline.
Because multithreading is used, this facility is not used when tracing is enabled. It should also be disabled
when using a debugger (there is a method in the Configuration object to achieve this.)</p>

         <p>In cases where the entire stylesheet or query can be evaluated in "push" mode (as in the first example above), 
there is no need for multithreading: the selected nodes are written directly to the current output destination.</p>

         <p>Note that a tree is built for each selected node, and its subtree. Trees are also built for all nodes selected
by the path expression, whether or not the satisfy the filter (if they do not satisfy the filter, they will
be immediately discarded from memory). The saving in memory comes when these nodes
are processed one at a time, because each subtree can then be discarded as soon as it has been processed. There
is no benefit if the stylesheet needs to perform non-serial processing, such as sorting. There is also no benefit
if the path expression selects a node that contains most or all of the source document, for example its outermost
element.</p>

         <p>Saxon can handle expressions that select nested nodes, for example <code>//section</code> where one section
contains another. However, the need to deliver nodes in document order makes the pipeline somewhat turbulent
in such cases, increasing memory usage.</p>

         <p>Streamed processing in this way is not actually faster than conventional processing (in fact, when multithreading
is required,
it may only run at half the speed). Its big advantage is that it saves memory, thus making it possible to 
process documents that would otherwise be too large for XSLT to handle. There may also be environments
where the multithreading enables greater use of the processor capacity available. 
To run without this optimization,
either change the <code>xsl:copy-of</code> instruction to <code>xsl:sequence</code>,
or set <code>saxon:read-once</code> to "no".</p>
      </subpage>

      <subpage xml:id="streamwithiterate" size="1.3">
         <title>Using saxon:stream() with saxon:iterate</title>

         <p>In the examples given above, <code>saxon:stream()</code> is used to select a sequence of element nodes
from the source document, and each of these nodes is then processed independently. In cases where the processing
of one node depends in some way on previous nodes, it is possible to use <code>saxon:stream()</code> in 
conjunction with the <code>saxon:iterate</code> extension element in XSLT.  
(For details see <xref section="extensions" page="instructions" subpage="iterate">saxon:iterate</xref>.)</p>

         <p>The following example takes a sequence of <code>&lt;transaction&gt;</code> elements in an input document, each one containing
the value of a debit or credit from an account. As output it copies the transaction elements, adding a current balance.</p>
         <example><![CDATA[
      <saxon:iterate select="saxon:stream(doc('transactions.xml')/account/transaction)">
        <xsl:param name="balance" as="xs:decimal" select="0.00"/>
        <xsl:variable name="new-balance" as="xs:decimal" select="$balance + xs:decimal(@value)"/>
        <transaction balance="{$new-balance}">
           <xsl:copy-of select="@*"/>
        </transaction>
        <saxon:continue>
          <xsl:with-param name="balance" select="$new-balance"/>
        </saxon:continue>
      </saxon:iterate>
]]></example>

         <p>The following example is similar: this time it copies the account number (contained in a separate element
at the start of the file) into each transaction element:</p>
         <example><![CDATA[
      <saxon:iterate select="saxon:stream(doc('transactions.xml')/account/(account-number|transaction))">
        <xsl:param name="accountNr"/>
        <xsl:choose>
           <xsl:when test="self::account-number">
             <saxon:continue>
                <xsl:with-param name="accountNr" select="string(.)"/>
             </saxon:continue>
           </xsl:when>
           <xsl:otherwise>
             <transaction account-number="{$accountNr}">
               <xsl:copy-of select="@*"/>
             </transaction>
           </xsl:otherwise>
        </xsl:choose>
      </saxon:iterate>
]]></example>

         <p>Here is a more complex example, one that groups adjacent transaction elements having the same
date attribute. The two loop parameters are the current grouping key and the current date. The contents
of a group are accumulated in a variable until the date changes.</p>
         <example><![CDATA[
      <saxon:iterate select="saxon:stream(doc('transactions.xml')/account/transaction)">
      <xsl:param name="group" as="element(transaction)*" select="()"/>
      <xsl:param name="currentDate" as="xs:date?" select="()"/>
        <xsl:choose>
          <xsl:when test="xs:date(@date) eq $currentDate or empty($group)">
            <saxon:continue>
              <xsl:with-param name="currentDate" select="@date"/>
              <xsl:with-param name="group" select="($group, .)"/>
            </saxon:continue>
          </xsl:when>
          <xsl:otherwise>
            <daily-transactions date="{$currentDate}">
              <xsl:copy-of select="$group"/>
            </daily-transactions>
            <saxon:continue>
              <xsl:with-param name="group" select="."/>
              <xsl:with-param name="currentDate" select="@date"/>
            </saxon:continue>            
          </xsl:otherwise>
        </xsl:choose>
        <saxon:finally>
          <final-daily-transactions date="{$currentDate}">
            <xsl:copy-of select="$group"/>
          </final-daily-transactions>
        </saxon:finally>        
      </saxon:iterate>
]]></example>

         <p>Note that when a <code>saxon:iterate</code> loop is terminated using <code>saxon:break</code>,
parsing of the source document will be abandoned. This provides a convenient way to read data near the start
of a large file without incurring the cost of reading the entire file.</p>
      </subpage>

      <subpage xml:id="streaming-templates">
         <title>Streaming Templates</title>

         <p>Streaming templates allow a document to be processed hierarchically in the classical XSLT style, applying
template rules to each element (or other nodes) in a top-down manner, while scanning the source document in a pure
streaming fashion, without building the source tree in memory. Saxon-EE allows
streamed processing of a document using template rules, provided the templates conform to a set of strict guidelines.
         The facility was introduced in a very simple form in Saxon 9.2, and is greatly enhanced in Saxon 9.3.</p>

         <p>Streaming is a property of a <b>mode</b>; a mode can be declared to be streamable, and if it is so declared, then
all template rules using that mode must obey the rules for streamability. A mode is declared to be streamable using
the top-level stylesheet declaration:</p>
         <command>&lt;xsl:mode name="s" streamable="yes"/&gt;</command>

         <p>The <code>name</code> attribute is optional; if omitted, the declaration applies to the default (unnamed) mode.</p>

         <p>Streamed processing of a source document can be applied either to the principal source document of the transformation,
or to a secondary source document read using the <code>doc()</code> or <code>document()</code> function.</p>

         <p>To use streaming on the principal source document, the input to the transformation must be supplied in the form of a
<code>StreamSource</code> or <code>SAXSource</code>, and the initial mode selected on entry to the transformation must be
a streamable mode. In this case there must be no references to the context item in the initializer of any global variable.</p>

         <p>Streamed processing of a secondary document is initiated using the instruction:</p>
         <command>&lt;xsl:apply-templates select="doc('abc.xml')" mode="s"/&gt;</command>

         <p>Here the <code>select</code> attribute must contain a simple call on the <code>doc()</code> or <code>document()</code>
function, and the mode (explicit or implicit) must be declared as streamable. The call on <code>doc()</code> or <code>document()</code>
         can be extended with a streamable selection path, for example <code>select="doc('employee.xml')/*/employee"</code></p>

         <p>If a mode is declared as streamable, then it must ONLY be used in streaming mode; it is not possible to apply templates
using a streaming mode if the selected nodes are ordinary non-streamed nodes. </p>

         <p>Every template rule within a streamable mode must follow strict rules to ensure it can be processed in a streaming manner. The
               essence of these rules is:</p>
         <ol>
            <li><p>The match pattern for the template rule must be a simple pattern that can be evaluated
                  when positioned at the start tag of an element, without repositioning the stream (but information about the ancestors
                  of the element and their attribute is available). Examples of acceptable patterns are <code>*</code>, <code>para</code>, or <code>para/*</code></p>
            </li>
            <li><p>
                  The body of the template rule must contain at most one expression or instruction that reads the contents below the matched element
                  (that is, children or descendants),
                  and it must process the contents in document order. This expression or instruction will often be one of the following:</p>
                  <ul>
                        <li><p><code>&lt;xsl:apply-templates/&gt;</code></p></li>
                        <li><p><code>&lt;xsl:value-of select="."/&gt;</code></p></li>
                        <li><p><code>&lt;xsl:copy-of select="."/&gt;</code></p></li>
                        <li><p><code>string(.)</code></p></li>
                        <li><p><code>data(.)</code> (explicitly or implicitly)</p></li>
                  </ul>
                  <p>but this list is not exhaustive. It is possible to process the contents selectively by using a streamable path expression,
                  for example:</p>
                  <ul>
                        <li><p><code>&lt;xsl:apply-templates select="foo"/&gt;</code></p></li>
                        <li><p><code>&lt;xsl:value-of select="a/b/c"/&gt;</code></p></li>
                        <li><p><code>&lt;xsl:copy-of select="x/y"/&gt;</code></p></li>
                  </ul>
                  <p>but this effectively means that the content not selected by this path is skipped entirely; the transformation ignores it.</p>
                  <p>The template can access attributes of the context item without restriction, as well as properties such as its <code>name()</code>,
                        <code>local-name()</code>, and <code>base-uri()</code>. It can also access the ancestors of the context item, the attributes
                        of the ancestors, and properties such as the name of an ancestor; but having navigated to an ancestor, it cannot then navigate
                        downwards or sideways, since the siblings and the other descendants of the ancestor are not available while streaming.</p>
                  <p>The restriction that only one downwards access is allowed makes it an error to use an expression such as
                        <code>price - discount</code> in a streamable template. This problem can often be circumvented by making a copy of the context
                        item. This can be done using an <code>xsl:variable</code> containing an <code>xsl:copy-of</code> instruction, or for convenience
                        it can also be done using the <code>copy-of()</code> function: for example <code>&lt;xsl:value-of select="copy-of(.)/(price - discount)"/&gt;</code>.
                        Taking a copy of the context node requires memory, of course, and should be avoided unless the contents of the node are small.</p>
            </li></ol>
            
            <p>The following rules gives further advice on what is allowed and disallowed within the body of a streaming template.</p>
            
            <subtitle>Non-context-sensitive instructions</subtitle>
            
            <p>Instructions and expressions that do not access the context node are allowed without restriction.</p>

            <p>This includes:</p>
            
            <ul><li><p>Instructions that create new nodes, for example
            literal result elements, <code>xsl:element</code> and <code>xsl:attribute</code>
            are allowed without restriction.</p></li>
            <li><p>Instructions that declare variables, including temporary trees, if the value of the variable
            does not depend on the context.</p></li>
            <li><p>Instructions that process documents other than the streamed document, for example by calling the
            <code>doc()</code> or <code>document()</code> functions. Provided such processing is not streamed, the full
            capabilities of the XSLT language can be used.</p></li>      
            </ul>
            
            <subtitle>Access to attributes and ancestors</subtitle>
            
            <p>Access to attributes: there are no restrictions on accessing attributes of the
            context node, or attributes of its ancestors.</p>
            
            <p>Properties of the context node: there are no restrictions on using functions
                  such as <code>name()</code>, <code>node-name()</code>, or <code>base-uri()</code>
                  to access properties of the context node, or properties of its ancestors, its attributes,
                  or attributes of its ancestors.
               It is also possible to use the <code>is</code> operator to test the identity
            of the node, the <code>&lt;&lt;</code> and <code>&gt;&gt;</code> operators to test its
            position in document order, or the <code>instance of</code> operator to test its type.
            For attribute nodes it is possible to use (explicitly or implicitly) the <code>string()</code>
            function to get its string value and the <code>data()</code> function to get its typed value.</p>
            
            <p>It is not possible to perform navigation from the attributes of the node or from its ancestors, only
            to access the values of attributes and properties such as the name of the node.</p>
            
            <p>It is not possible to bind a variable (or pass a parameter, or return a result) to
            a node in the streamed document, because Saxon does not currently include the logic to analyse
            that the way in which the variable is subsequently used is consistent with streaming.</p>
            
            <subtitle>Conditional instructions</subtitle>
            
            <p>This includes <code>xsl:if</code>, <code>xsl:choose</code>, and the XPath <code>if</code> expression.
            All of these are regarded as special cases of a construct of the form <code>if (condition-1) then action-1 else
            if (condition-2) then action2 else ...</code></p>
            
            <p>The rule is that the conditional must fit one of the following descriptions:</p>
            
            <ul>
                  <li><p>The first condition makes a downward selection, in which case none of the actions and none of the subsequent conditions
                  may make a downward selection</p></li>
                  <li><p>The first condition makes no downward selection, in which case each of the actions is allowed to make a downward 
                        selection (but subsequent conditions must not do so).</p></li>
            </ul>
            
            <p>So examples of permitted conditionals are:</p>
            
            <ul>
                  <li><p><code>if (@a = 3) then b else c</code></p></li>
                  <li><p><code>if (a = 3) then @b else @c</code></p></li>
            </ul>
            
            <p>while the following are not permitted:</p>
            
            <ul>
                  <li><p><code>if (a = 3) then b else c</code></p></li>
                  <li><p><code><![CDATA[
<xsl:choose>
   <xsl:when test="a=3">foo</xsl:when>
   <xsl:when test="a=4">bar</xsl:when>
</xsl:choose>]]></code></p></li>
            </ul>

            <subtitle>Looping instructions</subtitle>
            
            <p>This applies primarily to <code>xsl:for-each</code> and <code>xsl:iterate</code>. In addition,
            an XPath expression <code>for $x in SEQ return E</code> is translated to an equivalent <code>xsl:for-each</code>
            instruction, provided that <code>E</code> does not depend on the context item, position, or size.</p>
            
            <p>The common case is where the <code>select</code> expression and the loop body each make a downward selection,
            for example:</p>
            
            <example><![CDATA[
<xsl:for-each select="employee">
  <salary><xsl:value-of select="salary"/></salary>
</xsl:for-each>]]></example>
            
            <p>The body of the loop may only make a single downwards selection of this kind.</p>
            
            <p>No sorting is allowed.</p>
            
            <p>If the <code>select</code> expression does not make a downward selection, then the loop body must not perform any navigation
            from the context node. This is because the same navigation would have to take place more than once, which is inconsistent with streaming.</p>

            <p>Saxon handles the case where some reordering of the output is required. This arises when the <code>select</code> expression uses the 
            descandant axis, for example:</p>
            
            <example><![CDATA[
<xsl:for-each select=".//section">
  <size><xsl:value-of select="string-length(.)"/></size>
</xsl:for-each>]]></example>
            
            <p>In this example, given nested sections, the downward selections for each section needed to evaluate <code>string-length()</code>
            overlap with each other, and the string-length of section 2.1 (say) must be output before that of its children (sections 2.1.1 and 2.1.2, say),
            even though the computation for the children completes earlier. Saxon achieves this by buffering output results where necessary to achieve
            the correct ordering.</p>
            
            <p>It is of course quite permissible to call <code>xsl:apply-templates</code> within the body of the <code>xsl:for-each</code>; this will count
            as the one permitted downward selection.</p>
            
            <p>It is permitted to call <code>position()</code> within the loop, but not <code>last()</code>.</p>
            
            <subtitle>Sorting, grouping and numbering</subtitle>
            
            <p>Sorting (<code>xsl:sort</code>), grouping (<code>xsl:for-each-group</code>), and numbering (<code>xsl:number</code>) are not supported in streaming mode.</p>
  
      </subpage>
   </page>

   <page xml:id="projection">
      <title>Document Projection</title>

      <p>Document Projection is a mechanism that analyzes a query to determine what parts of a document it
can potentially access, and then while building a tree to represent the document, leaves out those parts
of the tree that cannot make any difference to the result of the query.</p>

      <p><i>Document projection is available only in Saxon-EE</i></p>

      <p>Document projection can be enabled as an option on the XQuery command line interface: set
<code>-projection:on</code>. It is only used if requested. The command line option affects both the primary
source document supplied on the command line, and any calls on the <code>doc()</code> function within the body of the
query that use a literal string argument for the document URI.</p>

      <p>For feedback on the impact of document projection in terms of reducing the size of the source document in memory,
use the <code>-t</code> option on the command line, which shows for each document loaded how many nodes from the input
document were retained and how many discarded.</p>

      <p>From the s9api API, document projection can be invoked as an option on the <code>DocumentBuilder</code>. The call
<code>setDocumentProjectionQuery()</code> supplies as its argument a compiled query (an <code>XQueryExecutable</code>),
and the document built by the document builder is then projected to retain only the parts of the document that are
accessed by this query, when it operates on this document as the initial context item. For example, if the supplied
query is <code>count(//ITEM)</code>, then only the <code>ITEM</code> elements will be retained.</p>

      <p>It is also possible to request that a query should perform document projection on documents that it reads using the
<code>doc()</code> function, provided this has a string-literal argument. This can be requested using the option 
<code>setAllowDocumentProjection(true)</code> on the <code>XQueryExpression</code> object. This is not available
directly in the s9api interface, but the <code>XQueryExpression</code> is reachable from the <code>XQueryExecutable</code>
using the accessor method <code>getUnderlyingCompiledQuery()</code>.</p>
      <box>It is best to avoid
supplying a query that actually returns nodes from the document supplied as the context item, since the analysis cannot
know what the invoker of the query will want to do with these nodes. For example, the query <code>&lt;out&gt;{//ITEM}&lt;/out&gt;</code>
works better than <code>//ITEM</code>, since it is clear that all descendants of the <code>ITEM</code> elements must be retained, but
not their ancestors. If the supplied query selects nodes from the input document, then Saxon assumes that the application will
need access to the entire subtree rooted at these nodes, but that it will not attempt to navigate upwards or outwards from these
nodes. On the other hand, nodes that are atomized (for example in a filter) will be retained without their
descendants, except as needed to compute the filter.</box>

      <p>The more complex the query, the less likely it is that Saxon will be able to analyze it to determine the subset of
the document required. If precise analysis is not possible, document projection has no effect. Currently Saxon makes
no attempt to analyze accesses made within user-defined functions. Also, of course, Saxon cannot analyze the expectations
of external (Java) functions called from the query.</p>

      <p>Currently document projection is supported only for XQuery, and it works only when a document is parsed and loaded
for the purpose of executing a single query. It is possible, however, to use the mechanism to create
a manual filter for source documents if the required subset of the document is known. To achieve this, create
a query that selects the required parts of the document supplied as the context item, 
and compile it to a s9api <code>XQueryExecutable</code>. The query
does not have to do anything useful: the only requirement is that the result of the query on the subset document must be the
same as the result on the original document.  Then supply this <code>XQueryExecutable</code> to the s9api <code>DocumentBuilder</code>
used to build the document.</p>

      <p>Of course, when document projection is used manually like this then it entirely a user responsibility
to ensure that the selected part of the document contains all the nodes required.</p>
   </page>
</section>