<?xml version="1.0" encoding="UTF-8"?>
<section xml:id="sql-extension">
   <title>The Saxon SQL Extension</title>

   <page xml:id="intro">
      <title>Introduction</title>

      <p>The Saxon distribution includes a set of extension elements providing access to
SQL databases. These are not intended as being necessarily a production-quality piece
of software (there are many limitations in the design), but more as an illustration of
how extension elements can be used to enhance the capability of the processor.</p>

      <p>To use the SQL extension elements in a stylesheet, you need to define a namespace prefix
(for example "sql") in the extension-element-prefixes attribute of the xsl:stylesheet element,
and to map this prefix to a namespace URI, conventionally <code>http://saxon.sf.net/sql</code>.
This namespace must be bound in the Configuration to the class <code>net.sf.saxon.option.sql.SQLElementFactory</code>.
This binding can be done either by calling <code java="net.sf.saxon.Configuration#setExtensionElementNamespace">Configuration.setExtensionElementNamespace()</code>,
or by means of an entry in the <xref section="configuration" page="configuration-file">configuration file</xref>.</p>

      <p><i>This changed in Saxon 9.2. In Saxon 9.1 and earlier releases it was necessary to use a namespace 
  ending in "/net.sf.saxon.sql.SQLElementFactory". It is still possible to use the same namespace, but it must
now be bound explicitly.</i></p>

      <p>This extension defines seven new stylesheet elements: <code>sql:connect</code>, <code>sql:query</code>, 
<code>sql:insert</code>, <code>sql:column</code>, <code>sql:update</code>, <code>sql:delete</code>,
and <code>sql:close</code>, described in the following sections.</p>

      <p><i>Note: this extension is not available on the .NET platform.</i></p>
   </page>

   <page xml:id="connect">
      <title>sql:connect</title>

      <p><code>sql:connect</code> creates a database connection. It has attributes <code>driver</code>,
 <code>database</code>, <code>user</code>, <code>password</code>, and <code>auto-commit</code>
all of which are attribute value templates (so the values can be passed in as parameters).</p>

      <p>The <code>driver</code> attribute names the JDBC driver class to be used. The
database name must be a name that JDBC can associate with an actual database.</p>

      <p>The <code>auto-commit</code> attribute, if present, should take the value "yes" or "no". This
causes a call of <code>connection.setAutoCommit()</code> on the underlying JDBC connection.</p>

      <p>The <code>sql:connect</code> instruction returns a database connection as a value, specifically
a value of type "external object", which can be referred to using the type 
<code>java:java.sql.Connection</code>. Typically
the value will be assigned to a variable using the construct:</p>
      <example><![CDATA[
<xsl:variable  name="connection" 
               as="java:java.sql.Connection" 
               xmlns:java="http://saxon.sf.net/java-type">
  <sql:connect database="jdbc:odbc:testdb" 
               driver="sun.jdbc.odbc.JdbcOdbcDriver" 
               xsl:extension-element-prefixes="sql"/>
</xsl:variable>
]]></example>

      <p>This can be a global variable or a local variable; if local, it can be passed to other templates
as a parameter in the normal way. The connection is used on instructions such as <code>sql:insert</code>
and <code>sql:query</code> with an attribute such as <code>connection="$connection"</code>; the value
of the <code>connection</code> attribute is an expression that returns a database connection object.</p>
   </page>

   <page xml:id="query">
      <title>sql:query</title>

      <p><code>sql:query</code> performs a query, and writes the results of the query to
the result tree, using elements to represent the rows and columns. If you want to process
the results in the stylesheet, you can write the results to a temporary tree by using
the <code>sql:query</code> instruction as a child of <code>xsl:variable</code>.
The attributes are as follows:</p>
      <table>
         <tr>
            <td content="para">connection</td>
            <td content="para">The database connection.
This is mandatory, the value is an expression, which must evaluate to a database connection
object as returned by <code>sql:connect</code>.</td>
         </tr>
         <tr>
            <td content="para">table</td>
            <td content="para">The table to be queried (the contents of the FROM clause of the select statement).
This is mandatory, the value is an attribute value template.</td>
         </tr>
         <tr>
            <td content="para">column</td>
            <td content="para">The columns to be retrieved (the contents of the SELECT clause of the select statement).
May be "*" to retrieve all columns. This is mandatory, the value is an attribute value template.</td>
         </tr>
         <tr>
            <td content="para">where</td>
            <td content="para">The conditions to be applied (the contents of the WHERE clause of the select statement).
This is optional, if present the value is an attribute value template.</td>
         </tr>
         <tr>
            <td content="para">row-tag</td>
            <td content="para">The element name to be used to contain each row. Must be a simple name (no colon
allowed). Default is "row".</td>
         </tr>
         <tr>
            <td content="para">column-tag</td>
            <td content="para">The element name to be used to contain each column. Must be a simple name (no colon
allowed). Default is "col".</td>
         </tr>
         <tr>
            <td content="para">disable-output-escaping</td>
            <td content="para">Allowed values are "yes" or "no", default is "no". The value "yes" causes the content of all
rows/columns to be output as is, without converting special characters such as "&lt;" to "&amp;lt;".
This is useful where the database contains XML or HTML markup that you want to be copied into the
result document. Use this option with care, however, since it applies to all the columns retrieved, not
only to those that contain XML or HTML. An alternative is to use the 
<xref section="extensions" page="functions" subpage="parse">saxon:parse</xref>
extension function to process the contents of an XML column.</td>
         </tr>
      </table>
   </page>

   <page xml:id="insert">
      <title>sql:insert and sql:column</title>

      <p><code>sql:insert</code> performs an SQL INSERT statement. This causes a row to be added to the table identified
by the <code>table</code> attribute. The <code>table</code> attribute holds the table name as a constant string; it is not
possible to set the name of the table (or of the columns) at run-time.</p>

      <p>There is a mandatory <code>connection</code> attribute, used as in the <code>sql:query</code>
instruction described <xref page="query">above</xref>.</p>

      <p><code>sql:column</code> is used as a child element of <code>sql:insert</code>, and identifies the name and value of a column
to be included in the INSERT statement. The name of the column is identified by the <code>name</code> attribute,
the value may be indicated either by evaluating the expression contained in the <code>select</code> attribute, or
as the expanded contents of the <code>sql:column</code> element. The value is always interpreted as a string.
(Remember this is purely a demonstration of extensibility, in a real system there would be a need to
cater for SQL columns of other data types).</p>
   </page>

   <page xml:id="update">
      <title>sql:update and sql:column</title>

      <p><code>sql:update</code> performs an SQL UPDATE statement. This causes a set of rows to be selected from a given table; columns
identified in a child <code>sql:column</code> element are then updated with new values.</p>

      <p>The attributes are as follows:</p>
      <table>
         <tr>
            <td content="para">connection</td>
            <td content="para">The database connection.
This is mandatory, the value is an expression, which must evaluate to a database connection
object as returned by <code>sql:connect</code>.</td>
         </tr>
         <tr>
            <td content="para">table</td>
            <td content="para">The table to be updated.
This is mandatory, and the value must be known statically (it cannot be defined as an attribute value template).</td>
         </tr>
         <tr>
            <td content="para">where</td>
            <td content="para">The conditions to be applied (the contents of the WHERE clause of the select statement).
This is optional, if present the value is an attribute value template whose value is a SQL conditional expression. 
If omitted, all rows in the table are updated.</td>
         </tr>
      </table>

      <p><code>sql:column</code> is used as a child element of <code>sql:update</code>, and identifies the name and value of a column
to be included in the UPDATE statement. The name of the column is identified by the <code>name</code> attribute,
the value may be indicated either by evaluating the expression contained in the <code>select</code> attribute, or
as the expanded contents of the <code>sql:column</code> element. The value is always interpreted as a String.
(Remember this is purely a demonstration of extensibility, in a real system there would be a need to
cater for SQL columns of other data types).</p>
   </page>

   <page xml:id="delete">
      <title>sql:delete</title>

      <p><code>sql:delete</code> performs an SQL DELETE statement. This causes a set of rows to be selected from a given table and deleted.</p>

      <p>The attributes are as follows:</p>
      <table>
         <tr>
            <td content="para">connection</td>
            <td content="para">The database connection.
This is mandatory, the value is an expression, which must evaluate to a database connection
object as returned by <code>sql:connect</code>.</td>
         </tr>
         <tr>
            <td content="para">table</td>
            <td content="para">The table containing the rows to be deleted.
This is mandatory, and the value must be known statically (it cannot be defined as an attribute value template).</td>
         </tr>
         <tr>
            <td content="para">where</td>
            <td content="para">The conditions to be applied (the contents of the WHERE clause of the select statement).
This is optional, if present the value is an attribute value template whose value is a SQL conditional expression. 
If omitted, all rows in the table are deleted.</td>
         </tr>
      </table>
   </page>

   <page xml:id="close">
      <title>sql:close</title>

      <p><code>sql:close</code> closes the database connection.
There is a mandatory <code>connection</code> attribute, used as in the <code>sql:query</code>
instruction described above.</p>
   </page>

   <page xml:id="example">
      <title>Example</title>

      <p>A specimen stylesheet that uses these XSL extension is <b>books-sql.xsl</b>. This loads the contents
of the books.xml file into a database table, To use it, you need to create a database
database containing a table "Book" with three character columns,
"Title", "Author", and "Category"</p>

      <p>Here is the stylesheet:</p>
      <example><![CDATA[<xsl:stylesheet
	xmlns:sql="java:/net.sf.saxon.sql.SQLElementFactory"
 	xmlns:xsl="http://www.w3.org/1999/XSL/Transform" version="1.0"
	xmlns:saxon="http://saxon.sf.net/"
 	extension-element-prefixes="saxon sql">

<!-- insert your database details here, or supply them in parameters -->
<xsl:param name="driver" select="'sun.jdbc.odbc.JdbcOdbcDriver'"/>
<xsl:param name="database" select="'jdbc:odbc:test'"/>  
<xsl:param name="user"/>
<xsl:param name="password"/>

<!-- This stylesheet writes the book list to a SQL database -->

<xsl:variable name="count" select="0" saxon:assignable="yes"/>

<xsl:output method="xml" indent="yes"/>

<xsl:template match="BOOKLIST">
    <xsl:if test="not(element-available('sql:connect'))">
        <xsl:message>sql:connect is not available</xsl:message>
    </xsl:if>
    
    <xsl:message>Connecting to <xsl:value-of select="$database"/>...</xsl:message>

    <xsl:variable name="connection" 
         as="java:java.sql.Connection" xmlns:java="http://saxon.sf.net/java-type">   
      <sql:connect driver="{$driver}" database="{$database}" 
                 user="{$user}" password="{$password}">
        <xsl:fallback>
          <xsl:message terminate="yes">SQL extensions are not installed</xsl:message>
        </xsl:fallback>
      </sql:connect>
    </xsl:variable>
    
    <xsl:message>Connected...</xsl:message>
    
    <xsl:apply-templates select="BOOKS">
      <xsl:with-param name="connection" select="$connection"/>
    </xsl:apply-templates>
    
    <xsl:message>Inserted <xsl:value-of select="$count"/> records.</xsl:message>

    <xsl:variable name="book-table">
      <sql:query connection="$connection" table="Book" column="*" row-tag="book" column-tag="col"/> 
    </xsl:variable>
    
    <xsl:message>There are now <xsl:value-of select="count($book-table//Book)"/> books.</xsl:message>
    <new-book-table>
        <xsl:copy-of select="$book-table"/>
    </new-book-table>
    
    <sql:close connection="$connection"/>
    
</xsl:template>

<xsl:template match="BOOKS">
    <xsl:param name="connection"/>
    <xsl:for-each select="ITEM">
    	<sql:insert connection="$connection" table="Book">
    	    <sql:column name="title" select="TITLE"/>
            <sql:column name="author" select="AUTHOR"/>
            <sql:column name="category" select="@CAT"/>
    	</sql:insert>
    	<saxon:assign name="count" select="$count+1"/>
    </xsl:for-each>
</xsl:template>

</xsl:stylesheet>	
]]></example>

<subtitle>Running the example using Microsoft Access</subtitle>

      <p>To run this stylesheet you will need to do the following:</p>
      <ol>
         <li content="para">Create a database (e.g. Microsoft Access) containing a table "Book" with three character columns,
"Title", "Author", and "Category".</li>
         <li content="para">Register this database as a JDBC data source. (If you use Microsoft Access, register it as an
ODBC data source called, say, Books, and then it will automatically be available under JDBC as
"jdbc:odbc:Books".</li>
         <li content="para">Modify the <code>&lt;sql:connect&gt;</code> element in the stylesheet to specify the correct JDBC connection
name for the database, and if necessary to supply a username and password. Alternatively you can
supply the driver class, database name, username, and password as parameters on the command line.</li>
         <li>

            <p>Execute the stylesheet from the command line, as follows:</p>
            <command>
java   net.sf.saxon.Transform  data\books.xml   style\books-sql.xsl <br/>
            </command>
         </li>
      </ol>

      <p>The database will be populated with data from the <code>books.xml</code> document.</p>
      
<subtitle>Running the example using MySQL</subtitle>      
      
      <p>The following instructions illustrates how to run the stylesheet using MySQL, under a UNIX platform:</p>
      <ol>
         <li content="para">Create the database, using MySQL.</li>
         <li>
            <p>Register the database as a JDBC data source (same as 2. above). However, change the <code>xsl:param</code> elements with attribute names 
                "driver" and "database" as follows (we assume machine is localhost):</p>
               <example><![CDATA[<xsl:stylesheet
               <xsl:param name="driver" select="'com.mysql.jdbc.Driver'"/>
               <xsl:param name="database" select="'jdbc:mysql://localhost:3306/Book'"/>   
               ]]> </example></li>
         <li content="para">Download the MySQL connector jar file, if missing.</li>
         <li>
         <p>Execute the stylesheet from the command line (same as 4. above). The kind of problems that might occur are as follows:</p>
         <ul><li>
               <p>"JDBC Connection Failure: com.mysql.jdbc.Driver": Ensure the MySQL connector jar file is downloaded and in the classpath</p></li>
            <li><p>"SQL extensions are not installed": The binding of the namespace for the SQL extension must be present in the <code>Configuration</code> object and must 
               match the URI in the stylesheet. For execution of the stylesheet from the command line, the following is required:</p>
               <command>
                  java   net.sf.saxon.Transform   -config:data/config.xml   data/books.xml   style/books-mysql.xsl <br/>
               </command>
               <p>where the configuration file <code>data/config.xml</code> includes the entry</p>
               <example><![CDATA[
<configuration xmlns="http://saxon.sf.net/ns/configuration"
               edition="EE">                
  <xslt>
    <extensionElement namespace="http://saxon.sf.net/sql" 
                      factory="net.sf.saxon.option.sql.SQLElementFactory"/>
  </xslt>
</configuration>]]>
</example>
            </li>
         </ul>
         </li>
         
         
      </ol>
      
   </page>

   <page xml:id="execute">
      <title>sql:execute</title>
        
      <p>The <code>sql:execute</code> instruction allows arbitrary SQL statements to be executed.
There are two attributes (and no content). The <code>connection</code> attribute is an XPath expression
whose value is the SQL connection created using <code>sql:connection</code>. The <code>statement</code>
attribute is an attribute value template whose effective value is the SQL statement to be executed.
No result is returned.</p>

      <p>The statements <code>COMMIT WORK</code> and <code>ROLLBACK WORK</code> (spelt exactly like that) are
recognized specially, and cause calls on the JDBC <code>connection.commit()</code> and <code>connection.rollback()</code>
methods respectively.</p>
   </page>

   <page xml:id="warning-1">
      <title>A Warning about Side-Effects</title>

      <p>XSLT does not guarantee the order of execution of instructions. In principle, the 
<code>sql:close</code> instruction could be evaluated before the <code>sql:query</code>
instruction, which would obviously be disastrous.</p>

      <p>In practice, Saxon's order of execution for XSLT instructions is reasonably predictable
 unless you use variables, or unless you invoke stylesheet functions from within an XPath
 expression. Using the SQL extension instructions within templates that are directly invoked
 is thus fairly safe, but it is not a good idea to invoke them as a side-effect of computing
 a variable or invoking a function. The exceptions are <code>sql:connect</code> and
 <code>sql:query</code>: if you use these instructions to evaluate the content of a variable,
 then of course they will be executed before any instruction that uses the value of the
 variable.</p>
   </page>

   <page xml:id="warning-2">
      <title>A Warning about Security (SQL injection)</title>

      <p>The instructions in the SQL extension make no attempt to verify that the SQL being executed
is correct and benign. No checks are made against injection attacks; indeed the <code>sql:execute</code>
instruction explicitly allows any SQL statement to be executed.</p>

      <p>Therefore, the extension should be enabled only if (a) the stylesheet itself is trusted, and (b)
any text inserted into the stylesheet to construct dynamic SQL statements is also trusted.</p>
   </page>
</section>