<?xml version="1.0" encoding="UTF-8"?>
<section xml:id="using-xquery">
   <title>Using XQuery</title>

   <page xml:id="intro">
      <title>Introduction</title>

      <p>This section describes how to use Saxon as an XQuery processor, either from the command line,
or from the Java API.</p>

      <p>For details of the .NET API, see <xref section="dotnet" page="dotnetapi">Saxon API for .NET</xref></p>

      <p>The run-time code in Saxon that supports XQuery and XSLT is identical, reflecting the fact that
the two languages have very similar semantics. Most of the compile-time code (in particular, the
type checking logic and the optimizer) is also common. The XQuery support in Saxon consists essentially
of an XQuery parser (which is itself an extension of the XPath parser); the parser
generates the same internal interpretable code as the XSLT processor.</p>

      <p>The XQuery processor may be invoked either from the operating system command line,
or via an API from a user-written application. There is no graphical user interface provided.</p>

      <p>Saxon is an in-memory processor. Unless you can take advantage of <xref section="sourcedocs" page="streaming">streaming</xref>, Saxon is designed
to process source documents that fit in memory. Saxon has been used successfully to process
source documents of 100Mbytes or more without streaming, but if you attempt anything this large, you need to be
aware (a) that you will need to allocate sufficient memory to the Java VM (at least 5 times the size
of the source document), and (b) that complex FLWOR expressions may be very time-consuming to
execute (In this scenario, Saxon-EE is recommended, because it has a more powerful optimizer for
complex joins). </p>

      <p><i>For details of how to set up collation URIs for use in XQuery,
see <xref section="extensibility" page="collation">Implementing a Collating Sequence</xref></i></p>
   </page>

   <page xml:id="commandline" size="0.7">
      <title>Running XQuery from the Command Line</title>

      <p>A command is available to run a query contained in a file. The form of
command on the Java platform is:</p>
      <command>java  net.sf.saxon.Query   [options]   -q:queryfile   [ <i>params...</i>]
</command>

      <p>On the .NET platform, the command is simply:</p>
      <command>Query   [options]   -q:queryfile   [ <i>params...</i>]
</command>

      <p>The options must come first, then the params. If the last option before the params has
no leading hyphen and option letter then it is recognized as the -q option.</p>

      <p>The options are as follows (in any order). Square brackets indicate an optional value.</p>
      <table>
         <tr>
            <td content="para">-backup:(on|off)</td>
            <td content="para">Only relevant when -update:on is specified. Default is on. When backup is enabled, any file that is updated
by the query will be preserved in its original state by renaming it, adding ".bak" to the original filename. If
backup is disabled, updated files will be silently overwritten.</td>
         </tr>
         <tr>
            <td content="para">-config:filename</td>
            <td content="para">Indicates that configuration information should be taken from the supplied
                        <xref section="configuration" page="configuration-file">configuration file</xref>. Any options supplied
                        on the command line override options specified in the configuration file.
                </td>
         </tr>
         <tr>
            <td content="para">-cr:classname</td>
            <td content="para">Use the specified CollectionURIResolver to process collection URIs passed to the
<code>collection()</code> function.
 The CollectionURIResolver is a user-defined class
that implements the <code>net.sf.saxon.CollectionURIResolver</code> interface.</td>
         </tr>
         <tr>
            <td content="para">-dtd:(on|off|recover)</td>
            <td content="para">Setting <code>-dtd:on</code> requests DTD-based validation of the source file and of any files read using the document()
function. Requires an XML parser that supports validation. The setting <code>-dtd:off</code> (which is the default)
suppresses DTD validation. The setting <code>-dtd:recover</code> performs DTD validation but treats the error as non-fatal if
it fails. Note that any external DTD is likely to be read even if not used for validation, because DTDs can contain
definitions of entities.</td>
         </tr>
         <tr>
            <td content="para">-expand:(on|off)</td>
            <td content="para">Normally, if validation using a DTD or Schema is requested, any fixed or default values defined
in the DTD or schema will be expanded. Specifying -expand:off suppresses this.  (In the case of DTD-defined defaults,
this might not work with all XML parsers. It does work with the Xerces parser (default for Java) and the 
Microsoft parser (default for .NET))</td>
         </tr>
         <tr>
            <td content="para">-explain[:filename]</td>
            <td content="para">Display a query execution plan. This is a representation of the
expression tree after rewriting by the optimizer. If no file name
is specified the output is sent to the standard error stream. The output is
a tree in XML format.</td>
         </tr>
         <tr>
            <td content="para">-ext:(on|off)</td>
            <td content="para">If <code>ext:off</code> is specified, suppress calls on dynamically-loaded external Java functions. 
This does not affect calls on integrated extension functions, including Saxon and EXSLT extension
functions. This option is useful when loading an untrusted query, perhaps from a remote
site using an <code>http://</code> URL; it ensures that the query cannot call arbitrary Java methods
and thereby gain privileged access to resources on your machine.
</td>
         </tr>
         <tr>
            <td content="para">-init:initializer</td>
            <td content="para">The value is the name of a user-supplied class
that implements the interface <code>net.sf.saxon.Initializer</code>; this initializer will be called during the initialization process,
and may be used to set any options required on the Configuration programmatically. It is particularly useful for such tasks as
registering extension functions, collations, or external object models, especially in Saxon-HE where the option does not exist to
do this via a configuration file. </td>
         </tr>
         <tr>
            <td content="para">-l[:(on|off)]</td>
            <td content="para">If <code>-l</code> or <code>-l:on</code> is specified, 
causes line and column numbers to be maintained for source documents. These are accessible
using the extension functions <code>saxon:line-number()</code> and <code>saxon:column-number()</code>. Line numbers are useful
when the purpose of the query is to find errors or anomalies in the source XML file.
Without this option, line numbers are available while source documents are being parsed
and validated, but they are not retained in the tree representation of the document.</td>
         </tr>
         <tr>
            <td content="para">-mr:classname</td>
            <td content="para">Use the specified ModuleURIResolver to process all query module URIs.
 The ModuleURIResolver is a user-defined class
that implements the <code>net.sf.saxon.query.ModuleURIResolver</code> interface.
 It is invoked to process URIs used in the <code>import module</code> declaration in the query prolog,
 and (if -u is also specified, or if the file name begins with "http:" or "file:") to process the URI
of the query source file provided on the command line.</td>
         </tr>
         <tr>
            <td content="para">-o:filename</td>
            <td content="para">Send output to named file. In the absence of this option, the results go to standard output.
The output format depends on whether the -wrap option is present.
The file is created if it does not already exist; any necessary directories will also be created.
If the file does exist, it is overwritten (even if the query fails).</td>
         </tr>
         <tr>
            <td content="para">-opt:0...10</td>
            <td content="para">Set optimization level. The value is
an integer in the range 0 (no optimization) to 10 (full optimization); currently all values other than 0 result in full
optimization but this is likely to change in future. The default is full optimization; this feature allows optimization
to be suppressed in cases where reducing compile time is important, or where optimization gets in the way of debugging,
or causes extension functions with side-effects to behave unpredictably. (Note however, that even with no optimization,
lazy evaluation may still cause the evaluation order to be not as expected.)
</td>
         </tr>
         <tr>
            <td content="para">-outval:(recover|fatal)</td>
            <td content="para">Normally, if validation of result documents is requested, a validation error is fatal. Setting
the option <code>-outval:recover</code> causes such validation failures to be treated as warnings. The validation
message is written both to the standard error stream, and (where possible) as a comment in the result
document itself.</td>
         </tr>
         <tr>
            <td content="para">-p[:(on|off)]</td>
            <td content="para">Use the PTreeURIResolver. This option is available in Saxon-EE only. It cannot be used in conjunction
with the -r option, and it automatically switches on the -u option. The effect is twofold. Firstly, Saxon-specific
file extensions are recognized in URIs (including the URI of the source document on the command line). Currently
the only Saxon-specific file extension is <code>.ptree</code>, which indicates that the source document is supplied
in the form of a Saxon PTree. This is a binary representation of an XML document, designed for speed of loading.
Secondly, Saxon-specific query parameters are recognized in a URI. Currently the only query parameter that is
recognized is <code>val</code>. This may take the values <code>strict</code>, <code>lax</code>, or <code>strip</code>.
For example, <code>source.xml?validation=strict</code> loads a document with strict schema validation.
</td>
         </tr>
         <tr>
            <td content="para">-pipe:(push|pull)</td>
            <td content="para">Execute query internally in push or pull mode. Default is push. This may give performance advantages for certain kinds of query,
especially queries that construct intermediate trees in memory. In practice when the output is serialized there is usually
little difference, and the option is there mainly for testing.
</td>
         </tr>
         <tr>
            <td content="para">-projection:(on|off)</td>
            <td content="para">Use (or don't use) document projection. Document Projection is a mechanism that analyzes a query to determine what parts of a document it
can potentially access, and then while building a tree to represent the document, leaves out those parts
of the tree that cannot make any difference to the result of the query. Requires Saxon-EE.
</td>
         </tr>
         <tr>
            <td content="para">-q:queryfile</td>
            <td content="para">Identifies the file containing the query. The file can be
specified as "-" to read the query from standard input. If this is the last option
then the "-q:" prefix may be omitted.</td>
         </tr>
         <tr>
            <td content="para">-qs:querystring</td>
            <td content="para">Allows the query to be specified
inline (if it contains spaces, you will need quotes
around the expression to keep the command line processor happy). 
For example <code>java net.sf.saxon.Query -qs:doc('a.xml')//p[1]</code> selects elements
within the file a.xml in the current directory.</td>
         </tr>
         <tr>
            <td content="para">-qversion:(1.0|3.0)</td>
            <td content="para">Specifies the XQuery language version supported. Default is "1.0". The value
"3.0" is currently only available with Saxon-EE. It supports a fairly small subset of the
features from the draft XQuery 3.0 specification (originally published as XQuery 1.1 but due to be renamed).</td>
         </tr>
         <tr>
            <td content="para">-r:classname</td>
            <td content="para">Use the specified URIResolver to process all URIs. The URIResolver is a user-defined class,
that implements the URIResolver interface defined in JAXP, whose function is to take a URI supplied as
a string, and return a SAX InputSource. It is invoked to process URIs used in the doc() function,
 and (if -u is also specified) to process the URI
of the source file provided on the command line.</td>
         </tr>
         <tr>
            <td content="para">-repeat:integer</td>
            <td content="para">Performs the transformation N times, where N is the specified integer. This option is useful for
performance measurement, since timings for the first few runs of the query are often dominated by Java warm-up time.</td>
         </tr>
         <tr>
            <td content="para">-s:filename-or-URI</td>
            <td content="para">Take input from the specified file. If the -u option is specified, or if the name begins with "file:"
or "http:", then the name is assumed to be a URI rather than a filename. This file must contain an
XML document. The document node of the document is made available to the query as the context item. 
The source document can be
specified as "-" to take the source from standard input. </td>
         </tr>
         <tr>
            <td content="para">-sa</td>
            <td content="para">Invoke a schema-aware transformation. Requires Saxon-EE to be installed.</td>
         </tr>
         <tr>
            <td content="para">-strip:(all|none|ignorable)</td>
            <td content="para">Specifies what whitespace is to be stripped from source documents (applies both to the principal source
document and to any documents loaded for example using the <code>doc()</code> function. The default is
<code>none</code>: no whitespace stripping.</td>
         </tr>
         <tr>
            <td content="para">-t</td>
            <td content="para">Display version and timing information to the standard error output. The output also traces
the files that are read and written, and extension modules that are loaded.</td>
         </tr>
         <tr>
            <td content="para">-T[:classname]</td>
            <td content="para">Notify query tracing information. 
Also switches line numbering on for the source document. If a classname is
specified, it is a user-defined class, which must implement net.sf.saxon.trace.TraceListener.
If the classname is omitted, a system-supplied trace listener is used. This traces execution of
function calls to the standard error output.</td>
         </tr>
         <tr>
            <td content="para">-TJ</td>
            <td content="para">Switches on tracing of the binding of calls to external Java methods.
This is useful when analyzing why Saxon fails to find a Java method to match
an extension function call in the stylesheet, or why it chooses one method over another when several
are available.</td>
         </tr>
         <tr>
            <td content="para">-traceout:filename</td>
            <td content="para">Indicates that the output of the <code>trace()</code> function should be directed to a specified file.
Alternatively, specify #out to direct the output to System.out, #err to send it to System.err (the default),
or #null to have it discarded. This option is ignored when a trace listener is in use: in that case, trace()
output goes to the registered trace listener.</td>
         </tr>
         <tr>
            <td content="para">-tree:(linked|tiny|tinyc)</td>
            <td content="para">Selects the implementation of the internal tree model. -tree:tiny selects the "tiny tree"
model (the default). -tree:linked selects the linked tree model.  -tree:tinyc selects the "condensed tiny tree" model.
See <xref section="sourcedocs" page="choosingmodel">Choosing a tree model</xref>.</td>
         </tr>
         <tr>
            <td content="para">-u</td>
            <td content="para">Indicates that the name of the source document is a URI;
otherwise it is taken as a filename, unless it starts with "http:" or "file:", in which
case they it is taken as a URL.</td>
         </tr>
         <tr>
            <td content="para">-update:(on|off|discard)</td>
            <td content="para">Indicates whether XQuery Update syntax is accepted. This option requires Saxon-EE.
The value "on" enables XQuery update; any elegible files updated by the query are written back to filestore.
A file is eligible for updating if it was read using the <code>doc()</code> or <code>collection()</code> functions
using a URI that represents an updateable location. The context document supplied using the
<code>-s</code> option is <b>not</b> eligible for updating. 
The default value "off" disables update (any use of 
XQuery update syntax is an error). The value "discard" allows XQuery Update syntax, but modifications made to files are not saved in filestore.
If the document supplied in the -s option is updated, the updated document is serialized as the result of the query 
(writing it to the -o destination); updates to any other documents are simply discarded.Use of the <code>-t</code> option is recommended: it gives feedback on which files have been
updated by the query.</td>
         </tr>
         <tr>
            <td content="para">-val[:(strict|lax)]</td>
            <td content="para">Requests schema-based validation of the source file and of any files read using the doc()
function. This option is available only with Saxon-EE, and it automatically switches on the
-sa option. Specify <code>-val</code> or <code>-val:strict</code> to request strict validation,
or <code>-val:lax</code> for lax validation.</td>
         </tr>
         <tr>
            <td content="para">-wrap</td>
            <td content="para">Wraps the result sequence in an XML element structure that indicates the type of each node or
atomic value in the query result. This format can handle any type of query result. In the
absence of this option, the command effectively wraps a <code>document{}</code> constructor
around the supplied query, so that the result is a single XML document, which is then serialized.
This will fail if the query result includes constructs that cannot be added to a document node
in this way, notably free-standing attribute nodes.</td>
         </tr>
         <tr>
            <td content="para">-x:classname</td>
            <td content="para">Use specified SAX parser for source file and any files loaded using the document() function.
 The parser must be the fully-qualified class name
of a Java class that implements the org.xml.sax.Parser or org.xml.sax.XMLReader interface</td>
         </tr>
         <tr>
            <td content="para">-xi:(on|off)</td>
            <td content="para">Apply XInclude processing to all input XML documents (including schema documents as
well as source documents). This currently only works when documents are parsed using the Xerces
parser, which is the default in JDK 1.5 and later.</td>
         </tr>
         <tr>
            <td content="para">-xmlversion:(1.0|1.1)</td>
            <td content="para">If <code>-xmlversion:1.1</code> is specified, allows XML 1.1 and XML Namespaces 1.1 constructs. 
This option must be set if source documents 
using XML 1.1 are to be read, or if result documents are to be serialized as XML 1.1. This option
also enables use of XML 1.1 constructs within the stylesheet itself.</td>
         </tr>
         <tr>
            <td content="para">-xsd:file1;file2;file3...</td>
            <td content="para">Loads additional schema documents. The declarations in these schema documents are available when
validating source documents (or for use by the <code>validate{}</code> expression). This option may also be used
to supply the locations of schema documents that are imported into the query, in the case where the <code>import schema</code>
declaration gives the target namespace of the schema but not its location.</td>
         </tr>
         <tr>
            <td content="para">-xsdversion:(1.0|1.1)</td>
            <td content="para">If <code>-xsdversion:1.1</code> is specified, allows XML Schema 1.1 constructs such as assertions. 
This option must be set if schema documents 
using XML Schema 1.1 are to be read.</td>
         </tr>
         <tr>
            <td content="para">-xsiloc:(on|off)</td>
            <td content="para">If set to "on" (the default) the schema processor attempts to load any schema documents referenced
in <code>xsi:schemaLocation</code> and <code>xsi:noNamespaceSchemaLocation</code> attributes in the instance
document, unless a schema for the specified namespace (or non-namespace) is already available. If set to
"off", these attributes are ignored.</td>
         </tr>
         <tr>
            <td content="para">--<i>feature</i>:value</td>
            <td content="para">Set a feature defined in the <code>Configuration</code> interface. The names of features
are defined in <xref section="configuration" page="config-features"/>: the value used here
is the part of the name after the last "/", for example <code>--allow-external-functions:off</code>.
Only features accepting a string or boolean may be set; for booleans the values true/false or on/off
are recognized.</td>
         </tr>
         <tr>
            <td content="para">-?</td>
            <td content="para">Display command syntax</td>
         </tr>
      </table>

      

      <p>A <i>param</i> takes the form <code>name=value</code>, <i>name</i> being the
name of the parameter, and <i>value</i> the value of the parameter. These parameters are
accessible within the query as external variables, using the <code>$name</code> syntax, provided
they are declared in the query prolog. If there is no such declaration, the supplied
 parameter value is silently ignored.</p>

      <p>A <i>param</i> preceded by a leading question mark (?) is interpreted as an XPath expression.
For example, <code>?time=current-dateTime()</code> sets the value of the external variable <code>$time</code>
to the value of the current date and time, as an instance of <code>xs:dateTime</code>, while 
<code>?debug=false()</code> sets the value of the variable <code>$debug</code> to the boolean value <code>false</code>.
If the parameter has a required type (for example <code>declare variable $p as xs:date external;</code>), then
the supplied value must be compatible with this type according to the standard rules for converting function arguments
(it doesn't need to satisfy the stricter rules that apply to variable initialization).
The static context for the XPath expression includes only the standard namespaces conventionally bound to the prefixes
<code>xs</code>, <code>fn</code>, <code>xsi</code>, and <code>saxon</code>. The static base URI (used when calling the
<code>doc()</code> function) is the current directory. The dynamic context contains no context item, position, or size,
and no variables.</p>

      <p>A <i>param</i> preceded by a leading plus sign (+) is interpreted as a filename or directory.
The content of the file is parsed as XML, and the resulting document node is passed to the stylesheet
as the value of the parameter. If the parameter value is a directory, then all the immediately contained
files are parsed as XML, and the resulting sequence of document nodes is passed as the value of the
parameter. For example, <code>+lookup=lookup.xml</code> sets the value of the external variable
<code>lookup</code> to the document node at the root of the tree representing the parsed contents
of the file <code>lookup.xml</code>.</p>

      <p>A <i>param</i> preceded by a leading exclamation mark is interpreted as a serialization parameter.
For example, <code>!indent=yes</code> requests indented output, and <code>!encoding=iso-8859-1</code>
requests that the serialized output be in ISO 8859/1 encoding. This is equivalent to specifying
the option declaration <code>declare option saxon:output "indent=yes";</code> or 
<code>declare option saxon:output "encoding=iso-8859-1";</code>
in the query prolog.</p>

      <p>Under Windows, and some other operating systems, it is possible to supply a value containing
spaces by enclosing it in double quotes, for example <code>name="John Smith"</code>. This is a feature
of the operating system shell, not something Saxon does, so it may not work the
same way under every operating system.</p>

      <p>If the parameter name is in a non-null namespace, the parameter can be given a value using
the syntax <code>{uri}localname=value</code>. Here <code>uri</code> is the namespace URI of the
parameter's name, and <code>localname</code> is the local part of the name.</p>

      <p>This applies also to output parameters. For example, you can set the indentation level to 4 by
using the parameter <code>!{http://saxon.sf.net/}indent-spaces=4</code>. In this case, however,
lexical QNames using the prefix "saxon" are also recognized, for example <code>!saxon:indent-spaces=4</code>.
 For the extended set of
output parameters supported by Saxon, see 
<xref section="extensions" page="output-extras">Additional serialization parameters</xref>.</p>
   </page>

   <page xml:id="api-query">
      <title>Running Queries from a Java Application</title>

      <p>Saxon offers three different APIs allowing queries to be run from Java:</p>
      <ul>
         <li content="para">The XQJ interface is an implementation of the current draft of the proposed
XQuery API for Java (XQJ) interface defined in JSR-225</li>
         <li content="para">The s9api interface is a newly designed interface allowing integrated access to all
Saxon's XML processing capabilities in a uniform way, taking advantage of the type safety
offered by generics in Java 5</li>
         <li content="para">There is also a legacy interface retained from previous Saxon releases, which will
be appropriate if you are using JDK 1.4, or if you need access to lower-level Saxon internals.</li>
      </ul>
      <subtitle>Links</subtitle>
      <subpageindex/>

      <subpage xml:id="s9api-query">
         <title>Using s9api for XQuery</title>

         <p>You can perform a query using the s9api interface as follows:</p>
         <ol>
            <li content="para">Create a Processor (<code>net.sf.saxon.s9api.Processor</code>) and set any global
configuration options on the Processor.</li>
            <li content="para">Optionally, build the source document by calling <code>newDocumentBuilder()</code> to create a document builder,
setting appropriate options, and then calling the <code>build()</code> method. This returns an <code>XdmNode</code>
which can be supplied as input to the query either as the context item, or as the value of an external variable.</li>
            <li content="para">Call <code>newXQueryCompiler()</code> to create an XQuery Compiler. Then set any options that are local to a specific
compilation (for example, the destination of error messages, the base URI, or the character encoding of the query text).</li>
            <li content="para">Call one of the <code>compile()</code> methods to compile a query. The result is an <code>XQueryExecutable</code>,
which can be used as often as you like in the same thread or in different threads.</li>
            <li content="para">To run a query, call the <code>load()</code> method on the <code>XQueryExecutable</code>. This creates
an <code>XQueryEvaluator</code>. The <code>XQueryEvaluator</code> can be serially reused, but it must not be shared across
multiple threads. Set any options required for the specific query execution (for example, the initial context node, the
values of external variables, and the destination for the query result), and then call either the <code>iterator()</code>
 or the <code>run()</code> method to execute the query.</li>
            <li content="para">Because the <code>XQueryEvaluator</code> is an <code>Iterable</code>, it is possible to iterate over the results
directly using the Java 5 "for-each" construct.</li>
         </ol>

         <p>The output of the query may be retrieved as an iterator over a sequence of items, or it may is specified as a 
<code>Destination</code> object, which allows a wide range of possibilities:
you can send the output to a serializer, or to a SAX ContentHandler. You can build a tree either in Saxon's native format (represented
by the s9api class <code>XdmNode</code>) or as a DOM. You can send the output to be validated against a schema by nominating a
<code>SchemaValidator</code> as the destination, or you can pipe it through an XSLT transformation, 
because <code>XsltTransformer</code> also implements the <code>Destination</code> interface.</p>

         <p>Examples of s9api queries are included in the Saxon resources file, see module S9APIExamples.java.</p>
         <subtitle>Separate compilation of library modules</subtitle>

         <p>Under Saxon-EE, it is possible to compile library modules separately from the main module. This reduces the compilation time and
memory usage when the same library module is imported by many main modules for different queries. A method <code>compileLibrary()</code>
(with a number of overloaded variants supplying the input in different ways) is provided in the <code>XQueryCompiler</code> class;
any library module compiled using this method will be available to all subsequent compilations using the same <code>XQueryCompiler</code>.
To import the module, simply use <code>import module</code> specifying the module URI in the normal way. It is not necessary to supply
a module location hint (<code>at "URI"</code>), and if any is supplied, it will be ignored.</p>
      </subpage>

      <subpage xml:id="xqj">
         <title>Invoking XQuery using the XQJ API</title>

         <p>XQJ (XQuery API for Java, also known as JSR 225) is a vendor-neutral API for invoking XQuery from
Java applications. The Final Release (1.0) is published at <a href="http://jcp.org/en/jsr/detail?id=225">http://jcp.org/en/jsr/detail?id=225</a>.
Saxon includes a complete and conformant implementation of this API.</p>

         <p>For information on how to use the API, please see the JSR 225 documentation.</p>

         <p>XQJ has many similarities with JDBC, and its general style is that of a client-server API
in which the application opens a "connection" to a database. This of course does not fit the
Saxon in-process model particularly well; on the other hand, apart from the terminology and the
use of some methods (such as the ability to set a connection timeout) that make little sense in
a Saxon context, the API works equally well in an environment like Saxon where the XQuery processor
is invoked directly and runs within the same Java VM as the client application.</p>

         <p>The samples directory in the issued saxon-resources download file includes a Java test application,
<b>XQJExamples.java</b>, which illustrates some of the possible ways of invoking Saxon using the XQJ interface.</p>

         <p>Note that Saxon will generally only recognize its own implementation of XQJ interfaces. For example,
the interface <code>XQDynamicContext</code> includes a method <code>bindAtomicValue</code> that allows the value of a variable
or the context item to be supplied.
The type of the argument is <code>XQItem</code>: however, Saxon will only accept an <code>XQItem</code>
 that was created by its own implementations of the factory methods in <code>XQDataFactory</code>.</p>

         <p>Unlike JAXP interfaces, XQJ does not include an implementation-independent factory class. Instead,
you start the process by calling:</p>
         <command>new SaxonXQDataSource()</command>

         <p>This constructor will create a new Configuration, which will be an <code>EnterpriseConfiguration</code> or
<code>ProfessionalConfiguration</code> if Saxon-EE or Saxon-PE is in use. As an alternative, there is also a constructor
that allows a specific pre-exising configuration to be used.</p>

         <p>From the <code>XQDataSource</code> you can call <code>getConnection()</code> to get a connection,
and from the connection you can call <code>prepareExpression()</code> to compile a query. The resulting
<code>XQPreparedExpression</code> object has a method <code>executeQuery()</code> allowing the query
to be evaluated. The result of the query evaluation is an <code>XQSequence</code>, which acts as a cursor
or iterator: it has a <code>next()</code> method allowing you to change the current position, and a
<code>getItem()</code> method allowing you to retrieve the item at the current position. The result
of <code>getItem()</code> is an <code>XQItem</code> object, and this has methods allowing you to determine
the item type, and to convert the item into a suitable Java object or value.</p>
      </subpage>

      <subpage xml:id="embedding" size="1.3">
         <title>The legacy XQuery API</title>

         <p><i>This page and the following pages describe Saxon's original native Java API for XQuery. For the new XQJ
interface, see <xref page="api-query" subpage="xqj">Invoking XQuery using the XQJ API</xref>. For .NET interfaces, see
<xref section="dotnet" page="dotnetapi">Saxon API for .NET</xref>.</i></p>

         <p>Rather than using the query processor from the command line, you may want to issue queries from your
own application, perhaps one that enables it to be used within an applet or servlet. If you run
the processor repeatedly, this will always be much faster than running it each time from
 a command line, even if it handles a different query each time.</p>

         <p>In the absence of a standard API for XQuery, so Saxon provides its own. It is fully described
in the JavaDoc included in the download: look for the package <code>net.sf.saxon.query</code>.
The starting point is the class <code>StaticQueryContext</code>. What follows here is an
overview. For an example of how the API can be used, take a look at the source code for the class
<code>QueryAPIExamples</code> in the <code>samples/java</code> directory.</p>
         <subtitle>Getting started</subtitle>

         <p>The first thing you need to do is to create a <code>net.sf.saxon.Configuration</code> object.
This holds values of all the system settings, corresponding to flags available on the command line.
You don't need to set any properties in the <code>Configuration</code> object if you are happy
with the default settings. However, there are many options that you can set by calling setter
methods on the <code>Configuration</code> object, or, if you prefer, by calling the general-purpose
method <code>setConfigurationProperty(name, value)</code> where the name is a constant from the
class <code>net.sf.saxon.FeatureKeys</code>: the available properties are described on the page
 <xref section="using-xsl" page="embedding">Using XSLT from an Application</xref></p>

         <p>You can also create a <code>Configuration</code> by reading a configuration file, using the static method
        <code>Configuration.readConfiguration()</code></p>

         <p>For schema-aware processing, you will need to
create an instance of
<code>com.saxonica.config.EnterpriseConfiguration</code>, which is a subclass of
<code>Configuration</code>.</p>

         <p>Then you need to create a <code>net.sf.saxon.query.StaticQueryContext</code> object, which you can do
        using the static method <code>Configuration.newStaticQueryContext()</code>. As the name
implies, this holds information about the static (compile-time) context for a query. Most aspects
of the static context can be defined in the Query Prolog, but this object allows you to initialize
the static context from the application instead if you need to. Some of the facilities provided are
very much for advanced users only, for example the ability to declare variables and functions, and
the ability to specify a <code>NamePool</code> to be used. One aspect of the static context that you may need
to use is the ability to declare collations. Using the method <code>declareCollation</code> you can
create a mapping between a collation URI (which can then be used anywhere in the Query) and a Java
<code>Comparator</code> object used to implement that collation.</p>
         <subtitle>Compiling the Query</subtitle>

         <p>The <code>StaticQueryContext</code> object can now be used to compile a Query. The text of the
Query can be supplied either as a <code>String</code> or as a Java <code>Reader</code>. There
are thus two different <code>compileQuery</code> methods. Each of them returns the compiled
query in the form of an <code>XQueryExpression</code>. The <code>XQueryExpression</code>, as you would expect,
can be executed repeatedly, as often as you want, in the same or in different threads.</p>

         <p>For example:</p>
         <example><![CDATA[
Configuration config = new Configuration();
StaticQueryContext staticContext = config.newStaticQueryContext();
XQueryExpression exp = 
        staticContext.compileQuery("count(//ITEM)");
]]></example>

         <p><i>Note: the <code>StaticQueryContext</code> object no longer gets updated by the query parser with additional
information defined in the query prolog. It is therefore no longer necessary to create a 
new <code>StaticQueryContext</code> object for each query you compile. This also means that you can't
use the <code>StaticQueryContext</code> to obtain information about the query you have just compiled;
instead, use the internal <code>StaticQueryContext</code> object created by Saxon, which is available
using the <code>getStaticContext()</code> method on the <code>XQueryExpression</code> object.</i></p>

         <p><i>Note: since Saxon 9.2, the constructor <code>new StaticQueryContext()</code> will return a context
that provides access to Saxon-HE functionality only. Use the factory method in the appropriate <code>Configuration</code>
class to create a context with access to all functionality offered by the particular Configuration.</i></p>

         <p>You can optionally register a <code>ModuleURIResolver</code> with the 
<code>Configuration</code> (using the <code>setModuleURIResolver()</code> method).
This will be used to handle the URIs found in any <code>import module</code>
declaration. The resolver returns a set of JAXP <code>StreamSource</code>
objects, each containing either an <code>InputSource</code> or a <code>Reader</code>
providing access to the text of the query module. The <code>StreamSource</code> must
also contain a SystemId, representing the base URI of the query module. (Supply a <code>Reader</code>
if you want to handle encoding issues yourself, or an <code>InputSource</code>
if you want Saxon to deal with this.)</p>
         <subtitle>Building a Source Document</subtitle>

         <p>Before you run your query, you may want to build one or more trees representing
XML documents that can be used as input to your query. You don't need to do this: if the query
loads its source documents using the <code>doc()</code> function then this will be done
automatically, but doing it yourself gives you more control. A document node at the root of
a tree is represented in Saxon by the <code>net.sf.saxon.DocumentInfo</code> interface.
The <code>Configuration</code> provides a convenience method, <code>buildDocument()</code>,
that allows an instance of <code>DocumentInfo</code> to be constructed. The input parameter to
this is defined by the class <code>javax.xml.transform.Source</code>, which is part of the 
standard Java JAXP API: the <code>Source</code> interface is an umbrella for different kinds of
XML document source, including a <code>StreamSource</code> which parses raw XML from a byte
or character stream, <code>SAXSource</code> which takes the input from a SAX parser (or an
object that is simulating a SAX parser), and <code>DOMSource</code> which provides the input
from a DOM.</p>

         <p>Saxon also provides a several additional implementations of the <code>Source</code> interface
that can be used as input to this method. Saxon's <code>DocumentInfo</code> and <code>NodeInfo</code>
classes both implement this interface, though this isn't useful for this particular method because
you will only have one of these once you have built the tree from some other source.
There are a number of wrapper classes that allow trees in other object models to be treated as
Saxon trees: <code>net.sf.saxon.jdom.DocumentWrapper</code> class for wrapping a JDOM document, 
<code>net.sf.saxon.xom.DocumentWrapper</code> for XOM, <code>net.sf.saxon.dom.DocumentWrapper</code> for DOM,
and <code>net.sf.saxon.dom4j.DocumentWrapper</code> for DOM4J.</p>

         <p>The <code>net.sf.saxon.AugmentedSource</code> object
can wrap any other kind of <code>Source</code>, and provides additional options as to how the <code>Source</code>
should be processed, for example whether it should be validated against a schema, whether whitespace
should be stripped, and whether XInclude processing should take place.  Validation is only possible if
you created an <code>EnterpriseConfiguration</code>.</p>
         <subtitle>Running the Query</subtitle>

         <p>To execute your compiled query, you need to create a <code>DynamicQueryContext</code> object
that holds the run-time context information. The main things you can set in the run-time context are:</p>
         <ul>
            <li content="para">Values of parameters (external global variables). You can set these using the <code>setParameter()</code>
method. The mappings from Java classes to XQuery/XPath data types is the same as the mapping used for the
returned values from an external Java method call, and is described under 
<xref section="extensibility" page="function-result">Result of an Extension Function</xref>.</li>
            <li content="para">The context node can be set using the method <code>setContextNode()</code> or
<code>setContextItem()</code>.</li>
            <li content="para">You can also set a URIResolver and/or ErrorListener. These default to the ones that were
used during Query compilation.</li>
         </ul>

         <p>You are now ready to evaluate the query. There are several methods on the <code>QueryExpression</code>
object that you can use to achieve this. The <code>evaluate()</code> method returns the result sequence 
as a Java <code>java.util.List</code>. The <code>evaluateSingle()</code> method is suitable when you know
that the result sequence will contain a single item: this returns this item as an Object, or returns null
if the result is an empty sequence. There is also an <code>iterator</code> method that returns an iterator
over the results. This is a Saxon object of class <code>net.sf.saxon.om.SequenceIterator</code>: it is similar
to the standard Java iterator, but not quite identical; for example, it can throw exceptions. Finally,
there is a <code>run()</code> method, which executes the query, converts the results to an XML document,
and writes this document to a JAXP <code>Result</code> object, which may represent a DOM, a SAX ContentHandler,
or a serial output stream.</p>

         <p>The <code>evaluate()</code> and <code>evaluateSingle()</code> methods return the result as a Java object
of the most appropriate type: for example a String is returned as a <code>java.lang.String</code>, a 
boolean as a <code>java.lang.Boolean</code>. A node is returned using the Saxon representation of a node,
<code>net.sf.saxon.om.NodeInfo</code>. With the standard and tinytree models, this object also implements
the DOM <code>Node</code> interface (but any attempt to update the node throws an error).</p>

         <p>The <code>iterator()</code> method, by contrast, does not do any conversion of the result. It is returned
using its native Saxon representation, for example a String is returned as an instance of 
<code>sf.net.saxon.value.StringValue</code>. You can then use all the methods available on this class
to process the returned value.</p>

         <p>The <code>run()</code> method is probably the most efficient in the case of queries that construct a new
document as their output, because it allows the nodes of the result document to be serialized (or sent to the
destination) as they are created, without creating a tree structure in memory first.</p>

         <p>Here is a simple example for a query that returns a singleton integer result:</p>
         <example><![CDATA[
DynamicQueryContext dynamicContext = 
        new DynamicQueryContext(config);
dynamicContext.setContextNode(
        config.buildDocument(
                new StreamSource(new File("books.xml"))));
Long count = (Long)exp.evaluateSingle(dynamicContext);
System.out.println("There are " + count.intValue() + " books");
]]></example>

         <p>Here is an example where the query returns a list of nodes:</p>
         <example><![CDATA[
XQueryExpression exp = staticContext.compileQuery("//ITEM/TITLE");
DynamicQueryContext dynamicContext = 
        new DynamicQueryContext(config);
dynamicContext.setContextNode(
        config.buildDocument(
                new StreamSource(new File("books.xml")));
SequenceIterator books = exp.iterator(dynamicContext);
while (true) {
    NodeInfo book = (NodeInfo)books.next();
    if (book==null) break;
    String title = book.getStringValue();
    System.out.println(title);
}
]]></example>
         <subtitle>Wrapped Output</subtitle>

         <p>If you want to process the results of the query in your application, that's all there is to it. But you
may want to output the results as serialized XML. Saxon provides two ways of doing this: you can produce
wrapped output, or raw output. Raw output works only if the result consists of a single document or element
node, and it outputs the subtree rooted at that element node in the form of a serialized XML document. The
simplest way to produce raw output is to use the <code>run()</code> method on the <code>XQueryExpression</code>
object, but you can also do it by retrieving the result as a SequenceIterator and passing this to the
<code>serialize()</code> method of the <code>QueryResult</code> class.</p>

         <p>Wrapped
output works for any result sequence, for example a sequence of integers or a sequence of attribute and
comment nodes; this works by wrapping each item in the result sequence as an XML element, with details
of its type and value. To produce wrapped output, you first wrap the result sequence as an XML tree, and then serialize the
tree. This can be done using the <code>QueryResult</code> class. This class doesn't need to be
instantiated, its methods are static. The method <code>QueryResult.wrap</code> takes as input the iterator
produced by evaluating the query using the <code>iterator()</code> method, and produces as output
a <code>DocumentInfo</code> object representing the results wrapped as an XML tree. The method
<code>QueryResult.serialize</code> takes any document or element node as input, and writes it to
a specified destination, using specified output properties. The destination is supplied as an object
of class <code>javax.xml.transform.Result</code>. Like the <code>Source</code>, this is part of the
JAXP API, and allows the destination to be specified as a StreamResult (representing a byte stream or
character stream), a SAXResult (which wraps a SAX ContentHandler), or a DOMResult
 (which delivers the result as a DOM). The output properties are used only when writing to
 a StreamResult: they correspond to the properties available in the <code>xsl:output</code> element
 for XSLT. The property names are defined by constants in the JAXP <code>javax.xml.transform.OutputKeys</code>
 class (or <code>net.sf.saxon.event.SaxonOutputKeys</code> for Saxon extensions): for details of the
 values that are accepted, see the JavaDoc documentation or the JAXP specification.</p>

         <p>Here is an example that produces wrapped output:</p>
         <example><![CDATA[
XQueryExpression exp = 
        staticContext.compileQuery("//ITEM");
DynamicQueryContext dynamicContext = 
        new DynamicQueryContext(config);
dynamicContext.setContextNode(
        config.buildDocument(
                new StreamSource(new File("books.xml")));
SequenceIterator books = exp.iterator(dynamicContext);
DocumentInfo resultDoc = QueryResult.wrap(books, config);
Properties props = new Properties();
props.setProperty(OutputKeys.METHOD, "xml");
props.setProperty(OutputKeys.INDENT, "yes");
QueryResult.serialize(resultDoc, 
        new StreamResult(System.out), props);
]]></example>

         <p>This example produces output without wrapping:</p>
         <example><![CDATA[
XQueryExpression exp = staticContext.compileQuery("//ITEM");
DynamicQueryContext dynamicContext = 
        new DynamicQueryContext(config);
dynamicContext.setContextNode(
        config.buildDocument(
                new StreamSource(new File("books.xml")));
SequenceIterator books = exp.iterator(dynamicContext);
Properties props = new Properties();
props.setProperty(OutputKeys.METHOD, "xml");
props.setProperty(OutputKeys.INDENT, "no");
int nr = 1;
while (true) {
    NodeInfo book = (NodeInfo)books.next();
    if (book==null) break;
    System.out.println("===== BOOK " + nr + " =====");
    QueryResult.serialize(book, new StreamResult(System.out), props);
}     
]]></example>

         <p>If the results do not need to be processed by the application, the same effect can be 
achieved more efficiently using the code shown below:</p>
         <example><![CDATA[
XQueryExpression exp = staticContext.compileQuery("//ITEM");
DynamicQueryContext dynamicContext = 
        new DynamicQueryContext(config);
dynamicContext.setContextNode(
        config.buildDocument(
                new StreamSource(new File("books.xml")));
Properties props = new Properties();
props.setProperty(OutputKeys.METHOD, "xml");
props.setProperty(OutputKeys.INDENT, "no");
exp.run(dynamicContext, new StreamResult(System.out), props);           
]]></example>
      </subpage>
   </page>

   <page xml:id="update">
      <title>Using XQuery Update</title>

      <p>Saxon-EE supports use of the update extensions to XQuery defined in
<a href="http://www.w3.org/TR/xquery-update-10/">http://www.w3.org/TR/xquery-update-10/</a>. The
current version supported is the Candidate Recommendation.</p>

      <p>Update is available only in Saxon-EE, and is supported only if explicitly requested. The command line
has an option <code>update:on</code> for this purpose, and all the XQuery APIs have an option to enable
updating, which must be set before compiling the query. If this option is not set, the parser will not recognize
update syntax, and any use of updating expressions will trigger a syntax error.</p>

      <p>It is possible for an update to modify the document supplied as the context item, or a document
read using the <code>doc()</code> or <code>collection()</code> function, or even a document constructed
dynamically by the query itself. When using the various APIs, the general policy is that updated documents
are never written automatically to disk. Instead, the list of updated documents is available to the application
on completion of the query, and the application can decide whether to save the documents to their original
location, or to some other location. Documents that were originally read from disk will have a document URI property
which can be used to decide where to write them back.</p>

      <p>When using XQuery Update from the command line, updated documents will be written back to disk if they
have a known document URI, and if that URI is an updatable location (which in practice means it must be a URI
that uses the <code>file://</code> scheme). For testing purposes, the write-back can be suppressed by using
<code>-update:discard</code>. There is also a <code>-backup</code> option to control whether the old file is
saved under a different name before being overwritten.</p>
      <box>Saxon does no locking to prevent multiple threads attempting to update the same document. This is entirely
a user responsibility.</box>

      <p>Most errors that can arise during updating operations (for example, inserting two conflicting attributes) will cause
an exception, with the supplied input document in memory being left in its original state. However, errors detected
during the validation phase (that is, when the updated document is invalid against the schema, assuming revalidation
is requested) are non-recoverable; after such a failure, the state of the document is unpredictable. Generally the (invalid)
updates will have been made, and some of the updates done during schema validation (setting type annotations and default
values) may also have been made.</p>

      <p>Note that updates to a document will fail unless it is implemented using the <b>Linked Tree</b> model.
This can be selected from the command line using <code>-tree:linked</code>, or via configuration settings 
in the API. It is not at present possible to update the Tiny Tree, nor external object models such as DOM, JDOM, or XOM.</p>
   </page>

   <page xml:id="xquery11support">
      <title>XQuery 3.0 Support</title>

      <p>Saxon 9.3 implements selected features from the draft XQuery 3.0 specification (previously known as XQuery 1.1). 
        Note that this specification is at an early stage of development and subject 
to change - Saxon's implementation will change as the spec changes. Note also that there is no commitment
to produce a complete implementation of XQuery 3.0.</p>

      <p>This support is available only in Saxon-EE. It requires XQuery 3.0 to be enabled both at the level of the
API or command line (-qversion:3.0), and in the Query prolog. It cannot be used at the same time as XQuery Updates.</p>
      <subpageindex/>

      <subpage xml:id="trycatch">
         <title>Try/Catch</title>

         <p>The try/catch expression is implemented, but omitting the ability to declare variables to receive
error information. The syntax is:</p>
         <example><![CDATA[
"try" "{" expression "}" 
( "catch" NameTest ('|' NameTest)* "{" expression "}" )+
]]></example>

         <p>The NameTest might be <code>*</code> to catch all errors, or <code>err:FODC0002</code> to catch a specific error. The forms
<code>*:local</code> and <code>prefix:*</code> are also supported. 
The namespace prefix <code>err:</code> is predeclared.</p>
      </subpage>

      <subpage xml:id="groupby">
         <title>Grouping</title>

         <p>A subset of the grouping syntax from the draft XQuery 3.0 specification is implemented. The <code>group by</code> clause
must be preceded in the FLWOR expression by (a) a single <code>for</code> clause, which selects the sequence to be grouped, and (b)
a single <code>let</code> clause, which defines the grouping key; the "group by" clause must name the variable that is declared in the
<code>let</code> clause. For example: <code>for $x in //employee let $k := $x/department group by $k return ...</code>.
Within the <code>return</code> clause, <code>$x</code> refers to the content of the current group, and <code>$k</code>
to the current grouping key.</p>

         <p>The clauses <code>where</code> and <code>order by</code> may optionally appear after the <code>group by</code>.
The sequence of clauses must therefore be: <code>FOR LET GROUP-BY WHERE? ORDER-BY? RETURN</code>.</p>

         <p>The following example groups employees by location, considering only those where the location is non-null:</p>
         <example><![CDATA[
for $e in //employee
let $loc := $e/location
group by $loc
where exists($oc)
order by count($e)
return <location name="{$loc}" count="{count($e)}">{$e}</location>
]]></example>
      </subpage>

      <subpage xml:id="multiple-where">
         <title>Multiple where clauses</title>

         <p>With XQuery 3.0 enabled, a FLWOR expression may contain multiple where clauses.
    For example <code>for $c in customer where $c/credit &gt; 0 where $c/region = 'EMEA'</code>
    The effect is exactly as if the clauses had been separated with the "and" operator.</p>
      </subpage>

      <subpage xml:id="contextitem">
         <title>Declaring the Initial Context Item</title>

         <p>The <code>declare context item</code> declaration in the query prolog is implemented. This allows a
required type and a default value to be declared for the context item.</p>

         <p>At present (the rules aren't entirely clear)
it is possible to specify a value from the calling API, or to not specify a value, regardless whether
"external" is specified or not.</p>

         <p>At present there is no interaction with the API facilities for defining
a required type for the context item: both can be used independently.</p>
      </subpage>

      <subpage xml:id="higherorderfunctions">
         <title>Higher Order Functions</title>

         <p>Saxon-EE implements the new facilities for higher-order functions in XQuery.</p>
         <ul>
            <li content="para">An XPath item may be a <i>function item</i>, that is, a dynamic reference to a function. Function items can be
manipulated in the same way as any other item, for example they can be held in variables, passed as parameters, returned as a function result,
or arranged in sequences of items. In Saxon function items are currently represented as primitive atomic values,
unlike the Working Draft which represents them as a third kind of item alongside atomic values and nodes.</li>
            <li content="para">An expression such as <code>fn:contains#2</code> returns a function item bound to the 2-argument version
of the <code>fn:contains</code> function. Saxon previously allowed this using the syntax <code>saxon:function('fn:contains', 2)</code>.
Such an expression will often appear as an argument to a higher order function that expects a function item
as one of its arguments.</li>
            <li content="para">If the value of a variable <code>$f</code> is a function item, the function can be invoked using the
syntax <code>$f(x, y, z)</code>. Here <code>$f</code> can be any primary expression or filter expression so long as its
value is a single function item. Saxon previously allowed this using the syntax <code>saxon:call($f, x, y, z)</code>.</li>
            <li content="para">The type of a variable or function parameter can be declared as <code>function()</code> to indicate that
the expected value is a function item. It is also possible to declare the full signature, for example 
<code>function(xs:int, node()*)</code> as xs:string?.</li>
            <li content="para">Inline (anonymous) functions can be written, for example <code>function ($x as xs:integer) as xs:boolean {$x mod 2 eq 0}</code>.
Such a function will typically be used as an argument in a function call expecting a parameter of type <code>function()</code>.</li>
            <li content="para">The functions <code>fn:function-name()</code>, <code>fn:function-arity()</code>, and <code>fn:partial-apply()</code> are implemented.</li>
         </ul>

         <p>Saxon applies function coercion when a function is passed to another function, or when it is returned as a function result.
However it also implements a proposed change to the specification whereby function coercion is not used for operations such as "instance of".
These follow stricter type checking rules: a function <code>F(A,B)-&gt;T</code> is an instance of a type <code>F(X,Y)-&gt;U</code> if every T is
an instance of U, every X is an instance of A, and every Y is an instance of B.</p>
      </subpage>

      <subpage xml:id="miscellaneous">
         <title>Miscellaneous XQuery 3.0 Features</title>

         <p>Computed namespace node constructors are supported, in the form <code>namespace prefix {uri-expression}</code> or
<code>namespace {prefix-expression} {uri-expression}</code>.</p>

         <p>In the query prolog, it is now possible to provide a default value for an external variable (for example,
<code>declare variable $ext external := 0;</code>.</p>

         <p>The "outer for" clause of a FLWOR expression is implemented. The implementation is functionally complete, but there is no
optimization.</p>

         <p>The expression <code>validate by type-name { expr }</code> is implemented.</p>

         <p>The functions <code>format-date()</code>, <code>format-time()</code>, and <code>format-dateTime()</code>,
as specified in XSLT 2.0, are now available in XPath and XQuery. (They are currently available irrespective
of which version of XPath or XQuery is requested. This may change if it is deemed non-conformant.)</p>

         <p>The function <code>format-number()</code> is now available, along with the new syntax in the Query Prolog
to declare a (named or default) decimal-format.</p>
      </subpage>
   </page>

   <page xml:id="callingfunctions">
      <title>Calling XQuery Functions from Java</title>

      <p>Although the usual way to invoke XQuery from a Java application is to compile and execute a query
as described above, it is also possible to invoke individual XQuery functions directly from Java if required.
This interface is very efficient but performs less validation of parameters than the standard interface described above.
To achieve this, first compile the query as described above, specifying a query that includes one or more
<code>declare function</code> declarations in the query prolog. It is then possible to retrieve the 
<code>UserFunction</code> objects representing the compiled code of these functions, by calling the
<code>getUserDefinedFunction</code> method on the <code>StaticQueryContext</code> object.
As discussed above, the information is not held in the original <code>StaticQueryContext</code> object
(which Saxon does not alter), but in a modified copy which is obtainable from the <code>XQueryExpression</code>
object. Once found,
such a function can be called using its <code>call</code> method. The first argument to this is an array 
containing the values of the arguments. These must be supplied using Saxon's native classes, for example
an integer argument is supplied as an instance of <code>net.sf.saxon.value.IntegerValue</code>. These
values must be of the type expected by the function; no conversion or type checking takes place (which
means that a ClassCastException will probably occur if the wrong type of value is supplied). The second
argument to the <code>call</code> method is a <code>Controller</code>. A Controller can be obtained
by calling the <code>getController()</code> method on the <code>XQueryExpression</code> object. The same Controller
can be used for a series of separate function calls.</p>

      <p>For example:</p>
      <example><![CDATA[
Configuration config = new Configuration();
StaticQueryContext sqc = config.newStaticQueryContext();

XQueryExpression exp1 = sqc.compileQuery(
        "declare namespace f='f.ns';" +
        "declare function f:t1($p as xs:integer) { $p * $p };" +
        "declare function f:t2($p as xs:integer) { $p + $p };" +
        "1"
);

StaticQueryContext sqc2 = exp1.getStaticContext();
UserFunction fn1 = sqc2.getUserDefinedFunction("f.ns", "t1", 1);
UserFunction fn2 = sqc2.getUserDefinedFunction("f.ns", "t2", 1);
Controller controller = exp1.getController();

IntegerValue[] arglist = new IntegerValue[1];
for (int x=1; x<1000000; x++) {
    arglist[0] = new IntegerValue(x);
    Value v1 = fn1.call(arglist, controller);
    Value v2 = fn2.call(arglist, controller);
    System.err.println("Returned product " + v1 + "; sum =" + v2);
}]]></example>
   </page>

   <page xml:id="resultformat">
      <title>Result Format</title>

      <p>The result of a query is a sequence of nodes and atomic values - which means it is not, in general,
an XML document. This raises the question as to how the results should be output.</p>

      <p>The Saxon command line processor for XQuery by default produces the output in raw format.
This converts the result sequence to a document following the rules of the XQuery <code>document{}</code>
constructor, and then serializes this document.</p>

      <p>The alternative is wrapped format, requested using the <code>-wrap</code> argument.
This wraps the result sequence as an XML document,
and then serializes the resulting document. Each item in the result sequence is wrapped in an element
(such as <code>result:element</code> or <code>result:atomic-value</code>) according to its type. The sequence
as a whole is wrapped in a <code>result:sequence</code> element.</p>
   </page>

   <page xml:id="querycompilation">
      <title>Compiling Queries to Java code</title>

      <p>Saxon-EE provides the capability to compile a query to Java source code.
The Java source code can then be compiled to byte code in a class file, which can be executed in the
same way as any other Java program.</p>

      <p>This is achieved by adding a code-generation phase to the existing query analysis phase. The query
analyzer generates an optimized expression tree in memory. In interpreted execution, the run time
system evaluates this expression tree directly. With compiled execution, the expression tree
is compiled to Java code. The Java code makes calls on the Saxon run-time to perform operations such
as navigating the source tree and serializing the output.</p>

      <p>The following sections discuss Java code generation in more detail.</p>
      <subpageindex/>

      <subpage xml:id="limitations">
         <title>Limitations</title>

         <p>There are a number of limitations when queries are compiled to Java code:</p>
         <ul>
            <li content="para">Collations are not supported on all function calls
(especially when supplied as dynamic values)</li>
            <li content="para">Loop-lifted expressions are evaluated
eagerly, which means that dynamic errors may occur that should be masked</li>
            <li content="para">Many native Saxon extensions are unsupported, including functions such as <code>saxon:function()</code>
and <code>saxon:call()</code>, <code>saxon:format-number()</code> and <code>saxon:analyze-string()</code>.</li>
            <li content="para">XQuery Update and XQuery 3.0 extensions are not supported.</li>
            <li content="para">Not all calls to external (Java) functions are supported. In particular, calls that involve
collections and arrays may not work, as well as other calls where no static type information is available.
It's always possible to circumvent any restrictions by writing a Java wrapper around the desired target 
method that takes Saxon values as its arguments and result type (that is, classes such as <code>NodeInfo</code>,
<code>ValueRepresentation</code> and <code>SequenceIterator</code>.) There should also be no difficulty passing
simple atomic values such as strings, numbers, and booleans.</li>
         </ul>
      </subpage>

      <subpage xml:id="compilercommandline">
         <title>Java Code Generation from the Command Line</title>

         <p>The compilation is normally run from the command line, using the command:</p>
         <command>java com.saxonica.CompileQuery [options] filename...</command>

         <p>where <i>filename</i> is a list of XQuery source files to be compiled. It is also possible to
use wildcards, for example <code>*.xq</code> to compile all the queries in a directory.</p>

         <p>The options are as follows (note that these have not been converted to use the -key:value style
                  used in other Saxon commands):</p>
         <table>
            <tr>
               <td content="para">Option</td>
               <td content="para">Meaning</td>
            </tr>
            <tr>
               <td content="para">-package package-name</td>
               <td content="para">Name of the Java package to use for the generated class(es). By
default, the class(es) will not be in any package.</td>
            </tr>
            <tr>
               <td content="para">-class class-name</td>
               <td content="para">The name of the class to be generated, excluding any
package name. Use only when compiling a single query. By
default, a class name is constructed from the last part of the input filename, using an algorithm that strips punctuation
and adds capitalization according to Java conventions.</td>
            </tr>
            <tr>
               <td content="para">-jdir directory</td>
               <td content="para">Directory to hold the generated Java source code. If the source code is 
generated in a package, then subdirectories will be created as necessary to represent the package structure.</td>
            </tr>
            <tr>
               <td content="para">-e</td>
               <td content="para">Explain: show the structure of the optimized query</td>
            </tr>
            <tr>
               <td content="para">-servlet</td>
               <td content="para">Generate the Java code in the form of a servlet</td>
            </tr>
            <tr>
               <td content="para">-superclass</td>
               <td content="para">Full name of the class to act as the superclass of the 
generated class. Only needed if you want to customize the behavior.
Typically a user-defined subclass of <code>com.saxonica.deploy.CompiledUserQuery</code> or
<code>com.saxonica.deploy.CompiledQueryServlet</code>.</td>
            </tr>
            <tr>
               <td content="para">-t</td>
               <td content="para">Display progress information</td>
            </tr>
            <tr>
               <td content="para">-sa</td>
               <td content="para">Query is schema-aware</td>
            </tr>
            <tr>
               <td content="para">-untyped</td>
               <td content="para">Convert parameters to their required type. If set, this option causes the generated code to accept
                untypedAtomic values for external variables, and convert them to their declared type. This option is especially useful
                if the generated query is to be run from the command line, as all parameters supplied on the command line are
                treated as untypedAtomic values.</td>
            </tr>
         </table>

         <p>The Java code is generated in the requested file, and it must then be compiled using the Java compiler
in the normal way. The classes referenced by the generated code are all in <code>saxon9sa.jar</code>,
which must be on the compiler classpath.</p>
      </subpage>

      <subpage xml:id="runningcompiledfromcommandline">
         <title>Running Compiled Code from the Command Line</title>

         <p><i>This section does not apply to code generated with the <code>-servlet</code> option.</i></p>

         <p>The generated Java code has a main() method allowing it to be run directly from the command
line. This is not the most efficient way of running a query, because of the overhead of starting up
the Java runtime; but it is useful when testing, or to execute a long-running "batch" query.</p>

         <p>The query is run in the same way as any other Java program:</p>
         <command>java <i>query-class</i> [options] [keyword=value]...</command>

         <p>Note that the classpath must include <code>saxon9ee.jar</code> and <code>saxon9ee-gc.jar</code>as well as the directory in which
the Saxon-EE license file is installed.</p>

         <p>The options available on the command line are as follows:</p>
         <table>
            <tr>
               <td content="para">Option</td>
               <td content="para">Meaning</td>
            </tr>
            <tr>
               <td content="para">-s source-file</td>
               <td content="para">XML source file to be assigned to the initial context node</td>
            </tr>
            <tr>
               <td content="para">-t</td>
               <td content="para">Display timing, version, and progress information</td>
            </tr>
            <tr>
               <td content="para">-o output-file</td>
               <td content="para">File to hold the serialized output of the query</td>
            </tr>
            <tr>
               <td content="para">-val</td>
               <td content="para">Apply strict schema validation to input files.</td>
            </tr>
            <tr>
               <td content="para">-vlax</td>
               <td content="para">Apply lax schema validation to input files</td>
            </tr>
         </table>

         <p>A keyword=value pair is used to supply the value of an external variable defined in the
query prolog. If the variable name is in a namespace, the keyword should use Clark notation, that
is "{uri}localname". The value is interpreted as an untypedAtomic value. If the <code>-untyped</code> option
was specified when compiling the code, the value will be cast
to the required type of the variable (for example if the
variable <code>start</code> is declared as an integer, then the value can be supplied in the form
<code>start=42</code>).</p>

         <p>The notation <code>+keyword=filename</code> can be used to initialize an external variable to
hold the document node of an XML document identified by the given filename.</p>

         <p>The notation <code>!keyword=value</code> can be used to set serialization parameters. For example
<code>!indent=yes</code> causes the output to be indented.</p>

         <p>Note that there is no option on the command line to load additional schema documents. Schema
components that are needed during query execution must be derived either from schema documents that
were imported into the query at compile time, or must be referenced using <code>xsi:schemaLocation</code>
in a source document.</p>
      </subpage>

      <subpage xml:id="runningcompiledasservlet">
         <title>Running a Compiled Query as a Servlet</title>

         <p>If a query has been compiled as a servlet, the class file should be installed in the relevant application
directory of the servlet container, and registered in the <code>web.xml</code> configuration file
in the normal way.</p>

         <p>The query can then be invoked using an HTTP GET request using the name assigned to the servlet
in the configuration file</p>

         <p>By default (see below) it is possible to specify query parameters in the URL used to invoke the query. For example if the URL
is <code>http://localhost:8080/servet/qexample?x=10&amp;y=20</code>, and if the query body declares external variables
$x and $y, then these will be initialized to the values 10 and 20.</p>

         <p>The query output will be serialized and written to the HTTP response stream. Serialization parameters
can be written within the query using the <code>saxon:output</code> option declaration.</p>

         <p>When you compile a query as a servlet, the Java class generated will extend 
<code>com.saxonica.deploy.CompiledQueryServlet</code>. Alternatively, you can nominate a superclass for the
generated code, which should itself subclass <code>CompiledQueryServlet</code>, giving you more control
over the behavior of the servlet, for example the way in which parameters are supplied. This is particularly
useful if different servlets are to share resources such as access to in-memory documents.</p>

         <p>During servlet initialization, the init() method attempts to determine whether the servlet context
 includes an attribute named <code>com.saxonica.servlet.applicationdata</code> that is an instance of the
 interface <code>SharedApplicationDataHandler</code>. If this object exists, it is called on each servlet 
 request, at which
 point it has the opportunity to configure the <code>Controller</code> for the query execution, 
 for example by supplying
 parameter values, setting a <code>URIResolver</code>, or otherwise.</p>

         <p>If no <code>SharedApplicationDataHandler</code> object is available, external variables for the query can be specified
 as query parameters in the request URL. The names of query parameters are taken as local names of no-namespace
  variables, and the values are treated as <code>xs:untypedAtomic</code> strings (which will be converted to the declared type
 of the variable if necessary, provided that the code was compiled using the <code>-untyped</code> option). 
 Any query parameters that do not correspond to declared external variables in
 the query will be ignored.</p>
      </subpage>

      <subpage xml:id="callingcompiledfromapp">
         <title>Calling Compiled Queries from an Application</title>

         <p><i>This section does not apply to code generated with the <code>-servlet</code> option.</i></p>

         <p>When a query is compiled, as well as having a <code>main</code> method allowing invocation from the
operating system command line, it will also have a <code>run()</code> method allowing invocation from
a Java application. This takes two parameters: a JAXP <code>Result</code> object to define the destination
of the query output, and an <code>outputProperties</code> value to define serialization properties.</p>

         <p>A query compiled in this way is not thread-safe. A new instance of the generated class should be created
in each thread. Within a thread, the object is serially reusable.</p>

         <p>Parameters to the query may be supplied using the method <code>setExternalVariable</code>. This accepts the
name of the variable in Clark notation ({uri}local), and the value as an instance of Saxon's
<code>ValueRepresentation</code> class. Most commonly this will be a <code>StringValue</code>, an <code>Int64Value</code>,
or a <code>BooleanValue</code>.</p>
      </subpage>
   </page>

   <page xml:id="extensibility">
      <title>Extensibility</title>

      <p>The Saxon XQuery implementation allows you to call Java methods as external functions.
The function does not need to be declared. Use a namespace declaration such as 
<code>declare namespace math="java:java.lang.Math"</code>,
and invoke the method as <code>math:sqrt(2)</code>.</p>

      <p>More details of this mechanism are found in 
<xref section="extensibility" page="functions">Writing Extension Functions</xref>; note however
that for XQuery the only form of namespace URI accepted is <code>java:<i>full.class.Name</i></code>.</p>

      <p>Saxon recognizes the XQuery pragma syntax, but it currently defines only one pragma of its own,
the <code>saxon:validate-type</code> pragma (see <xref page="extensions">Extensions</xref>).
Saxon will adopt the correct fallback behavior if presented with a query that uses another
vendor's extensions, provided these are designed in conformance with the W3C pragma specification.</p>

      <p>Saxon also recognizes the XQuery option declaration syntax. Several specific option declarations are
provided: <code>declare option saxon:default</code> declares a default value for external variables
(query parameters); <code>declare option saxon:output</code> declares a serialization parameter;
and <code>declare option saxon:memo-function</code> defines whether the following function declaration is
to be implemented as a memo function.
These are described under <xref page="extensions">Extensions</xref>. Any other option declaration in the
Saxon namespace is ignored with a warning; an option declaration in any other namespace is ignored silently.</p>
   </page>

   <page xml:id="extensions" size="1.5">
      <title>Extensions</title>

      <p>The full library of Saxon and EXSLT functions described in <xref section="extensions">Extensions</xref>
is available, except for those (for example, some forms of <code>saxon:serialize</code>) 
that have an intrinsic dependency on an XSLT stylesheet.</p>
      <subtitle>declare option saxon:default</subtitle>

      <p><i>This extension is obsolescent, as the functionality is available from Saxon 9.2 onwards using the syntax
appearing in the draft XQuery 3.0 specification.</i></p>

      <p>An XQuery option declaration is defined allowing a default value to be specified for a query parameter (external variable).
The syntax is illustrated below:</p>
      <example><![CDATA[
declare namespace saxon="http://saxon.sf.net/";
declare option saxon:default "20";
declare variable $x external;
]]></example>

      <p>The default value is written as an XPath expression. The surrounding quotes are part of the "declare option"
syntax, not part of the expression: therefore, if the default value is to be supplied as a string literal, two
sets of quotes are needed. In the above example, the default value is the integer 20, not a string.
Perhaps it would be clearer to show this by writing <code>saxon:default "(+20)"</code></p>
      <subtitle>declare option saxon:output</subtitle>

      <p>Saxon provides an option declaration to set serialization parameters. This takes the form
shown in the following example:</p>
      <example><![CDATA[
declare namespace saxon="http://saxon.sf.net/";
declare option saxon:output "method=html";
declare option saxon:output "saxon:indent-spaces=1";
]]></example>

      <p>The standard serialization parameters described in 
<a href="http://www.w3.org/TR/xslt-xquery-serialization/">The W3C Serialization specification</a>
are all available, namely:</p>
      <ul>
         <li content="para">byte-order-mark</li>
         <li content="para">cdata-section-elements</li>
         <li content="para">doctype-public</li>
         <li content="para">doctype-system</li>
         <li content="para">encoding</li>
         <li content="para">escape-uri-attributes</li>
         <li content="para">include-content-type</li>
         <li content="para">indent</li>
         <li content="para">media-type</li>
         <li content="para">method</li>
         <li content="para">normalization-form</li>
         <li content="para">omit-xml-declaration</li>
         <li content="para">standalone</li>
         <li content="para">undeclare-prefixes</li>
         <li content="para">use-character-maps (only useful in XSLT)</li>
         <li content="para">version</li>
      </ul>

      <p>In addition some Saxon-specific serialization parameters are available:
see <xref section="extensions" page="output-extras">Additional serialization parameters</xref>.</p>
      <subtitle>declare option saxon:memo-function</subtitle>

      <p>Saxon provides an option declaration to treat the immediately following function as a memo-function. 
This takes the form shown in the following example:</p>
      <example><![CDATA[
declare namespace saxon="http://saxon.sf.net/";
declare option saxon:memo-function "true";
declare function local:factorial($n as xs:integer) as xs:integer {
  local:factorial($n - 1) * n
};
]]></example>

      <p>A memo function remembers the results of previous calls, so if it is called twice with the same
arguments, it will not repeat the computation, but return the previous result.</p>

      <p>The allowed values of the option are "true" and "false" (the default is false), and any other value
is ignored with a warning.</p>
      <subtitle>declare option saxon:allow-cycles</subtitle>

      <p>Saxon checks for the error XQST0093 which was introduced in the Proposed Recommendation. This error
makes it illegal for a function or variable in module A to reference a function or variable in module B if there
is a function or variable in module B that references one in A. Because this restriction is quite unnecessary
and makes it very difficult to write modular applications, Saxon provides an option
<code>declare option saxon:allow-cycles "true"</code> to disable this check. This option also disables
error XQST0073, which otherwise occurs when two modules in different namespaces import each other</p>

      <p>The allowed values of the option are "true" and "false" (the default is false), and any other value
is ignored with a warning.</p>

      <p>This option does not disable the check for cycles that would actually cause execution to fail, for
example a global variable $V1 whose initializer uses $V2, when $V2 similarly depends on $V1.</p>

      <p>Note that this option declaration must be written <i>after</i> the module imports, but before any
variable or function declarations.</p>
      <subtitle>The saxon:validate-type pragma</subtitle>

      <p><i>This extension is largely obsolescent: Saxon 9.3 implements the XQuery 3.0 syntax for validation
by type. The extension does serve one remaining purpose, which is to allow attributes to be validated.
(The standard syntax requires an element or document node.).</i></p>

      <p>Saxon-EE provides a pragma (a language extension) to allow constructed elements to be validated
against a schema-defined global type definition. The standard <code>validate</code> expression allows validation
only against a global element declaration, but some schemas (an example is FpML) provide very few global elements,
and instead rely heavily on locally-declared elements having a global type. This makes it impossible to construct
fragments of an FpML document in a way that takes advantage of static and dynamic type checking.</p>

      <p>The extension takes the form:</p>
      <example><![CDATA[
(# saxon:validate-type my:personType #) { expr }
]]></example>

      <p>Conceptually, it makes a copy of the result of evaluating <code>expr</code> and validates it against the named
schema type, causing the copied nodes to acquire type annotations based on the validation process. The effect is the
same as that of the <code>type</code> attribute in XSLT instructions such as <code>xsl:element</code> and
<code>xsl:copy-of</code>. The schema type (shown in the above example as <code>myPersonType</code>) may be a 
simple type or a complex type defined in an imported schema, or a built-in type; it is written as a QName,
using the default namespace for elements and types if it is unprefixed.</p>

      <p>Note that XQuery processors other than Saxon will typically ignore this pragma, and return the value of
<code>expr</code> unchanged. Such processors will report type-checking failures if the value is used in a 
context where the required type is <code>element(*, type-name)</code>.</p>

      <p>You can use a different namespace prefix in place of "saxon", but it must be bound using a 
namespace declaration to the namespace "http://saxon.sf.net/".</p>

      <p>Here is a complete example:</p>
      <example><![CDATA[
module namespace tim="http://www.example.com/module/hour-minute-time";
declare namespace saxon="http://saxon.sf.net/";
import schema namespace fpml = "http://www.fpml.org/2005/FpML-4-2" at "....";

declare function time:getCurrentHourMinuteTime() as element(*, fpml:HourMinuteTime) {
    let $time = string(current-time())
    return
        (# saxon:validate-type fpml:HourMinuteTime #) {
            <time>{substring($time, 1, 5)}:00</time>
        }
};        
]]></example>

      <p>Saxon ignores any pragmas in a namespace other than the Saxon namespace; it rejects any pragmas whose QName is
ill-formed, as well as pragmas in the Saxon namespace whose local name is not recognized.</p>

      <p>The construct also allows validation of attributes against a simple type definition, for example:</p>
      <example><![CDATA[
module namespace tim="http://www.example.com/module/hour-minute-time";
declare namespace saxon="http://saxon.sf.net/";
import schema namespace fpml = "http://www.fpml.org/2005/FpML-4-2" at "....";

declare function time:getCurrentHourMinuteTime() as attribute(*, fpml:HourMinuteTime) {
    let $time = string(current-time())
    return (# saxon:validate-type fpml:HourMinuteTime #) {
       attribute time {concat(substring($time, 1, 5), ':00')}
    }
};        
]]></example>
   </page>

   <page xml:id="usecases">
      <title>Use Cases</title>

      <p>Saxon runs all the <a href="http://www.w3.org/xquery-use-cases">XQuery Use Cases</a>.</p>

      <p>The relevant queries (some of which have been corrected from those published by W3C) are included
in the Saxon distribution (folder <code>use-cases</code>) together with batch scripts for running them.
A few additional use cases have been added to show features that would otherwise not be exercised.
A separate script is available for running the STRONG use cases since these require Saxon-EE.</p>

      <p>Also included in the distribution is a query <code>samples/query/tour.xq</code>. This is a query that
generates a knight's tour of the chessboard. It is written as a demonstration of recursive functional
programming in XQuery. It requires no input document. You need to supply a parameter on the command
line indicating the square where the knight should start, for example <code>start=h8</code>. The output
is an HTML document.</p>
   </page>
</section>
