<?xml version="1.0" encoding="UTF-8"?>
<section xml:id="using-xsl">
   <title>Using XSLT 2.0</title>

   <page xml:id="intro">
      <title>Using XSLT 2.0 Stylesheets</title>

      <p>This section describes how to use Saxon XSLT 2.0 stylesheets, either from the command line,
or from the <index>Java API</index>, or from <index>Ant</index>.</p>

      <p>It also describes the subset of <xref page="xslt30">XSLT 3.0</xref> (previously known as XSLT 2.1) that Saxon currently implements.</p>
   </page>

   <page xml:id="commandline" size="0.7">
      <title>Running XSLT from the Command Line</title>

      <p>A command is available to apply a given stylesheet to a given source XML document. For simple transformations
on the Java platform, use the command:</p>
      <command>java net.sf.saxon.Transform -s:<i>source</i> -xsl:<i>stylesheet</i> -o:<i>output</i>
      </command>

      <p>where <i>source</i>, <i>stylesheet</i>, and <i>output</i> are the source XML file, the XSLT stylesheet,
and the output file respectively.</p>

      <p>For the .NET platform, the command is simply:</p>
      <command>Transform -s:<i>source</i> -xsl:<i>stylesheet</i> -o:<i>output</i>
      </command>

      <p>For a schema-aware transformation, specify the option <code>-sa</code>, or (on the
Java platform only) use the alternate entry point <code>com.saxonica.Transform</code>. 
For more details see <xref section="schema-processing" page="satransformcmd">Schema-Aware Transformations</xref>.</p>

      <p>For backwards compatibility with previous releases, the prefixes "-s:" and "-xsl:" can be omitted
provided that the source document and the stylesheet are the last two options before any keyword=value
parameters.</p>

      <p>More generally, the arguments consist of a number of options prefixed with "-", then optionally
(for backwards compatibility) the source filename and/or stylesheet filename, then a number of parameters provided as
keyword=value pairs. The options must come first, then the file names if present, then the parameters.</p>

      <p>For this to work, all the necessary Java components must be available on the <index>classpath</index>. See
<xref section="about" page="installationjava">Installation</xref> for details of how to set up the classpath.</p>

      <p>If you are are not using any additional Java libraries, you can use the simpler form of command (this example
  is for the Home Edition):</p>
      <command>java  -jar <i>dir</i>/saxon9he.jar [options] [params]</command>

      <p><i>Note, however, that this does not work if you need to load user-written extension functions or 
other classes from the classpath. It will therefore not work if your stylesheet uses extension functions
or other plug-in components such as parsers or URI resolvers.</i></p>

      <p>The options are as follows (in any order): </p>
      <table>
         <tr>
            <td content="para">-a[:(on|off)]</td>
            <td content="para">Use the xml-stylesheet processing instruction in the source document
to identify the stylesheet to be used. The stylesheet argument must not be present on the command line.
</td>
         </tr>
         <tr>
            <td content="para">-c:filename</td>
            <td content="para">Indicates that the a compiled stylesheet is to be loaded from the given filename. 
The stylesheet must have been previously compiled as
described in <xref page="compiling">Compiling a Stylesheet</xref>. If this option is used then the
<code>-xsl:filename</code> option should be omitted.
</td>
         </tr>
         <tr>
            <td content="para">-config:filename</td>
            <td content="para">Indicates that configuration information should be taken from the supplied
      <xref section="configuration" page="configuration-file">configuration file</xref>. Any options supplied
      on the command line override options specified in the configuration file.
    </td>
         </tr>
         <tr>
            <td content="para">-cr:classname</td>
            <td content="para">Use the specified CollectionURIResolver to process collection URIs passed to the
<code>collection()</code> function.
 The CollectionURIResolver is a user-defined class
that implements the <code>net.sf.saxon.CollectionURIResolver</code> interface.</td>
         </tr>
         <tr>
            <td content="para">-dtd:(on|off|recover)</td>
            <td content="para">Setting <code>-dtd:on</code> requests DTD-based validation of the source file and of any files read using the document()
function. Requires an XML parser that supports validation. The setting <code>-dtd:off</code> (which is the default)
suppresses DTD validation. The setting <code>-dtd:recover</code> performs DTD validation but treats the error as non-fatal if
it fails. Note that any external DTD is likely to be read even if not used for validation, because DTDs can contain
definitions of entities.</td>
         </tr>
         <tr>
            <td content="para">-expand:(on|off)</td>
            <td content="para">Normally, if validation using a DTD or Schema is requested, any fixed or default values defined
in the DTD or schema will be expanded. Specifying -expand:off suppresses this.  (In the case of DTD-defined defaults,
this might not work with all XML parsers. It does work with the Xerces parser (default for Java) and the 
Microsoft parser (default for .NET))</td>
         </tr>
         <tr>
            <td content="para">-explain[:filename]</td>
            <td content="para">Display an execution plan for the stylesheet. This is a representation of the
expression tree after rewriting by the optimizer. It compbines the XSLT instructions and the
XPath expressions into a single tree. If no file name
is specified the output is sent to the standard error stream. The output is
a tree in XML format.</td>
         </tr>
         <tr>
            <td content="para">-ext:(on|off)</td>
            <td content="para">If <code>ext:off</code> is specified, suppress calls on dynamically-loaded external Java functions. 
This does not affect calls on integrated extension functions, including Saxon and EXSLT extension
functions. This option is useful when loading an untrusted stylesheet, perhaps from a remote
site using an <code>http://</code> URL; it ensures that the stylesheet cannot call arbitrary Java methods
and thereby gain privileged access to resources on your machine.
</td>
         </tr>
         <tr>
            <td content="para">-im:modename</td>
            <td content="para">Selects the initial mode for the transformation. If this is namespaced, it can be 
written as <code>{uri}localname</code>
            </td>
         </tr>
         <tr>
            <td content="para">-init:initializer</td>
            <td content="para">The value is the name of a user-supplied class
that implements the interface <code>net.sf.saxon.Initializer</code>; this initializer will be called during the initialization process,
and may be used to set any options required on the Configuration programmatically. It is particularly useful for such tasks as
registering extension functions, collations, or external object models, especially in Saxon-HE where the option does not exist to
do this via a configuration file. </td>
         </tr>
         <tr>
            <td content="para">-it:template</td>
            <td content="para">Selects the initial named template to be executed. If this is namespaced, it can be 
written as <code>{uri}localname</code>. When this option is used, you do not need to supply
a source file, but if you do, you must supply it using the <code>-s</code> option.</td>
         </tr>
         <tr>
            <td content="para">-l[:(on|off)]</td>
            <td content="para">If <code>-l</code> or <code>-l:on</code> is specified, 
causes line and column numbers to be maintained for source documents. These are accessible
using the extension functions <code>saxon:line-number()</code> and <code>saxon:column-number()</code>. Line numbers are useful
when the purpose of the stylesheet is to find errors or anomalies in the source XML file.
Without this option, <index>line numbers</index> are available while source documents are being parsed
and validated, but they are not retained in the tree representation of the document.</td>
         </tr>
         <tr>
            <td content="para">-m:classname</td>
            <td content="para">Use the specified Receiver to process the output from xsl:message. The class must implement
the <code>net.sf.saxon.event.Receiver</code> class. This interface is similar to a SAX ContentHandler,
it takes a stream of events to generate output. In general the content of a message is an XML
fragment. By default the standard XML emitter is used, configured to write to the standard error
stream, and to include no XML declaration. Each message is output as a new document.The sequence of calls to this Receiver is as follows: there is a single <code>open()</code> call at
the start of the transformation, and a single <code>close()</code> call at the end; and each evaluation of an <code>xsl:message</code>
instruction starts with a <code>startDocument()</code> call and ends with <code>endDocument()</code>. The <code>startDocument()</code>
event has a <code>properties</code> argument indicating whether <code>terminate="yes"</code> was specified, and the
<code>locationId</code> on calls such as <code>startElement()</code> and <code>characters()</code> can be used to identify
the location in the stylesheet where the message data originated (this is achieved by passing the supplied <code>locationId</code>
in a call to <code>getPipelineConfiguration().getLocator().getSystemId(locationId)</code>, or to <code>getLineNumber()</code>
on the same object).Select the class <code>net.sf.saxon.event.MessageWarner</code> to have <code>xsl:message</code> output
notified to the JAXP <code>ErrorListener</code>, as described in the JAXP documentation.</td>
         </tr>
         <tr>
            <td content="para">-now:yyyy-mm-ddThh:mm:ss+hh:mm</td>
            <td content="para">Sets the value of <code>current-dateTime()</code> (and <code>implicit-timezone()</code>) for
the transformation. This is designed for testing, to enable repeatable results to be obtained
for comparison with reference results, or to test that stylesheets can handle significant dates and
times such as end-of-year processing.</td>
         </tr>
         <tr>
            <td content="para">-o:filename</td>
            <td content="para">Send output to named file. In the absence of this option, the results go to standard output.
If the source argument identifies a directory, this option is mandatory and must also identify
a directory; on completion it will contain one output file for each file in the source directory.
If the stylesheet writes secondary output files using the <code>xsl:result-document</code>
instruction; this filename acts as the base URI for the <code>href</code> attribute of this instruction.
In the absence of this option, secondary output files are written relative to the current working directory.
The file is created if it does not already exist; any necessary directories will also be created.
If the file does exist, it is overwritten (even if the transformation fails); but not if the transformation
produces no principal result tree.</td>
         </tr>
         <tr>
            <td content="para">-opt:0...10</td>
            <td content="para">Set optimization level. The value is
an integer in the range 0 (no optimization) to 10 (full optimization); currently all values other than 0 result in full
optimization but this is likely to change in future. The default is full optimization; this feature allows optimization
to be suppressed in cases where reducing compile time is important, or where optimization gets in the way of debugging,
or causes extension functions with side-effects to behave unpredictably. (Note however, that even with no optimization,
lazy evaluation may still cause the evaluation order to be not as expected.)
</td>
         </tr>
         <tr>
            <td content="para">-or:classname</td>
            <td content="para">Use the specified OutputURIResolver to process output URIs appearing in the <code>href</code>
attribute of <code>xsl:result-document</code>.
 The OutputURIResolver is a user-defined class
that implements the <code>net.sf.saxon.OutputURIResolver</code> interface.</td>
         </tr>
         <tr>
            <td content="para">-outval:(recover|fatal)</td>
            <td content="para">Normally, if validation of result documents is requested, a validation error is fatal. Setting
the option <code>-outval:recover</code> causes such validation failures to be treated as warnings. The validation
message is written both to the standard error stream, and (where possible) as a comment in the result
document itself.</td>
         </tr>
         <tr>
            <td content="para">-p[:(on|off)]</td>
            <td content="para">Use the PTreeURIResolver. This option is available in Saxon-PE and Saxon-EE only. It cannot be used in conjunction
with the -r option, and it automatically switches on the -u and -sa options. The effect is twofold. Firstly, Saxon-specific
file extensions are recognized in URIs (including the URI of the source document on the command line). Currently
the only Saxon-specific file extension is <code>.ptree</code>, which indicates that the source document is supplied
in the form of a Saxon PTree. This is a binary representation of an XML document, designed for speed of loading.
Secondly, Saxon-specific query parameters are recognized in a URI. Currently the only query parameter that is
recognized is <code>val</code>. This may take the values <code>strict</code>, <code>lax</code>, or <code>strip</code>.
For example, <code>source.xml?val=strict</code> loads a document with strict schema validation.
</td>
         </tr>
         <tr>
            <td content="para">-r:classname</td>
            <td content="para">Use the specified URIResolver to process all URIs. The URIResolver is a user-defined class,
that extends the net.sf.saxon.URIResolver class, whose function is to take a URI supplied as
a string, and return a SAX InputSource. It is invoked to process URIs used in the document() function,
in the xsl:include and xsl:import elements, and (if -u is also specified) to process the URIs
of the source file and stylesheet file provided on the command line.</td>
         </tr>
         <tr>
            <td content="para">-repeat:integer</td>
            <td content="para">Performs the transformation N times, where N is the specified integer. This option is useful for
<index>performance measurement</index>, since timings for the first transformation are often dominated by Java warm-up time.</td>
         </tr>
         <tr>
            <td content="para">-s:filename</td>
            <td content="para">Identifies the source file or directory. Mandatory unless the <code>-it</code> option is used.
The source file is parsed to create a tree, and the document node of this tree acts as the initial context
item for the transformation.If the name identifies a directory, all the
files in the directory will be processed individually. In this case the <code>-o</code> option is
mandatory, and must also identify a directory, to contain the corresponding output files.
A directory must be specified as a filename, not as a URL.The source-document can be
specified as "-" to take the source from standard input.<i>For backwards compatibility the source filename can also be specified immediately before the
stylesheet filename, without the <code>-s</code> flag, provided that the <code>-it</code> option
is not present.</i>
            </td>
         </tr>
         <tr>
            <td content="para">-sa</td>
            <td content="para">Invoke a schema-aware transformation. Requires Saxon-EE to be installed. This options is not needed if
either (a) another option implying schema-awareness is present (for example <code>-val:strict</code>) or (b)
the stylesheet contains an <code>xsl:import-schema</code> declaration.</td>
         </tr>
         <tr>
            <td content="para">-strip:(all|none|ignorable)</td>
            <td content="para">Specifies what <index>whitespace</index> is to be stripped from source documents (applies both to the principal source
document and to any documents loaded for example using the <code>document()</code> function. The default is
<code>none</code>: no whitespace stripping. Specifying <code>all</code> strips all whitespace text nodes from 
source documents before any further processing,
regardless of any <code>xsl:strip-space</code> declarations in the stylesheet, or any
<code>xml:space</code> attributes in the source document.Specifying <code>ignorable</code> strips all ignorable whitespace text nodes from source documents 
before any further processing,
regardless of any <code>xsl:strip-space</code> declarations in the stylesheet, or any
<code>xml:space</code> attributes in the source document. Whitespace text nodes are ignorable
if they appear in elements defined in the DTD or schema as having element-only content.</td>
         </tr>
         <tr>
            <td content="para">-t</td>
            <td content="para">Display version and timing information to the standard error output. The output also traces
the files that are read and writing, and extension modules that are loaded.</td>
         </tr>
         <tr>
            <td content="para">-T[:classname]</td>
            <td content="para">Display stylesheet <index>tracing</index> information. This traces execution of
each instruction in the stylesheet, so the output can be quite voluminous.
Also switches line numbering on for the source document. If a classname is
specified, it is a user-defined class, which must implement net.sf.saxon.trace.TraceListener.
If the classname is omitted, a system-supplied trace listener is used.For performance profiling, set classname to <code>net.sf.saxon.trace.TimedTraceListener</code>.
This creates
an output file giving timings for each instruction executed. This output file can subsequently
be analyzed to give an execution time profile for the stylesheet. 
See <xref page="performanceanalysis">Performance Analysis</xref>.</td>
         </tr>
         <tr>
            <td content="para">-TJ</td>
            <td content="para">Switches on tracing of the binding of calls to external Java methods.
This is useful when analyzing why Saxon fails to find a Java method to match
an extension function call in the stylesheet, or why it chooses one method over another when several
are available.</td>
         </tr>
         <tr>
            <td content="para">-TP:filename</td>
            <td content="para">This is equivalent to setting <code>-T:net.sf.saxon.trace.TimedTraceListener</code> and <code>-traceout:filename</code>;
that is, it causes trace profile information to be set to the specified file. This output file can subsequently
be analyzed to give an execution time profile for the stylesheet. 
See <xref page="performanceanalysis">Performance Analysis</xref>.</td>
         </tr>
         <tr>
            <td content="para">-traceout:filename</td>
            <td content="para">Indicates that the output of the <code>trace()</code> function should be directed to a specified file.
Alternatively, specify #out to direct the output to System.out, #err to send it to System.err (the default),
or #null to have it discarded. This option is ignored when a trace listener is in use: in that case, trace()
output goes to the registered trace listener.</td>
         </tr>
         <tr>
            <td content="para">-tree:(linked|tiny|tinyc)</td>
            <td content="para">Selects the implementation of the internal tree model. -tree:tiny selects the "tiny tree"
model (the default). -tree:linked selects the linked tree model. -tree:tinyc selects the "condensed tiny tree" model.
See <xref section="sourcedocs" page="choosingmodel">
Choosing a tree model</xref>.</td>
         </tr>
         <tr>
            <td content="para">-u</td>
            <td content="para">Indicates that the names of the source document and the stylesheet document are URLs;
otherwise they are taken as filenames, unless they start with "http:" or "file:", in which
case they are taken as URLs</td>
         </tr>
         <tr>
            <td content="para">-val[:(strict|lax)]</td>
            <td content="para">Requests schema-based validation of the source file and of any files read using the document()
or similar functions. Validation is available only with Saxon-EE, and this flag automatically switches on the
-sa option. Specify <code>-val</code> or <code>-val:strict</code> to request strict validation,
or <code>-val:lax</code> for lax validation.</td>
         </tr>
         <tr>
            <td content="para">-versmsg:(on|off)</td>
            <td content="para">If versmsg:off is specified, suppress version warnings. 
This suppresses the warning message that is normally issued
(as required by the W3C specification) when running an XSLT 2.0 processor against a stylesheet
that specifies <code>version="1.0"</code>.
</td>
         </tr>
         <tr>
            <td content="para">-warnings:(silent|recover|fatal)</td>
            <td content="para">Indicates the policy for handling recoverable errors in the stylesheet: <code>silent</code> means
recover silently, <code>recover</code> means recover after writing a warning message to the system error
output, <code>fatal</code> means signal the error and do not attempt recovery. (Note, this does not
currently apply to all errors that the XSLT recommendation describes as recoverable).
The default is <code>recover</code>.</td>
         </tr>
         <tr>
            <td content="para">-x:classname</td>
            <td content="para">Use specified SAX parser for source file and any files loaded using the document() function.
 The parser must be the fully-qualified class name
of a Java class that implements the org.xml.sax.Parser or org.xml.sax.XMLReader interfaceOne use of this option is to select an HTML parser such as John Cowan's TagSoup rather than
    an XML parser. In this case, the TagSoup JAR file must be on the classpath, and the class
    name to use is <code>org.ccil.cowan.tagsoup.Parser</code>.Another common use is to specify <code>org.apache.xml.resolver.tools.ResolvingXMLReader</code>. This
parser is provided by the Apache commons project, and it customizes the default parser by using
an <code>EntityResolver</code> that resolves external entity references (notable the reference to an
external DTD in a DOCTYPE declaration) by reference to an OASIS catalog file. This can be used to avoid
repeated calls to external web servers (such as the W3C server) for commonly used DTDs such as the XHTML DTD.</td>
         </tr>
         <tr>
            <td content="para">-xi:(on|off)</td>
            <td content="para">Apply XInclude processing to all input XML documents (including schema and stylesheet modules as
well as source documents). This currently only works when documents are parsed using the Xerces
parser, which is the default in JDK 1.5 and later.</td>
         </tr>
         <tr>
            <td content="para">-xmlversion:(1.0|1.1)</td>
            <td content="para">If <code>-xmlversion:1.1</code> is specified, allows XML 1.1 and XML Namespaces 1.1 constructs. 
This option must be set if source documents 
using XML 1.1 are to be read, or if result documents are to be serialized as XML 1.1. This option
also enables use of XML 1.1 constructs within the stylesheet itself.</td>
         </tr>
         <tr>
            <td content="para">-xsd:file1;file2;file3...</td>
            <td content="para">Loads additional schema documents. The declarations in these schema documents are available when
validating source documents (or for use by the <code>validate{}</code> expression). This option may also be used
to supply the locations of schema documents that are imported into the stylesheet, in the case where the <code>xsl:import-schema</code>
declaration gives the target namespace of the schema but not its location.</td>
         </tr>
         <tr>
            <td content="para">-xsdversion:(1.0|1.1)</td>
            <td content="para">If <code>-xsdversion:1.1</code> is specified, allows XML Schema 1.1 constructs such as assertions. 
This option must be set if schema documents using XML Schema 1.1 are to be read.</td>
         </tr>
         <tr>
            <td content="para">-xsiloc:(on|off)</td>
            <td content="para">If set to "on" (the default) the schema processor attempts to load any schema documents referenced
in <code>xsi:schemaLocation</code> and <code>xsi:noNamespaceSchemaLocation</code> attributes in the instance
document, unless a schema for the specified namespace (or non-namespace) is already available. If set to
"off", these attributes are ignored.</td>
         </tr>
         <tr>
            <td content="para">-xsl:filename</td>
            <td content="para">Specifies the file containing the principal stylesheet module. Mandatory unless
the -a option or -c option is used. The value "-"
identifies the standard input stream. If the -u option is specified then the value
must be a URI rather than a filename.</td>
         </tr>
         <tr>
            <td content="para">-xsltversion:(2.0|3.0)</td>
            <td content="para">Determines whether an XSLT 2.0 processor or XSLT 3.0 processor is to be used.
            By default the value is taken from the version attribute of the <code>xsl:stylesheet</code> element</td>
         </tr>
         <tr>
            <td content="para">-y:classname</td>
            <td content="para">Use specified SAX parser for stylesheet file, including any loaded using xsl:include
or xsl:import. The parser must be the fully-qualified class name
of a Java class that implements the org.xml.sax.Parser or org.xml.sax.XMLReader interface</td>
         </tr>
         <tr>
            <td content="para">--<i>feature</i>:value</td>
            <td content="para">Set a feature defined in the <code>Configuration</code> interface. The names of features
are defined in the Javadoc for class <code>net.sf.saxon.FeatureKeys</code>: the value used here
is the part of the name after the last "/", for example <code>--allow-external-functions:off</code>.
Only features accepting a string or boolean may be set; for booleans the values true/false or on/off
are recognized.</td>
         </tr>
         <tr>
            <td content="para">-?</td>
            <td content="para">Display command syntax</td>
         </tr>

      </table>

      

      <p>A <i>param</i> takes the form <code>name=value</code>, <i>name</i> being the
name of the parameter, and <i>value</i> the value of the parameter. These parameters are
accessible within the stylesheet as normal variables, using the <code>$name</code> syntax, provided
they are declared using a top-level <code>xsl:param</code> element. If there is no such declaration, the supplied
 parameter value is silently ignored. If the <code>xsl:param</code> element has an <code>as</code>
 attribute indicating the required type, then the string value supplied on the command line is cast
 to this type: this may result in an error, for example if an integer is required and the supplied value
 cannot be converted to an integer.</p>

      <p>A <i>param</i> preceded by a leading question mark (?) is interpreted as an XPath expression.
For example, <code>?time=current-dateTime()</code> sets the value of the stylesheet parameter <code>$time</code>
to the value of the current date and time, as an instance of <code>xs:dateTime</code>, while 
<code>?debug=false()</code> sets the value of the parameter <code>$debug</code> to the boolean value <code>false</code>.
If the parameter has a required type (for example <code>&lt;xsl:param name="p" as="xs:date"/&gt;</code>), then
the supplied value must be compatible with this type according to the standard rules for converting variable
values and function arguments.
The static context for this XPath expression includes only the standard namespaces conventionally bound to the prefixes
<code>xs</code>, <code>fn</code>, <code>xsi</code>, and <code>saxon</code>. The static base URI (used when calling the
<code>doc()</code> function) is the current directory. The dynamic context contains no context item, position, or size,
and no variables.</p>

      <p>A <i>param</i> preceded by a leading exclamation mark (!) is interpreted as an output parameter.
For example, <code>!indent=yes</code> requests indented output. This is equivalent to specifying
the attribute <code>indent="yes"</code> on an <code>xsl:output</code> declaration in the stylesheet.
An output parameter specified on the command line overrides one specified within the stylesheet.
For parameters <code>doctype-system</code>, <code>doctype-public</code>, and <code>saxon:next-in-chain</code>,
a zero-length value is treated as "absent", that is, the effect is to cancel any value that was set within the stylesheet.</p>

      <p>A <i>param</i> preceded by a leading plus sign (+) is interpreted as a filename or directory.
The content of the file is parsed as XML, and the resulting document node is passed to the stylesheet
as the value of the parameter. If the parameter value is a directory, then all the immediately contained
files are parsed as XML, and the resulting sequence of document nodes is passed as the value of the
parameter. For example, <code>+lookup=lookup.xml</code> sets the value of the stylesheet parameter
<code>lookup</code> to the document node at the root of the tree representing the parsed contents
of the file <code>lookup.xml</code>.</p>

      <p>Under most operating systems it is possible to supply a value containing
spaces by enclosing it in double quotes, for example <code>name="John Smith"</code>. This is a feature
of the operating system shell, not something Saxon does, so it may not work the
same way under every operating system or command processor. (In the jEdit console plugin, for example, 
it has to be written as <code>"name=John Smith"</code>)</p>

      <p>If the parameter name is in a non-null namespace, the parameter can be given a value using
the syntax <code>{uri}localname=value</code>. Here <code>uri</code> is the namespace URI of the
parameter's name, and <code>localname</code> is the local part of the name.</p>

      <p>This applies also to output parameters. For example, you can set the indentation level to 4 by
using the parameter <code>!{http://saxon.sf.net/}indent-spaces=4</code>. In this case, however,
lexical QNames using the prefix "saxon" are also recognized, for example <code>!saxon:indent-spaces=4</code>.
See also
<xref section="extensions" page="output-extras">Additional serialization parameters</xref>.</p>

      <p>If the <code>-a</code> option is used, the name of the stylesheet is
omitted. The source document must contain a <code>&lt;?xml-stylesheet?&gt;</code> processing instruction
before the first element start tag; this processing instruction must have a pseudo-attribute <code>href</code> that
identifies the relative or absolute URL of the stylsheet document, and a pseudo-attribute type whose
value is <code>text/xml</code>, <code>application/xml</code>, or <code>text/xsl</code>. For example:</p>
      <command>&lt;?xml-stylesheet type="text/xsl" href="../style3.xsl" ?&gt;</command>

      <p>It is also possible to refer to a stylesheet embedded within the source document, provided
it has an id attribute and the id attribute is declared in the DTD as being of type ID. For example:</p>
      <example><![CDATA[
<?xml-stylesheet type="text/xsl" href="#style1" ?>
<!DOCTYPE BOOKLIST SYSTEM "books.dtd"
  <!ATTLIST xsl:transform id ID #IMPLIED>
<
<BOOKLIST>
  ...
  <xsl:transform id="style1" version="1.0" xmlns:xsl="...">
  ...
  </xsl:transform>
</BOOKLIST>]]></example>
   </page>

   <page xml:id="compiling">
      <title>Compiling a Stylesheet</title>

      <p>Saxon allows a compiled stylesheet (a <code>Templates</code> object) 
to be saved to disk as a file.
The transformation can then be run using this compiled stylesheet by using the -c option
to the command <code>java net.sf.saxon.Transform</code>.</p>

      <p><i>The facility to compile the stylesheet is available only under Saxon-EE, but the compiled stylesheet can 
  be executed under <code>Saxon-HE</code>. The facility is not available on the .NET platform.</i></p>

      <p>The actual compilation of the stylesheet can be achieved using the command
<code>java com.saxonica.CompileStylesheet</code>. The format of the command is:</p>
      <command>java  com.saxonica.CompileStylesheet 
  [options]   stylesheet   output   [ <i>params...</i>]</command>

      <p>The options available are a subset of the options for running a transformation, described above. The
most relevant options are <code>-t</code> (give progress messages), <code>-u</code> (stylesheet argument is a URI, not a filename), <code>-r</code>
(specify a URIResolver for use at compile time), <code>-y</code> (specify an XML parser for parsing the source 
stylesheet), <code>-xml:1.1</code> (enable XML 1.1), <code>-init</code> (provide an initialization class),
         and <code>-config:filename</code> (supply a configuration file). For a full list, use the <code>-?</code> option.</p>

      <p>There are some restrictions that apply to stylesheet compilation:</p>
      <ul>
         <li content="para">Stylesheet compilation is not currently supported for schema-aware stylesheets, specifically, for stylesheets
that contain an <code>&lt;xsl:import-schema&gt;</code> declaration.</li>
         <li content="para">Stylesheet compilation is not currently supported for stylesheets that make calls on
the extension functions <code>saxon:evaluate()</code> or <code>saxon:expression()</code>, because these require run-time
access to information that is not preserved by compilation.</li>
         <li content="para">Stylesheets that use a <code>&lt;saxon:import-query&gt;</code> declaration cannot be compiled.</li>
         <li content="para">A compiled stylesheet can be executed only by the same Saxon release as was used to compile it.</li>
         <li content="para">Stylesheet compilation is not supported on the .NET platform.</li>
      </ul>

      <p>You can use any file extension for the compiled stylesheet, I generally use .sxx (Saxon XSLT executable).
The file actually contains the Java serialization of a data structure that is then used at run-time to
drive the transformation process. As an alternative to using the <code>net.sf.saxon.Compile</code> command
from the command line, you can use the Java serialization API directly, to write the <code>net.sf.saxon.Templates</code>
object to an <code>ObjectOutputStream</code>.</p>

      <p>Running a compiled stylesheet is directly supported only from the command line. If you want to embed
  this capability in your own application, you can copy the relevant code from the source of the
  <code>net.sf.saxon.Transform</code> command. You need to be aware, however, that this code creates a new 
  <code>NamePool</code> and modifies the <code>Configuration</code> to use it, which will disrupt any other
  applications sharing the same <code>Configuration</code>. It is the responsibility of the application to ensure
  that a compiled stylesheet runs in a dedicated <code>Configuration</code>,
  rather than sharing a Configuration object with other transformations.</p>

      <p><i>The term "compile" is stretching a point. The executable that is produced does not contain
machine instructions, or even interpreted Java bytecode. It contains instructions in the form of 
a data structure that Saxon itself can interpret. Note that the format of compiled stylesheets is
unlikely to be stable from one Saxon release to the next.</i></p>
   </page>

   <page xml:id="xsltfromant">
      <title>Running Saxon XSLT transformations from Ant</title>

      <p>It is possible to run a Saxon transformation from Ant using the standard 
<a href="http://ant.apache.org/manual/CoreTasks/style.html">xslt task</a>,
by using the <code>trax</code> processor and with an appropriate <code>classpath</code> that forces 
Saxon to be selected. This can now be used to provide the ability to take advantage of the full range
of capabilities offered by XSLT 2.0 in general and Saxon in particular (for example, schema aware
processing and multiple output files).</p>

      <p>The custom Ant task developed for earlier Saxon releases is not being further developed, although it remains available. It is no longer issued as
an intrinsic part of the Saxon product, but can be downloaded as a separate package from SourceForge: see
<a href="https://sourceforge.net/project/showfiles.php?group_id=29872">https://sourceforge.net/project/showfiles.php?group_id=29872</a>
For information, see the documentation accompanying Saxon 9.2 or earlier releases.</p>

      <p>Saxon-specific configuration options can be specified using the <code>attribute</code> child of the <code>factory</code>
element. For example, the following switches on Saxon tracing (the equivalent of the -T option on the command line)</p>
      <example><![CDATA[
  <factory name="net.sf.saxon.TransformerFactoryImpl">
     <attribute name="http://saxon.sf.net/feature/traceListenerClass" 
                value="net.sf.saxon.trace.XSLTTraceListener"/>
  </factory>
]]></example>

      <p>For a full list of feature names, see the Javadoc documentation of class <code>net.sf.saxon.FeatureKeys</code>.</p>

      <p>With Saxon-PE and Saxon-EE it is possible to get detailed control of the configuration by specifying 
the name of a Saxon configuration file using this mechanism, for example:</p>
      <example><![CDATA[
  <factory name="com.saxonica.config.EnterpriseTransformerFactory">
    <attribute name="http://saxon.sf.net/feature/configuration-file" 
               value="config-de.xml"/>
  </factory>]]></example>

      <p>In this case this must be the first attribute.</p>

      <p>The initial template and initial mode for the transformation can be specified using the attribute names
<code>http://saxon.sf.net/feature/initialTemplate</code> and <code>http://saxon.sf.net/feature/initialMode</code>
respectively. The value is a QName in Clark notation (that is <code>{uri}local</code>).</p>

      <p>Note that names in Clark notation may also be used for the qualified names of  stylesheet parameters and 
serialization options.</p>

      <p>Note that an Ant transformation always has an input file. If necessary, a dummy file can be specified.</p>
   </page>

   <page xml:id="embedding">
      <title>Invoking XSLT from an application</title>

      <p>Rather than using the XSLT interpreter from the command line, you may want to include it in your
own application, perhaps one that enables it to be used within an applet or servlet. If you run
the interpreter repeatedly, this will always be much faster than running it each time from
 a command line.</p>

      <p>There are several APIs you can use to invoke Saxon's XSLT processor from an application.</p>
      <subtitle>The JAXP interface (Java)</subtitle>

      <p>On the Java platform, Saxon incorporates support for the
standard <a href="http://java.sun.com/xml/jaxp/index.html">JAXP transformation API</a> (originally known as <index>TrAX</index>).
 This is compatible with the API for invoking other XSLT processors such as
 Xalan and Oracle.</p>

      <p>This API is described in the documentation provided with JDK 1.4. 
 It is available online at <a href="http://java.sun.com/j2se/1.4/docs/api/">http://java.sun.com/j2se/1.4/docs/api/</a>
 Look for the <b>javax.xml.transform</b> package.</p>
      <subtitle>The s9api interface (Java)</subtitle>

      <p>Alternatively, you can use Saxon's own <b>s9api</b> interface. This is designed
 to provide an integrated approach to XML processing across the different range of languages supported by Saxon;
 unlike JAXP, it includes support for XSLT 2.0 capabilities, and it also takes advantage of generics in Java 5.</p>
      <subtitle>The Saxon.Api interface (.NET)</subtitle>

      <p><i>There is also an API for Saxon on the .NET platform, designed to make Saxon available from
.NET languages such as C#, VB.NET, and ASP.NET. See <xref section="dotnet">Saxon on .NET</xref>.</i></p>
      <subtitle>Links</subtitle>
      <subpageindex/>

      <subpage xml:id="s9api-transformation">
         <title>Using s9api for Transformations</title>

         <p>You can perform a transformation using the s9api interface as follows:</p>
         <ol>
            <li content="para">Create a Processor (<code>net.sf.saxon.s9api.Processor</code>) and set any global
configuration options on the Processor.</li>
            <li content="para">Call <code>newXsltCompiler()</code> to create an XSLT Compiler, and set any options that are local to a specific
compilation (for example, the destination of error messages).</li>
            <li content="para">Call the <code>compile()</code> method to compile a stylesheet. The result is an <code>XsltExecutable</code>,
which can be used as often as you like in the same thread or in different threads.</li>
            <li content="para">To run a transformation, call the <code>load()</code> method on the <code>XsltExecutable</code>. This creates
an <code>XsltTransformer</code>. The <code>XsltTransformer</code> can be serially reused, but it must not be shared across
multiple threads. Set any options required for the specific transformation (for example, the initial context node, the
stylesheet parameters, and the destination for the results of the transformation), and then call the <code>transform()</code>
method to run the transformation.</li>
         </ol>

         <p>The output of the transformation is specified as a <code>Destination</code> object, which allows a wide range of possibilities:
you can send the output to a serializer, or to a SAX ContentHandler. You can build a tree either in Saxon's native format (represented
by the s9api class <code>XdmNode</code>) or as a DOM. You can send the output to be validated against a schema by nominating a
<code>SchemaValidator</code> as the destination, or you can pipe it through another transformation, because <code>XsltTransformer</code>
itself implements the <code>Destination</code> interface.</p>

         <p>Examples of s9api transformations are included in the Saxon resources file, see module <b>S9APIExamples.java</b>.</p>
      </subpage>

      <subpage xml:id="jaxp-transformation">
         <title>Using JAXP for Transformations</title>

         <p>More information and examples relating to the JAXP transformation API can be found in the
<b>TraxExamples.java</b> example application found in the samples directory.</p>

         <p>The types of object that can be supplied as stylesheet parameters are not defined
in the JAXP specification: they are implementation-dependent. Saxon takes the Java object
supplied, and converts it to an XPath value using the same
rules as it applies for the return value from a Java
extension function: for these rules, 
see <xref section="extensibility" page="function-result">Saxon Extensibility</xref>. If the resulting value
is an atomic value, it is cast to the required type of the parameter as specified in the
<code>xsl:param</code> declaration, using the XPath casting rules. If the value is non-atomic (for example,
if it is a node, or a sequence of integers), then no conversion is attempted, instead, the value must
match the required type as stated.</p>

         <p>The JAXP <code>TransformerFactory</code> interface provides a configuration method
<code>setAttribute()</code> for setting implementation-defined configuration parameters. The
parameters supported by Saxon have names defined by constants in the class
<code>net.sf.saxon.FeatureKeys</code>. The names of these properties and their meanings, 
are described in the table below.</p>

         <p>Where the required value of a property is a Boolean, the supplied value may be either a <code>java.lang.Boolean</code>,
or a String holding the values "true" or "false". The returned value of the property, however, will be a <code>Boolean</code>.</p>
         <table>
            <tr>
               <td content="para">
                  <b>property</b>
               </td>
               <td content="para">
                  <b>meaning</b>
               </td>
            </tr>
            <tr>
               <td content="para">ALLOW_EXTERNAL_FUNCTIONS</td>
               <td content="para">A Boolean. True if the stylesheet allows external functions to be called.
Default is true. The setting <code>false</code> is recommended in an environment
where untrusted stylesheets may be executed. Setting this value to <code>false</code>
also disables user-defined extension elements, together with the writing of multiple
output files (<code>xsl:result-document</code>), all of which carry similar security risks.It is also a good idea when executing untrusted stylesheets to use a URIResolver that
monitors the use of the doc(), document(), and collection() functions to read external
documents.</td>
            </tr>
            <tr>
               <td content="para">COLLATION_URI_RESOLVER</td>
               <td content="para">An instance of a user-written class implementing Saxon's <code>CollationURIResolver</code> interface. 
This is used to process any collation URIs
found in the stylesheet, returning an object of class <code>StringCollator</code> that implements the requested
collation.</td>
            </tr>
            <tr>
               <td content="para">COLLATION_URI_RESOLVER_CLASS</td>
               <td content="para">The name of a user-written class implementing Saxon's <code>CollationURIResolver</code> interface. 
The class is instantiated and the resulting instance is used as the value of the COLLATION_URI_RESOLVER property.</td>
            </tr>
            <tr>
               <td content="para">COLLECTION_URI_RESOLVER</td>
               <td content="para">An instance of a user-written class implementing Saxon's <code>CollectionURIResolver</code> interface. 
This is used to process any  URIs used in calls to the <code>collection()</code> function. 
The <code>CollectionURIResolver</code> may either return a sequence of URIs (which are then resolved
in the same way as URIs passed to the <code>doc()</code> function), or it may return a sequence of
(typically document) nodes.</td>
            </tr>
            <tr>
               <td content="para">COLLECTION_URI_RESOLVER_CLASS</td>
               <td content="para">The name of a user-written class implementing Saxon's <code>CollectionURIResolver</code> interface. 
The class is instantiated and the resulting instance is used as the value of the COLLECTION_URI_RESOLVER property.</td>
            </tr>
            <tr>
               <td content="para">COMPILE_WITH_TRACING</td>
               <td content="para">A Boolean. If run-time tracing of stylesheet execution is required, then the code
must be compiled with tracing enabled. Default is false. (Switching tracing on at run-time is done by providing a
<code>TraceListener</code> to the <code>Controller</code> object, which is Saxon's implementation
of the JAXP <code>Transformer</code>.)</td>
            </tr>
            <tr>
               <td content="para">DTD_VALIDATION</td>
               <td content="para">A Boolean. If true, the XML parser is requested to perform validation of source
documents against their DTD. Default is false.</td>
            </tr>
            <tr>
               <td content="para">EXPAND_ATTRIBUTE_DEFAULTS</td>
               <td content="para">A Boolean. If true, default attribute values found in a schema or DTD are expanded
(both on input and on output documents, if validation is requested). Default is true.
It is always possible to switch this off for schema validation, but not all XML parsers allow it to
be switched off in the case of DTD validation.</td>
            </tr>
            <tr>
               <td content="para">LINE_NUMBERING</td>
               <td content="para">A Boolean. Default is false. If true, line and column number information is retained for all source documents.
This is accessible using the <code>saxon:line-number()</code> and <code>saxon:column-number()</code> extension functions. 
Note that the information is only as good as the XML parser supplies. SAX parsers generally report the position of an element
node using the line and column number of the "&gt;" character that forms the last character of the start tag.</td>
            </tr>
            <tr>
               <td content="para">MESSAGE_EMITTER_CLASS</td>
               <td content="para">The full name of a class that implements the net.sf.saxon.output.Emitter interface; the class will
be used to format the output of the xsl:message instruction.</td>
            </tr>
            <tr>
               <td content="para">MODULE_URI_RESOLVER</td>
               <td content="para">Affects XQuery only. An instance of a user-written class implementing Saxon's <code>ModuleURIResolver</code> interface. 
This is used to process any  URIs used in <code>import module</code> directives in XQuery. </td>
            </tr>
            <tr>
               <td content="para">MODULE_URI_RESOLVER_CLASS</td>
               <td content="para">Affects XQuery only. The name of a user-written class implementing Saxon's <code>ModuleURIResolver</code> interface. 
This is used to process any URIs used in <code>import module</code> directives in XQuery. </td>
            </tr>
            <tr>
               <td content="para">NAME_POOL</td>
               <td content="para">A instance of class <code>net.sf.saxon.om.NamePool</code>. 
Indicates that the supplied NamePool should be used as the target (run-time) NamePool by all
stylesheets compiled (using <code>newTemplates()</code>) after this call on <code>setAttribute</code>.
Normally a single system-allocated NamePool is used for all stylesheets compiled while the Java VM
remains loaded; this attribute allows user control over the allocation of NamePools.
Note that source trees used as input to a transformation must be built using the same NamePool
that is used when the stylesheet is compiled: this will happen automatically if the input
to a transformation is supplied as a SAXSource or StreamSource but it is under user control if
you build the source tree yourself.</td>
            </tr>
            <tr>
               <td content="para">OPTIMIZATION_LEVEL</td>
               <td content="para">A string whose value is an integer in the range 0 (no optimization) to 10 (full optimization); 
currently all values other than 0 result in full
optimization but this is likely to change in future. The default is full optimization; this feature allows optimization
to be suppressed in cases where reducing compile time is important, or where optimization gets in the way of debugging,
or causes extension functions with side-effects to behave unpredictably. (Note however, that even with no optimization,
lazy evaluation may still cause the evaluation order to be not as expected.) </td>
            </tr>
            <tr>
               <td content="para">OUTPUT_URI_RESOLVER</td>
               <td content="para">An instance of the class <code>OutputURIResolver</code>; this object will be used to resolve URIs
of secondary result documents specified in the <code>href</code> attribute of the <code>xsl:result-document</code>
instruction</td>
            </tr>
            <tr>
               <td content="para">OUTPUT_URI_RESOLVER_CLASS</td>
               <td content="para">The name of a class that implements <code>OutputURIResolver</code>; Saxon will instantiate this 
class and use the resulting <code>OutputURIResolver</code> to resolve URIs
of secondary result documents specified in the <code>href</code> attribute of the <code>xsl:result-document</code>
instruction</td>
            </tr>
            <tr>
               <td content="para">PRE_EVALUATE_DOC_FUNCTION</td>
               <td content="para">A Boolean. If true, calls on the <code>doc()</code> and <code>document()</code> functions,
if their arguments are known at compile time, will be evaluated at compile time, and the resulting document
will be stored as part of the Saxon <code>Configuration</code> and shared by all queries and transformations
running within that Configuration. Useful for reference documents that have stable content and are used
by many different queries and transformations. Default is false, which means each query or transformation
will reload the document from disc.</td>
            </tr>
            <tr>
               <td content="para">RECOGNIZE_URI_QUERY_PARAMETERS</td>
               <td content="para">A Boolean: true if the the standard URI resolver is to recognize query parameters
included in the URI (for example, <code>?val=strict</code>). Such parameters can then be used in URIs
passed to the <code>doc()</code> or <code>document()</code> functions. For details of the query parameters
available, see <xref section="sourcedocs">Source Documents</xref>
               </td>
            </tr>
            <tr>
               <td content="para">RECOVERY_POLICY</td>
               <td content="para">An Integer, 0, 1, or 2. Indicates the policy for handling dynamic errors that the
XSLT specification defines as recoverable. 0 means recover silently; 1 means recover after signalling
a warning to the ErrorListener; 2 means treat the error as fatal. An example of a recoverable error is
when two template rules match the same node. These are available as constants in the <code>Configuration</code>
class: RECOVER_SILENTLY, RECOVER_WITH_WARNINGS, or DO_NOT_RECOVER</td>
            </tr>
            <tr>
               <td content="para">RECOVERY_POLICY_NAME</td>
               <td content="para">A string "recoverSilently", "recoverWithWarnings", or "doNotRecover". 
Indicates the policy for handling dynamic errors that the
XSLT specification defines as recoverable. "recoverSilently" means recover silently; 
"recoverWithWarnings" means recover after signalling
a warning to the ErrorListener; "doNotRecover" means treat the error as fatal. An example of a recoverable error is
when two template rules match the same node. </td>
            </tr>
            <tr>
               <td content="para">SCHEMA_URI_RESOLVER</td>
               <td content="para">An instance of the class <code>SchemaURIResolver</code>; this object will be used to resolve URIs
of schema documents referenced in <code>xsl:import-schema</code> declarations in XSLT, <code>import schema</code> in
XQuery, references from one schema document to another using <code>xs:include</code> or <code>xs:import</code>,
and references from an instance document to a schema using <code>xsi:schemaLocation</code>.</td>
            </tr>
            <tr>
               <td content="para">SCHEMA_URI_RESOLVER_CLASS</td>
               <td content="para">The name of a class that implements the interface <code>SchemaURIResolver</code>; 
this class will be instantiated and the resulting instance will be used as the value of the 
<code>SCHEMA_URI_RESOLVER</code> property.</td>
            </tr>
            <tr>
               <td content="para">SCHEMA_VALIDATION</td>
               <td content="para">An Integer. One of the symbolic constants Validation.STRIP, Validation.PRESERVE,
Validation.LAX, Validation.STRICT. Indicates whether and how schema validation should be applied to
source documents.</td>
            </tr>
            <tr>
               <td content="para">SCHEMA_VALIDATION_MODE</td>
               <td content="para">A string. One of the values "strict", "lax", "preserve", or "skip". 
Indicates whether and how schema validation should be applied to source documents.</td>
            </tr>
            <tr>
               <td content="para">SOURCE_PARSER_CLASS</td>
               <td content="para">The full name of a class that implements the org.xml.sax.XMLReader interface; the class will be
used to parse source documents (that is, the principal source document plus any secondary source
documents read using the document() function)</td>
            </tr>
            <tr>
               <td content="para">STRIP_WHITESPACE</td>
               <td content="para">A string. One of the values "all", "none", or "ignorable". Indicates whether
all whitespace, no whitespace, or whitespace in elements defined in a DTD or schema as having
element-only content should be stripped from source documents. Default is "ignorable". This whitespace
stripping is additional to any stripping done as a result of the <code>xsl:strip-space</code>
declaration in the stylesheet.</td>
            </tr>
            <tr>
               <td content="para">STYLE_PARSER_CLASS</td>
               <td content="para">The full name of a class that implements the org.xml.sax.XMLReader interface; the class will be
used to parse stylesheet documents (that is, the principal stylesheet module plus any secondary source
documents read using xsl:include or xsl:import)</td>
            </tr>
            <tr>
               <td content="para">TIMING</td>
               <td content="para">A Boolean: true if basic timing information is to be output to the standard error output stream.</td>
            </tr>
            <tr>
               <td content="para">TRACE_EXTERNAL_FUNCTIONS</td>
               <td content="para">A Boolean. If true, Saxon will output (to the standard error output) progress information
about its attempts to locate and disambiguate references to external Java extension functions. Useful for
diagnistics if you are having trouble with user-written extension functions.</td>
            </tr>
            <tr>
               <td content="para">TRACE_LISTENER</td>
               <td content="para">An instance of the class net.sf.saxon.trace.TraceListener. This object will be notified of
significant events occurring during the transformation, for tracing or debugging purposes.</td>
            </tr>
            <tr>
               <td content="para">TRACE_LISTENER_CLASS</td>
               <td content="para">The name of a class that implements net.sf.saxon.trace.TraceListener. 
A new instance of this class will be created for each query or transformation run under the control of this
Configuration. This TraceListener will be notified of
significant events occurring during the transformation, for tracing or debugging purposes.</td>
            </tr>
            <tr>
               <td content="para">TREE_MODEL</td>
               <td content="para">An Integer: Builder.STANDARD_TREE or Builder.TINY_TREE. Selects an implementation of the
Saxon tree model. The default is Builder.TINY_TREE.</td>
            </tr>
            <tr>
               <td content="para">VALIDATION_WARNINGS</td>
               <td content="para">A Boolean. Indicates (if true) that errors occuring while validating a final result tree
are to be treated as warnings rather than fatal errors. Although the XSLT specification states that validation
errors are fatal, this switch can be useful during debugging because it enables the invalid output to be inspected.
It will include comments showing where the validity errors were found. Applies to Saxon-EE only.</td>
            </tr>
            <tr>
               <td content="para">VERSION_WARNING</td>
               <td content="para">A Boolean. Indicates whether a warning message should be notified (to the ErrorListener) if
running against a stylesheet that specifies <code>version="1.0"</code>. This warning is output by default (because
the W3C specification requires it), but it may be suppressed using this option.</td>
            </tr>
            <tr>
               <td content="para">XINCLUDE</td>
               <td content="para">A Boolean. Indicates whether source documents should have any XInclude directives
expanded. Default is false. This relies on support in the underlying XML parser.</td>
            </tr>
            <tr>
               <td content="para">XML_VERSION</td>
               <td content="para">An integer. Indicates the version of XML that is used for validating names and
determining which characters are allowed. Values are 10 for XML 1.0, and 11 for XML 1.1.
Default is currently 1.0, but may change.</td>
            </tr>
         </table>

         <p>Saxon's implementation of the JAXP <code>Transformer</code> interface is the class <code>net.sf.saxon.Controller</code>.
This provides a number of options beyond those available in the standard JAXP interface, for example the
ability to set an output URI resolver for secondary output documents, and a method to set the initial mode
before the transformation starts. You can access these methods by casting
the <code>Transformer</code> to a <code>Controller</code>. The methods are described in the JavaDoc documentation
supplied with the product.</p>

         <p>When using the JAXP interface, you can set serialization properties using a <code>java.util.Properties</code>
object. The names of the core XSLT 1.0 properties, such as <code>method</code>, <code>encoding</code>,
and <code>indent</code>, are defined in the JAXP class <code>javax.xml.transform.OutputKeys</code>. 
Additional properties, including Saxon extensions and XSLT 2.0 extensions, have names defined by
constants in the class <code>net.sf.saxon.event.SaxonOutputKeys</code>. The values of the properties
are exactly as you would specify them in the <code>xsl:output</code> declaration.</p>
      </subpage>
   </page>

   <page xml:id="performanceanalysis">
      <title>Performance Analysis</title>

      <p>Saxon comes with a simple tool allowing profiling of the execution time in a stylesheet.</p>

      <p>To run this tool, first execute the transformation with the <code>-TP:filename</code> option, which 
sends timed tracing information to the specified file (or to the standard error output if no filename is given)</p>
      <command>java   -jar   <i>dir</i>/saxon9he.jar  
 -TP:profile.xml   <i>source</i>   <i>stylesheet</i>
      </command>

      <p>Then run another transformation to create a profile report from the output of this tracing tool 
(the stylesheet can be found in the directory <code>samples/analysis</code>, 
installed from the <code>saxon-resources</code> download collection.):</p>
      <command>java   -jar   <i>dir</i>/saxon9he.jar  
 profile.xml   timing-profile.xsl   &gt;profile.html</command>

      <p>Finally,  view the resulting <code>profile.html</code> file in your browser.</p>

      <p>The output identifies instructions in the original stylesheet by their name, line number, and the last
few characters of the URI of their module. For each instruction it gives the number of times the instruction
was executed, the average time in milliseconds of each execution, and the total time. The table is sorted
according to a weighting function that attempts to put the dominant instructions at the top. These will
not necessarily be those with the greatest time, which tend to be instructions that were only executed once
but remained active for the duration of the transformation.</p>
   </page>

   <page xml:id="xslt30">
      <title>XSLT 3.0 Support</title>

      <p>Saxon 9.3 introduces support for a number of features defined in the draft XSLT 3.0 specification (previously known as XSLT 2.1). It must be
noted that this is an early working draft, and everything is subject to change. If the W3C specification changes, Saxon
will change to match, without regards to backwards compatibility. Use it at your own risk.</p>

      <p>All these features require at least Saxon-PE. Streaming requires Saxon-EE.</p>

      <p>XSLT 3.0 support must be explicitly enabled, for example by specifying <code>version="3.0"</code> in the stylesheet
or by using the option <code>-xsltversion:3.0</code> on the command line. It can also be enabled from the configuration file
or using methods in the API (for example, on the s9api <code>XsltCompiler</code> object).</p>

      <p>The following features are implemented. For full details, see the W3C specifications.</p>
      <subtitle>xsl:evaluate</subtitle>

      <p>This is a new instruction providing a standard way to perform dynamic evaluation of XPath expressions.
This effectively replaces the need for extensions such as <code>saxon:evaluate</code>, though that is likely to be retained
for a long time as it is so widely used.
This instruction is fully implemented, except that the precise rules for which functions can be called within the
dynamic XPath expression may not be 100% aligned with the specification.</p>
      <subtitle>xsl:try and xsl:catch</subtitle>

      <p>The <code>xsl:try</code> and <code>xsl:catch</code> instructions provide a way for dynamic errors to be intercepted.
This applies both to system-defined errors and to errors thrown explicitly using the <code>error()</code> function or
by calling <code>xsl:message terminate="yes"</code> (which becomes something of a misnomer). The syntax allows catching
of specific error codes. The Saxon implementation is complete, though there may be edge cases where the semantics are
not precisely as defined in the specification; there may also be error conditions where Saxon is not using the most appropriate error
code according to the specification.</p>
      <subtitle>xsl:iterate</subtitle>

      <p>The <code>xsl:iterate</code> instruction provides an alternative way of iterating over a sequence. Unlike <code>xsl:for-each</code>,
it is explicitly sequential, processing one item at a time in order, which means it is possible to break out of the loop at any
time using <code>xsl:break</code>. It is also possible to pass data from one iteration to the next using parameters, allowing the
kind of processing that previously required recursion. The Saxon implementation is functionally complete.</p>
      <subtitle>xsl:mode</subtitle>

      <p>The <code>xsl:mode</code> declaration allows attributes of a mode to be declared. Most notably, the mode can be declared
to be streamable, in which case all the template rules for that mode must satisfy the rules for streamability. This allows large
source documents to be processed without building an entire tree in memory. (Streaming is available only in Saxon-EE, and is further
described at <xref section="sourcedocs" page="streaming">Streamed processing of large documents</xref>.)</p>

      <p>The following attributes are implemented:</p>
      <ul>
         <li content="para">
            <code>name</code> (optional). The name of a mode; absence indicates the unnamed mode.</li>
         <li content="para">
            <code>streamable = yes|no</code>. This indicates whether the mode allows documents to be processed using streaming.</li>
         <li content="para">
            <code>on-no-match = stringify|copy|discard|fail</code>. This allows the stylesheet to
specify how nodes are to be processed in the absence of a matching template rule.</li>
         <li content="para">
            <code>on-multiple-match = fail | use-last</code>. Indicates what happens when more than one template rules
with the same import precedence and priority matches a node.</li>
         <li content="para">
            <code>warning-on-no-match = yes|no</code>. Indicates whether warnings are output when there is no user-defined template
rule matching a node.</li>
         <li content="para">
            <code>warning-on-multiple-match = yes|no</code>. Indicates whether warnings are output when there is no user-defined template
rule matching a node.</li>
      </ul>

      <p>The attribute <code>initial=yes|no</code> is not yet implemented. The rules for handling multiple <code>xsl:mode</code>
declarations for the same mode (taking account of import precedence) are not yet implemented. The <code>xsl:context-item</code>
element is not yet implemented.</p>

      <p>As well as the <code>streamable</code> attribute of <code>xsl:mode</code>, the <code>on-no-match</code> attribute is implemented,
with values <code>copy</code>, <code>discard</code>, <code>stringify</code>, or <code>fail</code>. This allows the stylesheet to
specify how nodes are to be processed in the absence of a matching template rule.</p>
      <subtitle>XSLT 3.0 functions</subtitle>

      <p>The <code>unparsed-text-lines()</code> function is implemented.</p>
      
      <p>The functions <code>copy-of()</code> and <code>snapshot()</code> are implemented.</p>
   </page>
</section>