<?xml version="1.0" encoding="UTF-8"?>
<section xml:id="xpath-api">
   <title>XPath API for Java</title>

   <page xml:id="intro">
      <title>Introduction</title>

      <p><b>This section describes how to use Saxon as a Java class library for XPath processing, without making any use
of XSLT stylesheets. It includes information on the XPath API, and the API for the Saxon implementation
of the XPath object model. On other pages you will find 
 <xref section="using-xsl" page="embedding">the API for XSLT transformation</xref>,
  <xref section="using-xquery" page="api-query">the API for running XQuery</xref>, and 
  <xref section="schema-processing" page="validation-api">the API for Schema validation.</xref></b></p>

      <p>For information about the different ways of loading source documents, see
<xref section="sourcedocs">Handling Source Documents</xref>.</p>

      <p>Saxon supports three Java APIs for XPath processing, as follows:</p>
      <ul>
         <li content="para">The JAXP API is a (supposedly) standard API defined in Java 5. Saxon implements this interface.
Details of Saxon's implementation are described at <xref page="jaxp-xpath">The JAXP XPath API</xref>.
Note that there are some extensions and other variations in the Saxon implementation.
Some of the extensions to this interface are provided because Saxon supports XPath 2.0,
whereas JAXP 1.3 is designed primarily for XPath 1.0; some are provided because Saxon supports multiple object models,
not only DOM; some are for backwards compatibility;
and some are provided to allow applications a finer level of control if required.</li>
         <li content="para">The preferred interface for XPath processing is the s9api interface, which also supports
XSLT and XQuery processing, schema validation, and other Saxon functionality in an integrated set
of interfaces. This is described at <xref page="s9api-xpath">Evaluating XPath Expressions using s9api</xref>
         </li>
         <li content="para">For historical reasons Saxon continues to support a legacy XPath API in package <code>net.sf.saxon.sxpath</code>.
This is documented only in the Javadoc specifications. It is a lower-level API, so as well as being retained
for backwards compatibility, it may also be appropriate for applications that require a very intimate level of
integration with Saxon internals.</li>
      </ul>
   </page>

   <page xml:id="s9api-xpath">
      <title>Evaluating XPath Expressions using s9api</title>

      <p>The s9api interface is a custom-designed API for Saxon, allowing integrated access to all
Saxon's XML processing capabilities in a uniform way, taking advantage of the type safety
offered by generics in Java 5.</p>

      <p>You can evaluate an XPath expression using the s9api interface as follows:</p>
      <ol>
         <li content="para">Create a Processor (<code>net.sf.saxon.s9api.Processor</code>) and set any global
configuration options on the Processor.</li>
         <li content="para">Build the source document by calling <code>newDocumentBuilder()</code> to create a document builder,
setting appropriate options, and then calling the <code>build()</code> method. This returns an <code>XdmNode</code>
which can be supplied as the context item to the XPath expression.</li>
         <li content="para">Call <code>newXPathCompiler()</code> to create an XPath Compiler, and set any options that are local to a specific
compilation (notably declaring namespace prefixes that are used in the XPath expression).</li>
         <li content="para">Call the <code>compile()</code> method to compile an expression. The result is an <code>XPathExecutable</code>,
which can be used as often as you like in the same thread or in different threads.</li>
         <li content="para">To evaluate the expression, call the <code>load()</code> method on the <code>XPathExecutable</code>. This creates
an <code>XPathSelector</code>. The <code>XPathSelector</code> can be serially reused, but it must not be shared across
multiple threads. Set any options required for the specific XPath execution (for example, the initial context node, the
values of any variables referenced in the expression), and then call one of the methods <code>iterator()</code>
            <code>evaluate()</code>, or <code>evaluateSingle()</code> to execute the XPath expression.</li>
         <li content="para">Because the <code>XPathSelector</code> is an <code>Iterable</code>, it is possible to iterate over the results
directly using the Java 5 "for-each" construct.</li>
         <li content="para">The result of an XPath expression is in general an <code>XdmValue</code>, representing a value as defined in the
XDM data model (that is, a sequence of nodes and/or atomic values). Subclasses of <code>XdmValue</code> include
<code>XdmItem</code>, <code>XdmNode</code>, and <code>XdmAtomicValue</code>, and these relate directly to the corresponding
concepts in XDM. Various methods are available to translate between this model and native Java data types.</li>
      </ol>

      <p>Examples of the use of s9api to evaluate XPath expressions are included in the Saxon resources file, 
see module S9APIExamples.java.</p>
   </page>

   <page xml:id="jaxp-xpath">
      <title>The JAXP XPath API</title>

      <p>Saxon implements the JAXP 1.3 API for executing XPath expressions as defined in package
<code>java.xml.xpath</code>, which is a standard part of the Java class library since JDK 1.5. 
 Three sample applications using this API are available: they are called
 <code>XPathExample.java</code>, <code>XPathExampleSA.java</code>, and <code>ApplyXPathJAXP.java</code>,
and can be found in the <code>samples/java</code> directory after downloading the <code>saxon-resources</code> archive.</p>

      <p>To run the <code>XPathExample.java</code> application, see the instructions
in <xref section="samples" page="shakespeare">Shakespeare XPath Sample Application</xref>.</p>

      <p>The <code>XPathExampleSA.java</code> application demonstrates use of schema-aware XPath. It is designed
to be used with the files <code>books.xml</code> and <code>books.xsd</code> in the directory <code>samples/data</code>.</p>

      <p>The <code>ApplyXPathJAXP.java</code> application is an enhanced version of the class of the
same name issued as a sample application in the JAXP 1.3 distribution. It has been enhanced to show
the use of more advanced features, such as the ability to bind namespaces, variables, and functions, and
also to demonstrate use of the XPath API with different object models.</p>

      <p>The XPath API in Saxon predates the introduction of the JAXP 1.3 XPath API, so it contains some facilities
that are obsolescent. However, there are also differences caused by the fact that Saxon supports
XPath 2.0, with its richer data model, whereas JAXP 1.3 operates only on XPath 1.0. </p>

      <p>The following sections describe use of the XPath API in more detail.</p>
      <subpageindex/>

      <subpage xml:id="factory"
               summary="Describes how to ensure that Saxon is selected as the XPath API implemenation">
         <title>Selecting the XPath implementation</title>

         <p>An application using the JAXP 1.3 XPath API starts by instantiating a factory class. This is done by 
calling:</p>
         <example><![CDATA[
XPathFactory xpathFactory = XPathFactory.newInstance(objectModel);
XPath xpath = xpathFactory.newXPath();
]]></example>

         <p>Here <code>objectModel</code> is a URI that identifies the object model you are using. Saxon recognizes
the following values for the object model:</p>
         <table>
            <thead>
               <tr>
                  <td content="para">
                     <b>Symbolic name</b>
                  </td>
                  <td content="para">
                     <b>Meaning</b>
                  </td>
               </tr>
            </thead>
            <tbody>
               <tr>
                  <td content="para">XPathConstants.DOM_OBJECT_MODEL</td>
                  <td content="para">The DOM object model</td>
               </tr>
               <tr>
                  <td content="para">NamespaceConstant.OBJECT_MODEL_SAXON</td>
                  <td content="para">Saxon's native object model.
  This means anything that implements the <code>NodeInfo</code> interface, including
  the standard tree, the tiny tree, and third-party implementations of <code>NodeInfo</code>.</td>
               </tr>
               <tr>
                  <td content="para">NamespaceConstant.OBJECT_MODEL_JDOM</td>
                  <td content="para">The JDOM object model</td>
               </tr>
               <tr>
                  <td content="para">NamespaceConstant.OBJECT_MODEL_XOM</td>
                  <td content="para">The XOM object model</td>
               </tr>
               <tr>
                  <td content="para">NamespaceConstant.OBJECT_MODEL_DOM4J</td>
                  <td content="para">The DOM4J object model</td>
               </tr>
            </tbody>
         </table>

         <p>To ensure that Saxon is selected as your XPath implementation, you must specify one of these
constants as your chosen object model, and it is a good idea to ensure that the Java system property
<code>javax.xml.xpath.XPathFactory</code> is set to the value <code>net.sf.saxon.xpath.XPathFactoryImpl</code>.
Normally, if Saxon is on your classpath then the Saxon XPath implementation will be picked up automatically, but
if there are other implementations on the classpath as well then it is best to set the system property 
explicitly to be sure.</p>

         <p>Alternatively, if you know that you want to use the Saxon implementation, you can simply instantiate
the class <code>net.sf.saxon.xpath.XPathFactoryImpl</code> directly. If you want to take advantage of features
in Saxon-PE (Professional Edition), use <code>com.saxonica.config.ProfessionalXPathFactory</code>, or for Saxon-EE
(Enterprise Edition) use <code>com.saxonica.config.EnterpriseXPathFactory</code>.</p>

         <p>It is important to note that a compiled XPath expression can only be used with a source document that was
built using the same Saxon <code>Configuration</code>. When you create an <code>XPathFactory</code>, a Saxon <code>Configuration</code>
is created automatically. You can extract this configuration and use it to build source documents. Alternatively,
there is a constructor that allows you to create an <code>XPathFactory</code> that uses a preexisting <code>Configuration</code>.</p>

         <p>Saxon's implementation of <code>java.xml.xpath.XPath</code> is the class 
<code>net.sf.saxon.xpath.XPathEvaluator</code>. This class provides a few
simple configuration interfaces to set the source document, the static context, and the context node,
plus a number of methods for evaluating XPath expressions.</p>

         <p>The <code>XPath</code> object allows you to set the static context for
evaluating XPath expressions (you can pre-declare namespaces, variables, and functions), and to compile
XPath expressions in this context. A compiled XPath expression (an object of class <code>XPathExpression</code>)
can then be evaluated, with a supplied node (represented by a class in the selected object model) supplied
as the context node. For further details, see the Javadoc specifications and the supplied example applications.</p>
      </subpage>

      <subpage xml:id="context-node" summary="Describes how to supply a context item">
         <title>Setting the context item</title>

         <p>Many of the methods in the JAXP interface take an argument to represent the context node. Because the API
is designed to be used with multiple object models, this is typed simply as an <code>Object</code>. In the case of
Saxon, this can be an object in any of the supported data models: DOM, JDOM, DOM4J, XOM, or Saxon's native
<code>NodeInfo</code> representation. Note that if a <code>NodeInfo</code> is supplied, the tree must have been 
constructed using the same Saxon <code>Configuration</code> as the one used by the <code>XPathEvaluator</code> itself.</p>

         <p>Many of these methods specify that if the context node supplied is null, the XPath expression will be evaluated using
an empty document node as the context node. Saxon does not implement this rule. There are two reasons for this. Firstly,
it's unnatural in XPath 2.0, where it is permissible for the context item for an expression to be undefined. Secondly,
it's not clear what kind of document node it would be appropriate to create, given that Saxon supports multiple object
models. Instead, if null is supplied, then the node supplied to the Saxon-specific method <code>setContextNode()</code>
is used, and if that is null, the expression is evaluated with the context item undefined (which will cause a dynamic
error if the expression actually refers to the context item).</p>
      </subpage>

      <subpage xml:id="return-types"
               summary="Describes the mapping of XPath return types to Java classes">
         <title>Return types</title>

         <p>The JAXP specification leaves it rather up to the implementation how the results of an XPath expression will
be returned. This is partly because it is defined only for XPath 1.0, which has a much simpler type system, and
partly because it is deliberately designed to be independent of the object model used to represent XML trees.</p>

         <p>If you specify the return type <code>XPathConstants.BOOLEAN</code> then Saxon will return the effective
boolean value of the expression, as a <code>java.lang.Boolean</code>. This is the same as wrapping the expression
in a call of the XPath <code>boolean()</code> function.</p>

         <p>If you specify the return type <code>XPathConstants.STRING</code> then Saxon will return the result
of the expression converted to a string, as a <code>java.lang.String</code>. 
This is the same as wrapping the expression in a call of the XPath <code>string()</code> function.</p>

         <p>If you specify the return type <code>XPathConstants.NUMBER</code> then Saxon will return the result
of the expression converted to a double as a <code>java.lang.Double</code>. 
This is the same as wrapping the expression in a call of the XPath <code>number()</code> function.</p>

         <p>If you specify the return type <code>XPathConstants.NODE</code> then Saxon will return the result
the result as a node object in the selected object model. With the DOM model this will be an instance
of <code>org.w3.dom.Node</code>, with the native Saxon model it will be an instance of <code>net.sf.saxon.om.NodeInfo</code>,
and so on.</p>

         <p>If the return type is <code>XPathConstants.NODESET</code>, the result will in general be a Java <code>List</code>
containing node objects in the selected object model. It may also contain non-node objects if that's
what the XPath expression returned. As a special case, if the supplied context node is a DOM node, 
and if the results are all DOM nodes, then they will be returned in the form of a
DOM <code>NodeList</code> object.</p>

         <p>Saxon does not recognize additional values for the return type other than the values defined in JAXP. If you
want to return a different result type, for example a list of integers or a date, then it is probably best not to use this API;
if you must, however, then use one of the methods in which the result
type is unspecified. If any conversions are necessary, do them within the XPath expression itself, using casts
or constructor functions. The Java object that is returned will be a representation of the XPath value, 
converted in the same way as arguments to a extension functions.</p>
      </subpage>

      <subpage xml:id="saxon-additions"
               summary="Describes features of the Saxon implementation additional to the JAXP specification">
         <title>Additional Saxon methods</title>

         <p>Saxon's implementation of <code>XPathExpression</code> (namely <code>net.sf.saxon.xpath.XPathExpressionImpl</code>)
 provides additional methods for evaluating the XPath expression. In particular the <code>rawIterator()</code>
method with no arguments returns a Saxon <code>SequenceIterator</code> which allows the application to process
the results of any XPath expression, with no conversion: all values will be represented using a native Saxon class,
for example a node will be represented as a <code>NodeInfo</code> and a QName as a <code>QNameValue</code>.
The <code>NodeInfo</code> interface is described in the next section.</p>

         <p>You can call methods directly on the <code>NodeInfo</code> object to get information about a node: for
example <code>getDisplayName()</code> gets the name of the node in a form suitable for display, and
<code>getStringValue()</code> gets the string value of the node, as defined in the XPath data model. You
can also use the node as the context node for evaluation of subsequent expressions.</p>
      </subpage>

      <subpage xml:id="jaxp-xpath-extension-functions"
               summary="Describes how to call out from XPath expressions to Java code">
         <title>Calling JAXP XPath extension functions</title>

         <p>The JAXP XPath interface includes an interface <code>FunctionResolver</code> which can be used to
  bind a function call appearing in the XPath expression to a user-written Java implementation of the
  interface <code>java.xml.xpath.XPathFunction</code>. The form in which parameters are passed to such a function,
  and the form in which it returns its results, are not precisely defined in the JAXP specification, so this
  section fills the gap. Note that the calling conventions are likely to differ from those used by other products.</p>

         <p>The extension function is called by invoking the method <code>XPathFunction.evaluate()</code>, which takes a list
  of arguments, and returns the function result.</p>

         <p>The arguments are therefore supplied as a list. Each item in this list represents one argument. The argument value
  is represented as follows:</p>
         <ol>
            <li content="para">if the value of the argument is a singleton item, it will be passed as
the "natural Java equivalent" of the item's type. For example, a double
will be passed as an instance of java.lang.Double, a string as an instance
of java.lang.String. An untyped atomic value is treated as a string. An
xs:integer (even if it belongs to a subtype such as xs:short) is converted
to a java.lang.BigInteger. The more specialized XML Schema primitive types
such as xs:hexBinary and xs:duration are passed in their native Saxon
representation (a subclass of net.sf.saxon.value.AtomicValue). A node will
be passed as an instance of net.sf.saxon.NodeInfo, unless it wraps a
foreign node (e.g. a DOM or JDOM node) in which case the foreign node is
passed.</li>
            <li content="para">if the value is a sequence of any length other than one (including
zero), then the value that is passed is a List, where each item in the list
is converted as described in rule (1).</li>
         </ol>

         <p>If the return value conforms to the above conventions, then it will be
accepted. However Saxon will also accept a wide range of other return
values, including of course a <code>List</code> containing one item.</p>
      </subpage>
   </page>

   <page xml:id="nodeinfo">
      <title>The NodeInfo interface</title>

      <p>The <b>NodeInfo</b> object represents a node of an XML document. It has a subclass <code>DocumentInfo</code> to
represent the root node, but all other nodes are represented by <code>NodeInfo</code> itself. These follow the
XPath data model closely.</p>

      <p><i>In earlier releases, <code>NodeInfo</code> extended the DOM interface <code>Node</code>. This is no longer the case;
it has been changed to make it easier to integrate Saxon with other XML tree representations such as JDOM.
Until Saxon 8.2, the main Saxon implementations of the <code>NodeInfo</code> interface continued to also 
implement the DOM <code>Node</code> interface, but this is no longer the case from Saxon 8.3 onwards:
it has been changed because the DOM interface was becoming increasingly unwieldy, and in particular
because it is incompatible between JDK 1.4 and JDK 1.5. Instead, a new class <code>NodeOverNodeInfo</code>
is provided, which presents a DOM view of a Saxon node.</i></p>

      <p>The <code>NodeInfo</code> object provides the application with
information about the node. The most commonly used methods include:</p>
      <table>
         <tr>
            <td content="para">getNodeKind()</td>
            <td content="para">gets a short identifying the node type (for example, element or attribute). The values are
     consistent with those used in the DOM, and are referenced by constants in the class
     <code>net.sf.saxon.value.Type</code>
            </td>
         </tr>
         <tr>
            <td content="para">getDisplayName(), getLocalPart(), getPrefix(), getURI()</td>
            <td content="para">These methods get the name of the element, or its various parts. The getDisplayName()
    method returns the QName as used in the original source XML.</td>
         </tr>
         <tr>
            <td content="para">getAttributeValue()</td>
            <td content="para">get the value of a specified attribute, as a String.</td>
         </tr>
         <tr>
            <td content="para">getStringValue()</td>
            <td content="para">get the string value of a node, as defined in the XPath data model</td>
         </tr>
         <tr>
            <td content="para">getTypedValue()</td>
            <td content="para">get the typed value of a node, as defined in the XPath 2.0 data model. This is in general a sequence
    of atomic values, so the result is a <code>SequenceIterator</code>.</td>
         </tr>
         <tr>
            <td content="para">getParent()</td>
            <td content="para">get the <code>NodeInfo</code> representing the parent element, (which will be a <code>DocumentInfo</code> object
     if this is the outermost element).</td>
         </tr>
         <tr>
            <td content="para">iterateAxis()</td>
            <td content="para">returns an SequenceIterator object that can be used to iterate over the nodes on any of the
    XPath axes. The first argument is an integer identifying the axis; the second is a <code>NodeTest</code> (a
    simple form of pattern) which can be used to filter the nodes on the axis. Supply <code>null</code>
    if you want all the nodes on the axis. (For most applications, it is probably simpler to navigate
    from a node by compiling an XPath expression, and executing it with the correct starting node as
    the context node).</td>
         </tr>
      </table>

      <p>For other methods, see the JavaDoc documentation.</p>

      <p>It is possible (though not easy) to provide your own implementation of the <code>NodeInfo</code> interface,
perhaps allowing Saxon queries to run directly against some non-XML data source. There are helper methods in the
<code>net.sf.saxon.om.Navigator</code> class that reduce the amount of code you need to write to achieve this.
See the implementations that map <code>NodeInfo</code> to DOM, DOM4J, JDOM or XOM to see how it is done.</p>
   </page>
</section>